date,open,high,low,close,tickvol,vol,spread,usd_open,usd_high,usd_low,usd_close,usd_adj_close,usd_volume,usd_dividends,usd_stock_splits,date_usd,gspc_open,gspc_high,gspc_low,gspc_close,gspc_adj_close,gspc_volume,gspc_dividends,gspc_stock_splits,date_gspc,oil_dcoilwtico,date_oil,fed_rate_type,fed_rate_pct,fed_1st_percentile_pct,fed_25th_percentile_pct,fed_75th_percentile_pct,fed_99th_percentile_pct,fed_volume_$billions,fed_target_rate_from_pct,fed_target_rate_to_pct,fed_intra_day___low_pct,fed_intra_day___high_pct,fed_standard_deviation_pct,fed_30_day_average_sofr,fed_90_day_average_sofr,fed_180_day_average_sofr,fed_sofr_index,fed_revision_indicator_y/n,fed_footnote_id,date_fed,cpi_cpiaucsl,date_cpi
2021-01-04,1904.13,1944.34,1902.51,1942.52,88810,0,23,89.93000030517578,89.94000244140625,89.41999816894531,89.87999725341797,89.87999725341797,0.0,0.0,0.0,2021-01-04,3764.610107421875,3769.989990234375,3662.7099609375,3700.64990234375,3700.64990234375,5015000000.0,0.0,0.0,2021-01-04,47.47,2021-01-04,EFFR,0.09,0.03,0.08,0.09,0.1,57.0,0.0,0.25,,,,,,,,,,2021-01-04,,
2021-01-05,1941.7,1952.98,1934.2,1949.67,80753,0,36,89.9000015258789,89.9000015258789,89.43000030517578,89.44000244140625,89.44000244140625,0.0,0.0,0.0,2021-01-05,3698.02001953125,3737.830078125,3695.070068359375,3726.860107421875,3726.860107421875,4591020000.0,0.0,0.0,2021-01-05,49.78,2021-01-05,EFFR,0.09,0.05,0.08,0.09,0.1,55.0,0.0,0.25,,,,,,,,,,2021-01-05,,
2021-01-06,1949.91,1959.32,1900.85,1918.72,102774,0,36,89.4800033569336,89.80000305175781,89.20999908447266,89.52999877929688,89.52999877929688,0.0,0.0,0.0,2021-01-06,3712.199951171875,3783.0400390625,3705.340087890625,3748.139892578125,3748.139892578125,6064110000.0,0.0,0.0,2021-01-06,50.45,2021-01-06,EFFR,0.09,0.05,0.08,0.09,0.1,56.0,0.0,0.25,,,,,,,,,,2021-01-06,,
2021-01-07,1918.76,1927.54,1906.96,1913.28,84943,0,36,89.31999969482422,89.97000122070312,89.31999969482422,89.83000183105469,89.83000183105469,0.0,0.0,0.0,2021-01-07,3764.7099609375,3811.550048828125,3764.7099609375,3803.7900390625,3803.7900390625,5099160000.0,0.0,0.0,2021-01-07,50.63,2021-01-07,EFFR,0.09,0.05,0.08,0.09,0.11,59.0,0.0,0.25,,,,,,,,,,2021-01-07,,
2021-01-08,1914.21,1917.37,1828.16,1848.74,103038,0,23,89.83000183105469,90.25,89.66000366210938,90.0999984741211,90.0999984741211,0.0,0.0,0.0,2021-01-08,3815.050048828125,3826.68994140625,3783.60009765625,3824.679931640625,3824.679931640625,4773040000.0,0.0,0.0,2021-01-08,52.14,2021-01-08,EFFR,0.09,0.04,0.08,0.09,0.11,55.0,0.0,0.25,,,,,,,,,,2021-01-08,,
2021-01-11,1848.25,1856.56,1817.08,1843.24,98171,0,36,90.06999969482422,90.7300033569336,90.02999877929688,90.54000091552734,90.54000091552734,0.0,0.0,0.0,2021-01-11,3803.139892578125,3817.860107421875,3789.02001953125,3799.610107421875,3799.610107421875,4465430000.0,0.0,0.0,2021-01-11,52.15,2021-01-11,EFFR,0.09,0.05,0.08,0.09,0.11,55.0,0.0,0.25,,,,,,,,,,2021-01-11,,
2021-01-12,1844.42,1863.57,1837.29,1854.48,87439,0,36,90.5199966430664,90.62000274658205,90.02999877929688,90.05000305175781,90.05000305175781,0.0,0.0,0.0,2021-01-12,3801.6201171875,3810.780029296875,3776.510009765625,3801.18994140625,3801.18994140625,4994950000.0,0.0,0.0,2021-01-12,53.08,2021-01-12,EFFR,0.09,0.04,0.08,0.09,0.11,61.0,0.0,0.25,,,,,,,,,,2021-01-12,,
2021-01-13,1854.31,1862.86,1841.92,1844.8,76843,0,36,90.0,90.4499969482422,89.91999816894531,90.31999969482422,90.31999969482422,0.0,0.0,0.0,2021-01-13,3802.22998046875,3820.9599609375,3791.5,3809.840087890625,3809.840087890625,4602510000.0,0.0,0.0,2021-01-13,52.81,2021-01-13,EFFR,0.09,0.05,0.08,0.09,0.12,64.0,0.0,0.25,,,,,,,,,,2021-01-13,,
2021-01-14,1844.91,1857.4,1829.21,1845.89,84995,0,36,90.27999877929688,90.58000183105467,90.08000183105467,90.23999786376952,90.23999786376952,0.0,0.0,0.0,2021-01-14,3814.97998046875,3823.60009765625,3792.860107421875,3795.5400390625,3795.5400390625,5198480000.0,0.0,0.0,2021-01-14,53.47,2021-01-14,EFFR,0.09,0.05,0.08,0.09,0.11,64.0,0.0,0.25,,,,,,,,,,2021-01-14,,
2021-01-15,1846.06,1856.74,1823.2,1827.09,86689,0,23,90.22000122070312,90.8000030517578,90.22000122070312,90.77999877929688,90.77999877929688,0.0,0.0,0.0,2021-01-15,3788.72998046875,3788.72998046875,3749.6201171875,3768.25,3768.25,5369820000.0,0.0,0.0,2021-01-15,52.25,2021-01-15,EFFR,0.09,0.05,0.08,0.09,0.11,64.0,0.0,0.25,,,,,,,,,,2021-01-15,,
2021-01-18,1828.39,1840.67,1803.92,1837.52,57887,0,36,,,,,,,,,,,,,,,,,,,,2021-01-18,,,,,,,,,,,,,,,,,,,,,
2021-01-19,1837.45,1845.41,1833.02,1839.94,74345,0,36,90.7300033569336,90.76000213623048,90.4000015258789,90.5,90.5,0.0,0.0,0.0,2021-01-19,3781.8798828125,3804.530029296875,3780.3701171875,3798.909912109375,3798.909912109375,5014440000.0,0.0,0.0,2021-01-19,52.87,2021-01-19,EFFR,0.09,0.05,0.08,0.09,0.12,61.0,0.0,0.25,,,,,,,,,,2021-01-19,,
2021-01-20,1839.41,1871.56,1832.5,1871.22,84606,0,36,90.41000366210938,90.6999969482422,90.27999877929688,90.47000122070312,90.47000122070312,0.0,0.0,0.0,2021-01-20,3816.219970703125,3859.75,3816.219970703125,3851.85009765625,3851.85009765625,4566190000.0,0.0,0.0,2021-01-20,53.16,2021-01-20,EFFR,0.09,0.05,0.08,0.09,0.12,72.0,0.0,0.25,,,,,,,,,,2021-01-20,,
2021-01-21,1870.64,1874.97,1858.32,1869.51,78296,0,36,90.41999816894533,90.4499969482422,90.05000305175781,90.12999725341795,90.12999725341795,0.0,0.0,0.0,2021-01-21,3857.4599609375,3861.449951171875,3845.050048828125,3853.070068359375,3853.070068359375,4501760000.0,0.0,0.0,2021-01-21,53.0,2021-01-21,EFFR,0.08,0.05,0.08,0.09,0.12,74.0,0.0,0.25,,,,,,,,,,2021-01-21,,
2021-01-22,1869.54,1870.65,1837.21,1855.81,88433,0,24,90.05000305175781,90.30999755859376,90.05000305175781,90.23999786376952,90.23999786376952,0.0,0.0,0.0,2021-01-22,3844.239990234375,3852.31005859375,3830.409912109375,3841.469970703125,3841.469970703125,5110890000.0,0.0,0.0,2021-01-22,52.28,2021-01-22,EFFR,0.08,0.05,0.08,0.09,0.11,70.0,0.0,0.25,,,,,,,,,,2021-01-22,,
2021-01-25,1854.1,1867.69,1847.06,1855.85,86581,0,36,90.2300033569336,90.5199966430664,90.08000183105467,90.38999938964844,90.38999938964844,0.0,0.0,0.0,2021-01-25,3851.679931640625,3859.22998046875,3797.159912109375,3855.360107421875,3855.360107421875,7000840000.0,0.0,0.0,2021-01-25,52.78,2021-01-25,EFFR,0.08,0.05,0.08,0.09,0.11,74.0,0.0,0.25,,,,,,,,,,2021-01-25,,
2021-01-26,1855.09,1861.62,1848.3,1850.47,76366,0,36,90.38999938964844,90.61000061035156,90.12000274658205,90.16999816894533,90.16999816894533,0.0,0.0,0.0,2021-01-26,3862.9599609375,3870.89990234375,3847.780029296875,3849.6201171875,3849.6201171875,6137500000.0,0.0,0.0,2021-01-26,52.61,2021-01-26,EFFR,0.08,0.05,0.08,0.08,0.1,74.0,0.0,0.25,,,,,,,,,,2021-01-26,,
2021-01-27,1850.27,1853.07,1831.37,1844.07,88170,0,36,90.1500015258789,90.87999725341795,90.1500015258789,90.6500015258789,90.6500015258789,0.0,0.0,0.0,2021-01-27,3836.830078125,3836.830078125,3732.47998046875,3750.77001953125,3750.77001953125,9976520000.0,0.0,0.0,2021-01-27,52.81,2021-01-27,EFFR,0.08,0.04,0.07,0.08,0.11,71.0,0.0,0.25,,,,,,,,,,2021-01-27,,
2021-01-28,1843.67,1863.82,1833.94,1842.26,101973,0,36,90.7300033569336,90.86000061035156,90.41000366210938,90.45999908447266,90.45999908447266,0.0,0.0,0.0,2021-01-28,3755.75,3830.5,3755.75,3787.3798828125,3787.3798828125,6992770000.0,0.0,0.0,2021-01-28,52.26,2021-01-28,EFFR,0.07,0.05,0.07,0.08,0.11,67.0,0.0,0.25,,,,,,,,,,2021-01-28,,
2021-01-29,1841.31,1875.58,1839.46,1848.35,111661,0,28,90.55999755859376,90.77999877929688,90.36000061035156,90.58000183105467,90.58000183105467,0.0,0.0,0.0,2021-01-29,3778.050048828125,3778.050048828125,3694.1201171875,3714.239990234375,3714.239990234375,6643370000.0,0.0,0.0,2021-01-29,52.16,2021-01-29,EFFR,0.07,0.03,0.07,0.08,0.11,62.0,0.0,0.25,,,,,,,,,,2021-01-29,,
2021-02-01,1862.93,1871.64,1848.9,1860.5,120824,0,36,90.52999877929688,91.05999755859376,90.5,91.0199966430664,91.0199966430664,0.0,0.0,0.0,2021-02-01,3731.169921875,3784.320068359375,3725.6201171875,3773.860107421875,3773.860107421875,5436230000.0,0.0,0.0,2021-02-01,53.55,2021-02-01,EFFR,0.08,0.05,0.07,0.08,0.11,64.0,0.0,0.25,,,,,,,,,,2021-02-01,263.579,2021-02-01
2021-02-02,1860.09,1863.97,1829.45,1837.89,106618,0,36,91.0,91.29000091552734,90.8000030517578,91.1999969482422,91.1999969482422,0.0,0.0,0.0,2021-02-02,3791.840087890625,3843.090087890625,3791.840087890625,3826.31005859375,3826.31005859375,5514090000.0,0.0,0.0,2021-02-02,54.77,2021-02-02,EFFR,0.08,0.05,0.08,0.08,0.11,67.0,0.0,0.25,,,,,,,,,,2021-02-02,,
2021-02-03,1837.51,1844.78,1829.69,1833.96,82781,0,36,91.0500030517578,91.30999755859376,90.98999786376952,91.12000274658205,91.12000274658205,0.0,0.0,0.0,2021-02-03,3840.27001953125,3847.510009765625,3816.679931640625,3830.169921875,3830.169921875,4864870000.0,0.0,0.0,2021-02-03,55.67,2021-02-03,EFFR,0.08,0.05,0.08,0.08,0.11,67.0,0.0,0.25,,,,,,,,,,2021-02-03,,
2021-02-04,1833.35,1834.62,1785.06,1793.76,95367,0,36,91.08999633789062,91.58000183105467,91.08999633789062,91.52999877929688,91.52999877929688,0.0,0.0,0.0,2021-02-04,3836.659912109375,3872.419921875,3836.659912109375,3871.739990234375,3871.739990234375,4879240000.0,0.0,0.0,2021-02-04,56.19,2021-02-04,EFFR,0.08,0.05,0.08,0.08,0.11,69.0,0.0,0.25,,,,,,,,,,2021-02-04,,
2021-02-05,1794.13,1814.98,1791.94,1813.69,82359,0,36,91.48999786376952,91.5999984741211,90.9800033569336,91.04000091552734,91.04000091552734,0.0,0.0,0.0,2021-02-05,3878.300048828125,3894.56005859375,3874.929931640625,3886.830078125,3886.830078125,4879470000.0,0.0,0.0,2021-02-05,56.8,2021-02-05,EFFR,0.08,0.05,0.07,0.08,0.1,72.0,0.0,0.25,,,,,,,,,,2021-02-05,,
2021-02-08,1817.04,1839.0,1807.7,1830.43,78284,0,36,91.0,91.23999786376952,90.9000015258789,90.93000030517578,90.93000030517578,0.0,0.0,0.0,2021-02-08,3892.590087890625,3915.77001953125,3892.590087890625,3915.590087890625,3915.590087890625,4648360000.0,0.0,0.0,2021-02-08,57.95,2021-02-08,EFFR,0.07,0.05,0.07,0.08,0.1,72.0,0.0,0.25,,,,,,,,,,2021-02-08,,
2021-02-09,1829.87,1848.57,1828.7,1838.36,82789,0,35,90.91000366210938,90.93000030517578,90.43000030517578,90.44000244140624,90.44000244140624,0.0,0.0,0.0,2021-02-09,3910.489990234375,3918.35009765625,3902.639892578125,3911.22998046875,3911.22998046875,4568320000.0,0.0,0.0,2021-02-09,58.34,2021-02-09,EFFR,0.08,0.05,0.07,0.08,0.1,73.0,0.0,0.25,,,,,,,,,,2021-02-09,,
2021-02-10,1837.47,1855.35,1833.96,1843.12,81809,0,35,90.48999786376952,90.52999877929688,90.25,90.37000274658205,90.37000274658205,0.0,0.0,0.0,2021-02-10,3920.780029296875,3931.5,3884.93994140625,3909.8798828125,3909.8798828125,4837070000.0,0.0,0.0,2021-02-10,58.69,2021-02-10,EFFR,0.08,0.05,0.07,0.08,0.1,68.0,0.0,0.25,,,,,,,,,,2021-02-10,,
2021-02-11,1842.68,1847.29,1820.97,1825.43,72379,0,35,90.45999908447266,90.47000122070312,90.26000213623048,90.41999816894533,90.41999816894533,0.0,0.0,0.0,2021-02-11,3916.39990234375,3925.989990234375,3890.389892578125,3916.3798828125,3916.3798828125,4590960000.0,0.0,0.0,2021-02-11,58.22,2021-02-11,EFFR,0.08,0.05,0.07,0.08,0.1,67.0,0.0,0.25,,,,,,,,,,2021-02-11,,
2021-02-12,1825.17,1830.74,1810.42,1824.29,72289,0,25,90.41000366210938,90.73999786376952,90.37999725341795,90.4800033569336,90.4800033569336,0.0,0.0,0.0,2021-02-12,3911.64990234375,3937.22998046875,3905.780029296875,3934.830078125,3934.830078125,4135060000.0,0.0,0.0,2021-02-12,59.5,2021-02-12,EFFR,0.08,0.05,0.07,0.08,0.11,63.0,0.0,0.25,,,,,,,,,,2021-02-12,,
2021-02-15,1825.17,1826.93,1815.86,1818.35,47530,0,35,,,,,,,,,,,,,,,,,,,,2021-02-15,,,,,,,,,,,,,,,,,,,,,
2021-02-16,1819.02,1826.34,1789.31,1794.27,89043,0,35,90.29000091552734,90.63999938964844,90.12000274658205,90.51000213623048,90.51000213623048,0.0,0.0,0.0,2021-02-16,3939.610107421875,3950.429931640625,3923.85009765625,3932.590087890625,3932.590087890625,5058990000.0,0.0,0.0,2021-02-16,60.07,2021-02-16,EFFR,0.08,0.05,0.07,0.08,0.11,65.0,0.0,0.25,,,,,,,,,,2021-02-16,,
2021-02-17,1793.77,1795.05,1769.41,1776.04,100322,0,35,90.70999908447266,91.05999755859376,90.62000274658205,90.9499969482422,90.9499969482422,0.0,0.0,0.0,2021-02-17,3918.5,3933.610107421875,3900.429931640625,3931.330078125,3931.330078125,4730650000.0,0.0,0.0,2021-02-17,61.09,2021-02-17,EFFR,0.08,0.05,0.07,0.08,0.1,66.0,0.0,0.25,,,,,,,,,,2021-02-17,,
2021-02-18,1776.89,1789.44,1768.3,1775.69,112517,0,35,90.9000015258789,90.9800033569336,90.54000091552734,90.58999633789062,90.58999633789062,0.0,0.0,0.0,2021-02-18,3915.860107421875,3921.97998046875,3885.030029296875,3913.969970703125,3913.969970703125,4793650000.0,0.0,0.0,2021-02-18,60.4,2021-02-18,EFFR,0.07,0.05,0.07,0.08,0.1,73.0,0.0,0.25,,,,,,,,,,2021-02-18,,
2021-02-19,1775.41,1791.5,1760.52,1783.29,116350,0,23,90.56999969482422,90.6500015258789,90.18000030517578,90.36000061035156,90.36000061035156,0.0,0.0,0.0,2021-02-19,3921.159912109375,3930.409912109375,3903.070068359375,3906.7099609375,3906.7099609375,4845320000.0,0.0,0.0,2021-02-19,59.12,2021-02-19,EFFR,0.07,0.05,0.07,0.08,0.1,71.0,0.0,0.25,,,,,,,,,,2021-02-19,,
2021-02-22,1781.19,1812.66,1780.61,1809.59,121462,0,35,90.33999633789062,90.58000183105467,90.0,90.01000213623047,90.01000213623047,0.0,0.0,0.0,2021-02-22,3885.550048828125,3902.919921875,3874.7099609375,3876.5,3876.5,5917100000.0,0.0,0.0,2021-02-22,61.67,2021-02-22,EFFR,0.07,0.05,0.07,0.08,0.1,70.0,0.0,0.25,,,,,,,,,,2021-02-22,,
2021-02-23,1809.52,1815.89,1795.56,1805.51,114523,0,35,90.0199966430664,90.26000213623048,89.94000244140625,90.16999816894533,90.16999816894533,0.0,0.0,0.0,2021-02-23,3857.070068359375,3895.97998046875,3805.590087890625,3881.3701171875,3881.3701171875,6296610000.0,0.0,0.0,2021-02-23,61.66,2021-02-23,EFFR,0.07,0.05,0.07,0.08,0.1,70.0,0.0,0.25,,,,,,,,,,2021-02-23,,
2021-02-24,1804.96,1813.68,1783.42,1804.71,113848,0,35,90.0999984741211,90.43000030517578,89.9800033569336,90.18000030517578,90.18000030517578,0.0,0.0,0.0,2021-02-24,3873.7099609375,3928.64990234375,3859.60009765625,3925.429931640625,3925.429931640625,6012790000.0,0.0,0.0,2021-02-24,63.21,2021-02-24,EFFR,0.07,0.05,0.07,0.08,0.11,70.0,0.0,0.25,,,,,,,,,,2021-02-24,,
2021-02-25,1805.08,1805.13,1765.48,1769.94,136168,0,35,90.06999969482422,90.29000091552734,89.68000030517578,90.12999725341795,90.12999725341795,0.0,0.0,0.0,2021-02-25,3915.800048828125,3925.02001953125,3814.0400390625,3829.340087890625,3829.340087890625,6547470000.0,0.0,0.0,2021-02-25,63.43,2021-02-25,EFFR,0.07,0.05,0.07,0.08,0.1,77.0,0.0,0.25,,,,,,,,,,2021-02-25,,
2021-02-26,1770.55,1775.69,1717.0,1734.1,147092,0,30,90.36000061035156,90.97000122070312,90.12999725341795,90.93000030517578,90.93000030517578,0.0,0.0,0.0,2021-02-26,3839.659912109375,3861.080078125,3789.5400390625,3811.14990234375,3811.14990234375,6526070000.0,0.0,0.0,2021-02-26,61.55,2021-02-26,EFFR,0.07,0.03,0.07,0.08,0.1,71.0,0.0,0.25,,,,,,,,,,2021-02-26,,
2021-03-01,1733.69,1759.86,1719.54,1724.44,118908,0,23,90.93000030517578,91.13999938964844,90.69000244140624,91.04000091552734,91.04000091552734,0.0,0.0,0.0,2021-03-01,3842.510009765625,3914.5,3842.510009765625,3901.820068359375,3901.820068359375,5114820000.0,0.0,0.0,2021-03-01,60.54,2021-03-01,EFFR,0.07,0.05,0.07,0.08,0.1,68.0,0.0,0.25,,,,,,,,,,2021-03-01,264.961,2021-03-01
2021-03-02,1724.65,1739.03,1707.15,1738.05,121082,0,35,91.02999877929688,91.38999938964844,90.7300033569336,90.79000091552734,90.79000091552734,0.0,0.0,0.0,2021-03-02,3903.639892578125,3906.409912109375,3868.570068359375,3870.2900390625,3870.2900390625,5536010000.0,0.0,0.0,2021-03-02,59.7,2021-03-02,EFFR,0.07,0.05,0.07,0.08,0.1,68.0,0.0,0.25,,,,,,,,,,2021-03-02,,
2021-03-03,1737.56,1740.42,1701.73,1710.71,113363,0,35,90.79000091552734,91.05999755859376,90.62999725341795,90.9499969482422,90.9499969482422,0.0,0.0,0.0,2021-03-03,3863.989990234375,3874.469970703125,3818.860107421875,3819.719970703125,3819.719970703125,6173660000.0,0.0,0.0,2021-03-03,61.33,2021-03-03,EFFR,0.07,0.05,0.07,0.08,0.1,68.0,0.0,0.25,,,,,,,,,,2021-03-03,,
2021-03-04,1709.97,1723.14,1690.45,1697.4,131071,0,35,91.01000213623048,91.66999816894533,90.97000122070312,91.62999725341795,91.62999725341795,0.0,0.0,0.0,2021-03-04,3818.530029296875,3843.669921875,3723.340087890625,3768.469970703125,3768.469970703125,7195400000.0,0.0,0.0,2021-03-04,63.81,2021-03-04,EFFR,0.07,0.05,0.07,0.08,0.1,69.0,0.0,0.25,,,,,,,,,,2021-03-04,,
2021-03-05,1697.0,1707.64,1687.22,1700.63,122588,0,23,91.66000366210938,92.19000244140624,91.62000274658205,91.9800033569336,91.9800033569336,0.0,0.0,0.0,2021-03-05,3793.580078125,3851.68994140625,3730.18994140625,3841.93994140625,3841.93994140625,6851070000.0,0.0,0.0,2021-03-05,66.08,2021-03-05,EFFR,0.07,0.05,0.07,0.08,0.1,69.0,0.0,0.25,,,,,,,,,,2021-03-05,,
2021-03-08,1702.76,1714.13,1676.65,1683.22,120173,0,35,91.98999786376952,92.41999816894533,91.83999633789062,92.30999755859376,92.30999755859376,0.0,0.0,0.0,2021-03-08,3844.389892578125,3881.06005859375,3819.25,3821.35009765625,3821.35009765625,5871710000.0,0.0,0.0,2021-03-08,65.03,2021-03-08,EFFR,0.07,0.05,0.07,0.08,0.1,66.0,0.0,0.25,,,,,,,,,,2021-03-08,,
2021-03-09,1682.86,1720.63,1680.08,1715.66,108718,0,35,92.45999908447266,92.5,91.91000366210938,91.95999908447266,91.95999908447266,0.0,0.0,0.0,2021-03-09,3851.929931640625,3903.760009765625,3851.929931640625,3875.43994140625,3875.43994140625,5513560000.0,0.0,0.0,2021-03-09,64.02,2021-03-09,EFFR,0.07,0.05,0.07,0.08,0.1,69.0,0.0,0.25,,,,,,,,,,2021-03-09,,
2021-03-10,1715.77,1726.7,1708.07,1726.54,104329,0,35,92.0500030517578,92.23999786376952,91.7699966430664,91.79000091552734,91.79000091552734,0.0,0.0,0.0,2021-03-10,3891.989990234375,3917.35009765625,3885.72998046875,3898.81005859375,3898.81005859375,5847380000.0,0.0,0.0,2021-03-10,64.45,2021-03-10,EFFR,0.07,0.05,0.07,0.08,0.1,66.0,0.0,0.25,,,,,,,,,,2021-03-10,,
2021-03-11,1726.18,1739.86,1719.11,1722.51,104201,0,35,91.79000091552734,91.87999725341795,91.37000274658205,91.41999816894533,91.41999816894533,0.0,0.0,0.0,2021-03-11,3915.5400390625,3960.27001953125,3915.5400390625,3939.340087890625,3939.340087890625,5312880000.0,0.0,0.0,2021-03-11,66.02,2021-03-11,EFFR,0.07,0.04,0.07,0.08,0.1,67.0,0.0,0.25,,,,,,,,,,2021-03-11,,
2021-03-12,1721.96,1728.83,1699.07,1726.73,106561,0,32,91.43000030517578,91.95999908447266,91.4000015258789,91.68000030517578,91.68000030517578,0.0,0.0,0.0,2021-03-12,3924.52001953125,3944.989990234375,3915.2099609375,3943.340087890625,3943.340087890625,4476280000.0,0.0,0.0,2021-03-12,65.59,2021-03-12,EFFR,0.07,0.05,0.07,0.08,0.1,63.0,0.0,0.25,,,,,,,,,,2021-03-12,,
2021-03-15,1726.2,1734.48,1721.57,1731.51,92288,0,35,91.66000366210938,91.97000122070312,91.54000091552734,91.83000183105467,91.83000183105467,0.0,0.0,0.0,2021-03-15,3942.9599609375,3970.080078125,3923.5400390625,3968.93994140625,3968.93994140625,4900100000.0,0.0,0.0,2021-03-15,65.36,2021-03-15,EFFR,0.07,0.05,0.07,0.08,0.1,70.0,0.0,0.25,,,,,,,,,,2021-03-15,,
2021-03-16,1731.1,1740.97,1726.01,1731.38,88523,0,35,91.83000183105467,92.02999877929688,91.68000030517578,91.87000274658205,91.87000274658205,0.0,0.0,0.0,2021-03-16,3973.590087890625,3981.0400390625,3953.43994140625,3962.7099609375,3962.7099609375,4613080000.0,0.0,0.0,2021-03-16,64.82,2021-03-16,EFFR,0.07,0.05,0.07,0.08,0.1,69.0,0.0,0.25,,,,,,,,,,2021-03-16,,
2021-03-17,1731.26,1751.54,1724.01,1744.97,94216,0,35,91.86000061035156,92.0,91.37000274658205,91.4000015258789,91.4000015258789,0.0,0.0,0.0,2021-03-17,3949.570068359375,3983.8701171875,3935.739990234375,3974.1201171875,3974.1201171875,4561660000.0,0.0,0.0,2021-03-17,64.55,2021-03-17,EFFR,0.07,0.05,0.07,0.08,0.1,72.0,0.0,0.25,,,,,,,,,,2021-03-17,,
2021-03-18,1744.4,1755.43,1719.31,1736.4,110697,0,35,91.4000015258789,91.9000015258789,91.3000030517578,91.8499984741211,91.8499984741211,0.0,0.0,0.0,2021-03-18,3953.5,3969.6201171875,3910.860107421875,3915.4599609375,3915.4599609375,5118590000.0,0.0,0.0,2021-03-18,59.95,2021-03-18,EFFR,0.07,0.05,0.07,0.08,0.1,75.0,0.0,0.25,,,,,,,,,,2021-03-18,,
2021-03-19,1735.2,1746.73,1728.4,1744.78,97929,0,35,91.83000183105467,92.16999816894533,91.66000366210938,91.91999816894533,91.91999816894533,0.0,0.0,0.0,2021-03-19,3913.139892578125,3930.1201171875,3886.75,3913.10009765625,3913.10009765625,7757420000.0,0.0,0.0,2021-03-19,61.43,2021-03-19,EFFR,0.07,0.05,0.07,0.08,0.1,72.0,0.0,0.25,,,,,,,,,,2021-03-19,,
2021-03-22,1745.71,1746.88,1727.37,1738.78,88556,0,35,91.73999786376952,92.1500015258789,91.70999908447266,91.8000030517578,91.8000030517578,0.0,0.0,0.0,2021-03-22,3916.47998046875,3955.31005859375,3914.159912109375,3940.590087890625,3940.590087890625,4316260000.0,0.0,0.0,2021-03-22,61.48,2021-03-22,EFFR,0.07,0.05,0.07,0.08,0.13,68.0,0.0,0.25,,,,,,,,,,2021-03-22,,
2021-03-23,1738.61,1742.44,1724.47,1726.77,90149,0,35,91.8000030517578,92.4000015258789,91.76000213623048,92.33999633789062,92.33999633789062,0.0,0.0,0.0,2021-03-23,3937.60009765625,3949.1298828125,3901.570068359375,3910.52001953125,3910.52001953125,4669010000.0,0.0,0.0,2021-03-23,57.75,2021-03-23,EFFR,0.07,0.05,0.07,0.08,0.1,71.0,0.0,0.25,,,,,,,,,,2021-03-23,,
2021-03-24,1727.08,1738.17,1723.91,1734.1,83496,0,35,92.38999938964844,92.61000061035156,92.33999633789062,92.52999877929688,92.52999877929688,0.0,0.0,0.0,2021-03-24,3919.929931640625,3942.080078125,3889.070068359375,3889.139892578125,3889.139892578125,4783020000.0,0.0,0.0,2021-03-24,61.12,2021-03-24,EFFR,0.07,0.05,0.07,0.08,0.1,70.0,0.0,0.25,,,,,,,,,,2021-03-24,,
2021-03-25,1734.11,1745.21,1721.7,1726.58,89360,0,35,92.5999984741211,92.91999816894533,92.51000213623048,92.87999725341795,92.87999725341795,0.0,0.0,0.0,2021-03-25,3879.340087890625,3919.5400390625,3853.5,3909.52001953125,3909.52001953125,4948340000.0,0.0,0.0,2021-03-25,58.47,2021-03-25,EFFR,0.07,0.05,0.07,0.08,0.1,79.0,0.0,0.25,,,,,,,,,,2021-03-25,,
2021-03-26,1726.29,1736.63,1721.62,1732.25,78751,0,35,92.80999755859376,92.87000274658205,92.6500015258789,92.7699966430664,92.7699966430664,0.0,0.0,0.0,2021-03-26,3917.1201171875,3978.18994140625,3917.1201171875,3974.5400390625,3974.5400390625,5483160000.0,0.0,0.0,2021-03-26,60.93,2021-03-26,EFFR,0.07,0.05,0.07,0.08,0.1,75.0,0.0,0.25,,,,,,,,,,2021-03-26,,
2021-03-29,1731.62,1733.07,1705.77,1711.83,76127,0,35,92.72000122070312,92.95999908447266,92.72000122070312,92.94000244140624,92.94000244140624,0.0,0.0,0.0,2021-03-29,3969.31005859375,3981.830078125,3943.25,3971.090087890625,3971.090087890625,4628180000.0,0.0,0.0,2021-03-29,61.49,2021-03-29,EFFR,0.07,0.05,0.07,0.08,0.1,74.0,0.0,0.25,,,,,,,,,,2021-03-29,,
2021-03-30,1712.09,1714.28,1678.63,1684.75,92412,0,35,92.91000366210938,93.3499984741211,92.87999725341795,93.3000030517578,93.3000030517578,0.0,0.0,0.0,2021-03-30,3963.340087890625,3968.010009765625,3944.35009765625,3958.550048828125,3958.550048828125,4121510000.0,0.0,0.0,2021-03-30,60.55,2021-03-30,EFFR,0.07,0.05,0.06,0.08,0.1,76.0,0.0,0.25,,,,,,,,,,2021-03-30,,
2021-03-31,1685.16,1715.2,1677.82,1707.25,90823,0,35,93.23999786376952,93.44000244140624,92.98999786376952,93.2300033569336,93.2300033569336,0.0,0.0,0.0,2021-03-31,3967.25,3994.409912109375,3966.97998046875,3972.889892578125,3972.889892578125,4578050000.0,0.0,0.0,2021-03-31,59.19,2021-03-31,EFFR,0.06,0.02,0.05,0.07,0.1,56.0,0.0,0.25,,,,,,,,,,2021-03-31,,
2021-04-01,1707.43,1730.39,1705.68,1729.57,77823,0,35,93.22000122070312,93.33999633789062,92.87999725341795,92.93000030517578,92.93000030517578,0.0,0.0,0.0,2021-04-01,3992.780029296875,4020.6298828125,3992.780029296875,4019.8701171875,4019.8701171875,4162130000.0,0.0,0.0,2021-04-01,61.41,2021-04-01,EFFR,0.07,0.05,0.06,0.08,0.1,72.0,0.0,0.25,,,,,,,,,,2021-04-01,266.614,2021-04-01
2021-04-05,1727.71,1733.46,1721.3,1728.11,60216,0,35,93.01000213623048,93.11000061035156,92.54000091552734,92.5999984741211,92.5999984741211,0.0,0.0,0.0,2021-04-05,4034.43994140625,4083.419921875,4034.43994140625,4077.909912109375,4077.909912109375,4005030000.0,0.0,0.0,2021-04-05,58.73,2021-04-05,EFFR,0.07,0.05,0.06,0.08,0.1,73.0,0.0,0.25,,,,,,,,,,2021-04-05,,
2021-04-06,1727.3,1745.33,1727.09,1743.24,76710,0,35,92.56999969482422,92.79000091552734,92.2699966430664,92.33999633789062,92.33999633789062,0.0,0.0,0.0,2021-04-06,4075.570068359375,4086.22998046875,4068.139892578125,4073.93994140625,4073.93994140625,4081270000.0,0.0,0.0,2021-04-06,59.34,2021-04-06,EFFR,0.07,0.05,0.06,0.08,0.1,74.0,0.0,0.25,,,,,,,,,,2021-04-06,,
2021-04-07,1742.75,1744.23,1730.59,1737.49,69859,0,35,92.31999969482422,92.5,92.13999938964844,92.45999908447266,92.45999908447266,0.0,0.0,0.0,2021-04-07,4074.2900390625,4083.1298828125,4068.31005859375,4079.949951171875,4079.949951171875,4120810000.0,0.0,0.0,2021-04-07,59.77,2021-04-07,EFFR,0.07,0.05,0.06,0.08,0.1,73.0,0.0,0.25,,,,,,,,,,2021-04-07,,
2021-04-08,1737.16,1758.65,1733.07,1755.35,66878,0,35,92.41999816894533,92.4800033569336,92.0,92.05999755859376,92.05999755859376,0.0,0.0,0.0,2021-04-08,4089.949951171875,4098.18994140625,4082.5400390625,4097.169921875,4097.169921875,3907100000.0,0.0,0.0,2021-04-08,59.61,2021-04-08,EFFR,0.07,0.04,0.06,0.08,0.1,75.0,0.0,0.25,,,,,,,,,,2021-04-08,,
2021-04-09,1755.36,1757.26,1731.05,1743.73,78965,0,23,92.06999969482422,92.41000366210938,92.02999877929688,92.16000366210938,92.16000366210938,0.0,0.0,0.0,2021-04-09,4096.10986328125,4129.47998046875,4095.510009765625,4128.7998046875,4128.7998046875,3640390000.0,0.0,0.0,2021-04-09,59.29,2021-04-09,EFFR,0.07,0.05,0.06,0.08,0.1,69.0,0.0,0.25,,,,,,,,,,2021-04-09,,
2021-04-12,1743.05,1744.86,1727.28,1732.67,85687,0,23,92.18000030517578,92.33000183105467,92.01000213623048,92.13999938964844,92.13999938964844,0.0,0.0,0.0,2021-04-12,4124.7099609375,4131.759765625,4114.81982421875,4127.990234375,4127.990234375,3588900000.0,0.0,0.0,2021-04-12,59.7,2021-04-12,EFFR,0.07,0.05,0.06,0.08,0.1,68.0,0.0,0.25,,,,,,,,,,2021-04-12,,
2021-04-13,1732.53,1748.82,1723.6,1745.05,98131,0,23,92.08000183105467,92.33000183105467,91.79000091552734,91.8499984741211,91.8499984741211,0.0,0.0,0.0,2021-04-13,4130.10009765625,4148.0,4124.43017578125,4141.58984375,4141.58984375,3734720000.0,0.0,0.0,2021-04-13,60.2,2021-04-13,EFFR,0.07,0.05,0.06,0.08,0.1,67.0,0.0,0.25,,,,,,,,,,2021-04-13,,
2021-04-14,1733.1,1749.23,1732.49,1736.2,90425,0,23,91.83000183105467,91.83000183105467,91.56999969482422,91.69000244140624,91.69000244140624,0.0,0.0,0.0,2021-04-14,4141.580078125,4151.68994140625,4120.8701171875,4124.66015625,4124.66015625,3985350000.0,0.0,0.0,2021-04-14,63.15,2021-04-14,EFFR,0.07,0.05,0.06,0.08,0.1,68.0,0.0,0.25,,,,,,,,,,2021-04-14,,
2021-04-15,1736.01,1769.56,1734.24,1763.26,101616,0,23,91.62999725341795,91.75,91.48999786376952,91.66999816894533,91.66999816894533,0.0,0.0,0.0,2021-04-15,4139.759765625,4173.490234375,4139.759765625,4170.419921875,4170.419921875,4033420000.0,0.0,0.0,2021-04-15,63.42,2021-04-15,EFFR,0.07,0.05,0.06,0.08,0.1,66.0,0.0,0.25,,,,,,,,,,2021-04-15,,
2021-04-16,1762.77,1783.68,1759.66,1776.81,97747,0,23,91.66000366210938,91.80999755859376,91.48999786376952,91.55999755859376,91.55999755859376,0.0,0.0,0.0,2021-04-16,4174.14013671875,4191.31005859375,4170.75,4185.47021484375,4185.47021484375,4163820000.0,0.0,0.0,2021-04-16,63.16,2021-04-16,EFFR,0.07,0.05,0.06,0.08,0.1,66.0,0.0,0.25,,,,,,,,,,2021-04-16,,
2021-04-19,1777.23,1789.96,1766.6,1771.31,103061,0,23,91.54000091552734,91.75,91.02999877929688,91.06999969482422,91.06999969482422,0.0,0.0,0.0,2021-04-19,4179.7998046875,4180.81005859375,4150.47021484375,4163.259765625,4163.259765625,3810290000.0,0.0,0.0,2021-04-19,63.33,2021-04-19,EFFR,0.07,0.05,0.06,0.08,0.1,65.0,0.0,0.25,,,,,,,,,,2021-04-19,,
2021-04-20,1771.06,1780.31,1763.53,1778.61,99551,0,23,91.0500030517578,91.27999877929688,90.86000061035156,91.23999786376952,91.23999786376952,0.0,0.0,0.0,2021-04-20,4159.18017578125,4159.18017578125,4118.3798828125,4134.93994140625,4134.93994140625,4342650000.0,0.0,0.0,2021-04-20,62.61,2021-04-20,EFFR,0.07,0.05,0.06,0.08,0.1,70.0,0.0,0.25,,,,,,,,,,2021-04-20,,
2021-04-21,1778.61,1797.53,1776.12,1793.51,93240,0,23,91.20999908447266,91.43000030517578,91.08999633789062,91.16000366210938,91.16000366210938,0.0,0.0,0.0,2021-04-21,4128.419921875,4175.02001953125,4126.35009765625,4173.419921875,4173.419921875,3887250000.0,0.0,0.0,2021-04-21,61.34,2021-04-21,EFFR,0.07,0.05,0.06,0.08,0.1,72.0,0.0,0.25,,,,,,,,,,2021-04-21,,
2021-04-22,1792.82,1797.76,1777.33,1783.94,94289,0,23,91.11000061035156,91.41999816894533,91.0,91.33000183105467,91.33000183105467,0.0,0.0,0.0,2021-04-22,4170.4599609375,4179.56982421875,4123.68994140625,4134.97998046875,4134.97998046875,4245140000.0,0.0,0.0,2021-04-22,61.45,2021-04-22,EFFR,0.07,0.05,0.06,0.08,0.1,70.0,0.0,0.25,,,,,,,,,,2021-04-22,,
2021-04-23,1783.45,1795.8,1769.88,1776.67,98840,0,23,91.29000091552734,91.3000030517578,90.80999755859376,90.86000061035156,90.86000061035156,0.0,0.0,0.0,2021-04-23,4138.77978515625,4194.169921875,4138.77978515625,4180.169921875,4180.169921875,3569880000.0,0.0,0.0,2021-04-23,62.18,2021-04-23,EFFR,0.07,0.05,0.06,0.08,0.1,66.0,0.0,0.25,,,,,,,,,,2021-04-23,,
2021-04-26,1775.72,1783.49,1768.68,1781.16,96190,0,23,90.83000183105467,90.98999786376952,90.68000030517578,90.80999755859376,90.80999755859376,0.0,0.0,0.0,2021-04-26,4185.02978515625,4194.18994140625,4182.35986328125,4187.6201171875,4187.6201171875,3748320000.0,0.0,0.0,2021-04-26,62.02,2021-04-26,EFFR,0.07,0.05,0.06,0.07,0.1,72.0,0.0,0.25,,,,,,,,,,2021-04-26,,
2021-04-27,1781.16,1785.39,1773.58,1776.4,87190,0,23,90.87999725341795,91.06999969482422,90.80999755859376,90.91000366210938,90.91000366210938,0.0,0.0,0.0,2021-04-27,4188.25,4193.35009765625,4176.22021484375,4186.72021484375,4186.72021484375,3710700000.0,0.0,0.0,2021-04-27,63.03,2021-04-27,EFFR,0.07,0.05,0.06,0.08,0.1,65.0,0.0,0.25,,,,,,,,,,2021-04-27,,
2021-04-28,1776.12,1782.42,1762.54,1781.46,94152,0,23,90.9000015258789,91.12999725341795,90.5500030517578,90.61000061035156,90.61000061035156,0.0,0.0,0.0,2021-04-28,4185.14013671875,4201.52978515625,4181.77978515625,4183.18017578125,4183.18017578125,3787360000.0,0.0,0.0,2021-04-28,63.81,2021-04-28,EFFR,0.07,0.05,0.05,0.08,0.1,67.0,0.0,0.25,,,,,,,,,,2021-04-28,,
2021-04-29,1780.92,1789.85,1755.99,1771.73,92877,0,23,90.5500030517578,90.79000091552734,90.41999816894533,90.61000061035156,90.61000061035156,0.0,0.0,0.0,2021-04-29,4206.14013671875,4218.77978515625,4176.81005859375,4211.47021484375,4211.47021484375,4298680000.0,0.0,0.0,2021-04-29,65.0,2021-04-29,EFFR,0.06,0.04,0.05,0.08,0.1,72.0,0.0,0.25,,,,,,,,,,2021-04-29,,
2021-04-30,1771.77,1773.59,1764.12,1769.03,93321,0,23,90.62999725341795,91.31999969482422,90.58999633789062,91.27999877929688,91.27999877929688,0.0,0.0,0.0,2021-04-30,4198.10009765625,4198.10009765625,4174.85009765625,4181.169921875,4181.169921875,4300880000.0,0.0,0.0,2021-04-30,63.5,2021-04-30,EFFR,0.05,0.02,0.03,0.07,0.1,70.0,0.0,0.25,,,,,,,,,,2021-04-30,,
2021-05-03,1767.89,1797.79,1765.96,1792.77,82414,0,23,91.3000030517578,91.38999938964844,90.87000274658205,90.9499969482422,90.9499969482422,0.0,0.0,0.0,2021-05-03,4191.97998046875,4209.39013671875,4188.02978515625,4192.66015625,4192.66015625,4070220000.0,0.0,0.0,2021-05-03,64.46,2021-05-03,EFFR,0.06,0.04,0.05,0.07,0.13,74.0,0.0,0.25,,,,,,,,,,2021-05-03,,
2021-05-04,1792.67,1798.91,1770.65,1778.63,93485,0,23,91.0,91.4000015258789,90.98999786376952,91.29000091552734,91.29000091552734,0.0,0.0,0.0,2021-05-04,4179.0400390625,4179.0400390625,4128.58984375,4164.66015625,4164.66015625,4452460000.0,0.0,0.0,2021-05-04,65.72,2021-05-04,EFFR,0.06,0.04,0.05,0.07,0.1,73.0,0.0,0.25,,,,,,,,,,2021-05-04,,
2021-05-05,1778.42,1787.85,1770.26,1786.65,80935,0,23,91.27999877929688,91.44000244140624,91.16999816894533,91.30999755859376,91.30999755859376,0.0,0.0,0.0,2021-05-05,4177.06005859375,4187.72021484375,4160.93994140625,4167.58984375,4167.58984375,4230920000.0,0.0,0.0,2021-05-05,65.63,2021-05-05,EFFR,0.06,0.04,0.05,0.07,0.13,73.0,0.0,0.25,,,,,,,,,,2021-05-05,,
2021-05-06,1784.92,1817.99,1781.9,1814.66,93992,0,23,91.2699966430664,91.37999725341795,90.87999725341795,90.9499969482422,90.9499969482422,0.0,0.0,0.0,2021-05-06,4169.14013671875,4202.7001953125,4147.330078125,4201.6201171875,4201.6201171875,4511000000.0,0.0,0.0,2021-05-06,64.73,2021-05-06,EFFR,0.06,0.04,0.05,0.07,0.1,72.0,0.0,0.25,,,,,,,,,,2021-05-06,,
2021-05-07,1814.8,1843.25,1812.81,1830.89,99006,0,23,90.87999725341795,90.95999908447266,90.19000244140624,90.2300033569336,90.2300033569336,0.0,0.0,0.0,2021-05-07,4210.33984375,4238.0400390625,4201.64013671875,4232.60009765625,4232.60009765625,4016080000.0,0.0,0.0,2021-05-07,64.96,2021-05-07,EFFR,0.06,0.04,0.05,0.07,0.1,69.0,0.0,0.25,,,,,,,,,,2021-05-07,,
2021-05-10,1833.61,1845.3,1829.84,1835.5,299480,0,23,90.2300033569336,90.33999633789062,90.04000091552734,90.20999908447266,90.20999908447266,0.0,0.0,0.0,2021-05-10,4228.2900390625,4236.39013671875,4188.1298828125,4188.43017578125,4188.43017578125,4560700000.0,0.0,0.0,2021-05-10,64.92,2021-05-10,EFFR,0.06,0.04,0.05,0.07,0.1,66.0,0.0,0.25,,,,,,,,,,2021-05-10,,
2021-05-11,1835.33,1841.72,1817.85,1837.19,386293,0,23,90.23999786376952,90.36000061035156,89.9800033569336,90.13999938964844,90.13999938964844,0.0,0.0,0.0,2021-05-11,4150.33984375,4162.0400390625,4111.52978515625,4152.10009765625,4152.10009765625,4870710000.0,0.0,0.0,2021-05-11,65.31,2021-05-11,EFFR,0.06,0.04,0.05,0.07,0.1,64.0,0.0,0.25,,,,,,,,,,2021-05-11,,
2021-05-12,1836.23,1843.69,1813.11,1815.25,467503,0,23,90.19000244140624,90.8000030517578,90.16000366210938,90.70999908447266,90.70999908447266,0.0,0.0,0.0,2021-05-12,4130.5498046875,4134.72998046875,4056.8798828125,4063.0400390625,4063.0400390625,4733070000.0,0.0,0.0,2021-05-12,65.96,2021-05-12,EFFR,0.06,0.04,0.05,0.07,0.1,67.0,0.0,0.25,,,,,,,,,,2021-05-12,,
2021-05-13,1815.09,1828.68,1808.62,1826.25,410280,0,23,90.75,90.91000366210938,90.58999633789062,90.75,90.75,0.0,0.0,0.0,2021-05-13,4074.989990234375,4131.580078125,4074.989990234375,4112.5,4112.5,4779540000.0,0.0,0.0,2021-05-13,63.82,2021-05-13,EFFR,0.06,0.04,0.05,0.07,0.1,63.0,0.0,0.25,,,,,,,,,,2021-05-13,,
2021-05-14,1824.69,1845.85,1819.6,1843.67,347579,0,23,90.76000213623048,90.8000030517578,90.27999877929688,90.31999969482422,90.31999969482422,0.0,0.0,0.0,2021-05-14,4129.580078125,4183.1298828125,4129.580078125,4173.85009765625,4173.85009765625,4008880000.0,0.0,0.0,2021-05-14,65.32,2021-05-14,EFFR,0.06,0.04,0.05,0.07,0.1,62.0,0.0,0.25,,,,,,,,,,2021-05-14,,
2021-05-17,1840.8,1868.38,1840.8,1866.7,338445,0,23,90.3000030517578,90.43000030517578,90.1500015258789,90.22000122070312,90.22000122070312,0.0,0.0,0.0,2021-05-17,4169.919921875,4171.919921875,4142.68994140625,4163.2900390625,4163.2900390625,4125050000.0,0.0,0.0,2021-05-17,66.24,2021-05-17,EFFR,0.06,0.03,0.05,0.07,0.1,63.0,0.0,0.25,,,,,,,,,,2021-05-17,,
2021-05-18,1865.86,1874.92,1863.07,1869.2,289040,0,23,90.18000030517578,90.1999969482422,89.69000244140625,89.75,89.75,0.0,0.0,0.0,2021-05-18,4165.93994140625,4169.14990234375,4125.990234375,4127.830078125,4127.830078125,4398150000.0,0.0,0.0,2021-05-18,65.49,2021-05-18,EFFR,0.06,0.04,0.05,0.07,0.1,63.0,0.0,0.25,,,,,,,,,,2021-05-18,,
2021-05-19,1869.1,1889.98,1852.06,1869.11,449867,0,23,89.77999877929688,90.29000091552734,89.69000244140625,90.19000244140624,90.19000244140624,0.0,0.0,0.0,2021-05-19,4098.4501953125,4116.93017578125,4061.409912109375,4115.68017578125,4115.68017578125,4247450000.0,0.0,0.0,2021-05-19,63.28,2021-05-19,EFFR,0.06,0.04,0.05,0.07,0.1,60.0,0.0,0.25,,,,,,,,,,2021-05-19,,
2021-05-20,1868.76,1883.86,1863.69,1876.84,364094,0,23,90.20999908447266,90.2300033569336,89.76000213623047,89.80999755859375,89.80999755859375,0.0,0.0,0.0,2021-05-20,4121.97021484375,4172.7998046875,4121.97021484375,4159.1201171875,4159.1201171875,3978880000.0,0.0,0.0,2021-05-20,61.95,2021-05-20,EFFR,0.06,0.05,0.05,0.07,0.1,66.0,0.0,0.25,,,,,,,,,,2021-05-20,,
2021-05-21,1876.38,1889.3,1870.01,1881.57,313666,0,23,89.77999877929688,90.1500015258789,89.6500015258789,90.0199966430664,90.0199966430664,0.0,0.0,0.0,2021-05-21,4168.60986328125,4188.72021484375,4151.72021484375,4155.85986328125,4155.85986328125,3995250000.0,0.0,0.0,2021-05-21,63.61,2021-05-21,EFFR,0.06,0.04,0.05,0.07,0.1,65.0,0.0,0.25,,,,,,,,,,2021-05-21,,
2021-05-24,1882.06,1886.99,1875.08,1880.42,303507,0,23,90.02999877929688,90.0999984741211,89.76000213623047,89.83000183105469,89.83000183105469,0.0,0.0,0.0,2021-05-24,4170.16015625,4209.52001953125,4170.16015625,4197.0498046875,4197.0498046875,3684800000.0,0.0,0.0,2021-05-24,66.13,2021-05-24,EFFR,0.06,0.04,0.05,0.07,0.1,64.0,0.0,0.25,,,,,,,,,,2021-05-24,,
2021-05-25,1880.17,1900.15,1872.57,1898.91,312030,0,23,89.8499984741211,89.87000274658203,89.54000091552734,89.63999938964844,89.63999938964844,0.0,0.0,0.0,2021-05-25,4205.93994140625,4213.419921875,4182.52001953125,4188.1298828125,4188.1298828125,4182250000.0,0.0,0.0,2021-05-25,66.27,2021-05-25,EFFR,0.06,0.03,0.05,0.07,0.11,65.0,0.0,0.25,,,,,,,,,,2021-05-25,,
2021-05-26,1898.35,1912.63,1890.61,1896.19,305963,0,23,89.69000244140625,90.11000061035156,89.58999633789062,90.04000091552734,90.04000091552734,0.0,0.0,0.0,2021-05-26,4191.58984375,4202.60986328125,4184.10986328125,4195.990234375,4195.990234375,4420890000.0,0.0,0.0,2021-05-26,66.41,2021-05-26,EFFR,0.06,0.04,0.05,0.07,0.12,64.0,0.0,0.25,,,,,,,,,,2021-05-26,,
2021-05-27,1895.97,1903.59,1888.05,1896.27,316431,0,23,90.08000183105467,90.18000030517578,89.88999938964844,89.97000122070312,89.97000122070312,0.0,0.0,0.0,2021-05-27,4201.93994140625,4213.3798828125,4197.77978515625,4200.8798828125,4200.8798828125,6406310000.0,0.0,0.0,2021-05-27,66.87,2021-05-27,EFFR,0.06,0.04,0.05,0.07,0.1,67.0,0.0,0.25,,,,,,,,,,2021-05-27,,
2021-05-28,1895.93,1905.91,1882.04,1903.86,358932,0,23,90.02999877929688,90.44000244140624,89.9800033569336,90.02999877929688,90.02999877929688,0.0,0.0,0.0,2021-05-28,4210.77001953125,4218.35986328125,4203.56982421875,4204.10986328125,4204.10986328125,4649250000.0,0.0,0.0,2021-05-28,66.31,2021-05-28,EFFR,0.05,0.01,0.03,0.07,0.12,61.0,0.0,0.25,,,,,,,,,,2021-05-28,,
2021-05-31,1903.52,1910.52,1901.92,1906.32,142127,0,23,,,,,,,,,,,,,,,,,,,,2021-05-31,,,,,,,,,,,,,,,,,,,,,
2021-06-01,1906.52,1916.44,1892.24,1900.12,263473,0,23,89.80999755859375,89.94000244140625,89.66000366210938,89.83000183105469,89.83000183105469,0.0,0.0,0.0,2021-06-01,4216.52001953125,4234.1201171875,4197.58984375,4202.0400390625,4202.0400390625,5074670000.0,0.0,0.0,2021-06-01,67.8,2021-06-01,EFFR,0.06,0.04,0.05,0.07,0.14,60.0,0.0,0.25,,,,,,,,,,2021-06-01,270.654,2021-06-01
2021-06-02,1899.77,1908.94,1894.16,1907.94,190124,0,23,89.91999816894531,90.25,89.86000061035156,89.9000015258789,89.9000015258789,0.0,0.0,0.0,2021-06-02,4206.81982421875,4217.3701171875,4198.27001953125,4208.1201171875,4208.1201171875,5833670000.0,0.0,0.0,2021-06-02,68.79,2021-06-02,EFFR,0.06,0.04,0.05,0.07,0.1,70.0,0.0,0.25,,,,,,,,,,2021-06-02,,
2021-06-03,1907.53,1909.54,1865.13,1870.37,283487,0,23,89.93000030517578,90.5500030517578,89.88999938964844,90.5,90.5,0.0,0.0,0.0,2021-06-03,4191.43017578125,4204.39013671875,4167.93017578125,4192.85009765625,4192.85009765625,5587970000.0,0.0,0.0,2021-06-03,68.81,2021-06-03,EFFR,0.06,0.04,0.05,0.07,0.1,69.0,0.0,0.25,,,,,,,,,,2021-06-03,,
2021-06-04,1869.96,1896.09,1855.28,1891.26,255526,0,23,90.47000122070312,90.62999725341795,90.02999877929688,90.13999938964844,90.13999938964844,0.0,0.0,0.0,2021-06-04,4206.0498046875,4233.4501953125,4206.0498046875,4229.89013671875,4229.89013671875,4139790000.0,0.0,0.0,2021-06-04,69.57,2021-06-04,EFFR,0.06,0.04,0.05,0.07,0.1,68.0,0.0,0.25,,,,,,,,,,2021-06-04,,
2021-06-07,1890.83,1899.99,1881.37,1898.75,254086,0,23,90.12999725341795,90.3000030517578,89.91000366210938,89.94999694824219,89.94999694824219,0.0,0.0,0.0,2021-06-07,4229.33984375,4232.33984375,4215.66015625,4226.52001953125,4226.52001953125,4476920000.0,0.0,0.0,2021-06-07,69.21,2021-06-07,EFFR,0.06,0.04,0.05,0.06,0.1,67.0,0.0,0.25,,,,,,,,,,2021-06-07,,
2021-06-08,1898.65,1903.7,1883.56,1892.68,270421,0,23,89.98999786376953,90.18000030517578,89.95999908447266,90.08000183105467,90.08000183105467,0.0,0.0,0.0,2021-06-08,4233.81005859375,4236.740234375,4208.41015625,4227.259765625,4227.259765625,4659620000.0,0.0,0.0,2021-06-08,70.11,2021-06-08,EFFR,0.06,0.04,0.05,0.07,0.1,64.0,0.0,0.25,,,,,,,,,,2021-06-08,,
2021-06-09,1892.23,1898.91,1887.19,1888.35,276568,0,23,90.12999725341795,90.16999816894533,89.83999633789062,90.12000274658205,90.12000274658205,0.0,0.0,0.0,2021-06-09,4232.990234375,4237.08984375,4218.740234375,4219.5498046875,4219.5498046875,4713260000.0,0.0,0.0,2021-06-09,69.9,2021-06-09,EFFR,0.06,0.04,0.05,0.07,0.1,64.0,0.0,0.25,,,,,,,,,,2021-06-09,,
2021-06-10,1888.31,1899.81,1869.65,1898.16,341165,0,23,90.13999938964844,90.30999755859376,89.9800033569336,90.08000183105467,90.08000183105467,0.0,0.0,0.0,2021-06-10,4228.56005859375,4249.740234375,4220.33984375,4239.18017578125,4239.18017578125,4408210000.0,0.0,0.0,2021-06-10,70.34,2021-06-10,EFFR,0.06,0.04,0.05,0.07,0.1,63.0,0.0,0.25,,,,,,,,,,2021-06-10,,
2021-06-11,1897.31,1902.92,1874.25,1876.0,282218,0,23,90.06999969482422,90.61000061035156,89.95999908447266,90.55999755859376,90.55999755859376,0.0,0.0,0.0,2021-06-11,4242.89990234375,4248.3798828125,4232.25,4247.43994140625,4247.43994140625,3815010000.0,0.0,0.0,2021-06-11,71.0,2021-06-11,EFFR,0.06,0.04,0.05,0.07,0.1,60.0,0.0,0.25,,,,,,,,,,2021-06-11,,
2021-06-14,1876.23,1877.7,1844.49,1865.91,289625,0,23,90.51000213623048,90.5999984741211,90.41000366210938,90.5199966430664,90.5199966430664,0.0,0.0,0.0,2021-06-14,4248.31005859375,4255.58984375,4234.06982421875,4255.14990234375,4255.14990234375,4151200000.0,0.0,0.0,2021-06-14,70.94,2021-06-14,EFFR,0.06,0.04,0.05,0.07,0.1,58.0,0.0,0.25,,,,,,,,,,2021-06-14,,
2021-06-15,1865.35,1869.06,1851.43,1858.51,311072,0,23,90.4800033569336,90.68000030517578,90.3499984741211,90.54000091552734,90.54000091552734,0.0,0.0,0.0,2021-06-15,4255.27978515625,4257.16015625,4238.35009765625,4246.58984375,4246.58984375,4048940000.0,0.0,0.0,2021-06-15,72.06,2021-06-15,EFFR,0.06,0.04,0.05,0.07,0.1,60.0,0.0,0.25,,,,,,,,,,2021-06-15,,
2021-06-16,1859.24,1862.8,1802.86,1811.68,385979,0,23,90.54000091552734,91.4000015258789,90.44000244140624,91.12999725341795,91.12999725341795,0.0,0.0,0.0,2021-06-16,4248.8701171875,4251.89013671875,4202.4501953125,4223.7001953125,4223.7001953125,4538350000.0,0.0,0.0,2021-06-16,72.03,2021-06-16,EFFR,0.06,0.04,0.05,0.07,0.1,62.0,0.0,0.25,,,,,,,,,,2021-06-16,,
2021-06-17,1811.65,1825.18,1766.99,1772.84,575292,0,23,91.43000030517578,92.01000213623048,91.30999755859376,91.88999938964844,91.88999938964844,0.0,0.0,0.0,2021-06-17,4220.3701171875,4232.2900390625,4196.0498046875,4221.85986328125,4221.85986328125,5312680000.0,0.0,0.0,2021-06-17,71.06,2021-06-17,EFFR,0.1,0.05,0.09,0.1,0.11,64.0,0.0,0.25,,,,,,,,,,2021-06-17,,
2021-06-18,1772.57,1797.23,1760.63,1763.73,476240,0,23,91.87999725341795,92.41000366210938,91.80999755859376,92.2300033569336,92.2300033569336,0.0,0.0,0.0,2021-06-18,4204.77978515625,4204.77978515625,4164.39990234375,4166.4501953125,4166.4501953125,6817010000.0,0.0,0.0,2021-06-18,71.64,2021-06-18,EFFR,0.1,0.07,0.09,0.1,0.11,68.0,0.0,0.25,,,,,,,,,,2021-06-18,,
2021-06-21,1764.72,1786.45,1764.59,1782.66,454326,0,23,92.31999969482422,92.37000274658205,91.83000183105467,91.86000061035156,91.86000061035156,0.0,0.0,0.0,2021-06-21,4173.39990234375,4226.240234375,4173.39990234375,4224.7900390625,4224.7900390625,4128950000.0,0.0,0.0,2021-06-21,73.64,2021-06-21,EFFR,0.1,0.08,0.09,0.1,0.11,66.0,0.0,0.25,,,,,,,,,,2021-06-21,,
2021-06-22,1782.39,1789.97,1772.15,1778.5,358552,0,23,91.87999725341795,92.13999938964844,91.6500015258789,91.7300033569336,91.7300033569336,0.0,0.0,0.0,2021-06-22,4224.60986328125,4255.83984375,4217.27001953125,4246.43994140625,4246.43994140625,3828390000.0,0.0,0.0,2021-06-22,73.15,2021-06-22,EFFR,0.1,0.08,0.09,0.1,0.11,70.0,0.0,0.25,,,,,,,,,,2021-06-22,,
2021-06-23,1777.92,1794.88,1773.1,1779.08,319874,0,23,91.7300033569336,91.9000015258789,91.51000213623048,91.8000030517578,91.8000030517578,0.0,0.0,0.0,2021-06-23,4249.27001953125,4256.60009765625,4241.43017578125,4241.83984375,4241.83984375,3730350000.0,0.0,0.0,2021-06-23,73.11,2021-06-23,EFFR,0.1,0.05,0.09,0.1,0.11,71.0,0.0,0.25,,,,,,,,,,2021-06-23,,
2021-06-24,1778.06,1787.93,1772.74,1774.68,299911,0,23,91.8000030517578,91.91000366210938,91.66000366210938,91.81999969482422,91.81999969482422,0.0,0.0,0.0,2021-06-24,4256.97021484375,4271.27978515625,4256.97021484375,4266.490234375,4266.490234375,3816660000.0,0.0,0.0,2021-06-24,73.31,2021-06-24,EFFR,0.1,0.07,0.09,0.1,0.11,74.0,0.0,0.25,,,,,,,,,,2021-06-24,,
2021-06-25,1775.51,1790.23,1773.56,1780.89,299227,0,23,91.83000183105467,91.87999725341795,91.52999877929688,91.80999755859376,91.80999755859376,0.0,0.0,0.0,2021-06-25,4274.4501953125,4286.1201171875,4271.16015625,4280.7001953125,4280.7001953125,7341450000.0,0.0,0.0,2021-06-25,74.21,2021-06-25,EFFR,0.1,0.07,0.09,0.1,0.11,77.0,0.0,0.25,,,,,,,,,,2021-06-25,,
2021-06-28,1781.03,1785.63,1770.52,1777.86,293073,0,23,91.80999755859376,92.0199966430664,91.6999969482422,91.87999725341795,91.87999725341795,0.0,0.0,0.0,2021-06-28,4284.89990234375,4292.14013671875,4274.669921875,4290.60986328125,4290.60986328125,4147890000.0,0.0,0.0,2021-06-28,72.98,2021-06-28,EFFR,0.1,0.05,0.09,0.1,0.11,77.0,0.0,0.25,,,,,,,,,,2021-06-28,,
2021-06-29,1778.03,1778.82,1750.43,1760.88,324098,0,23,91.87999725341795,92.19000244140624,91.86000061035156,92.0500030517578,92.0500030517578,0.0,0.0,0.0,2021-06-29,4293.2099609375,4300.52001953125,4287.0400390625,4291.7998046875,4291.7998046875,3707150000.0,0.0,0.0,2021-06-29,73.14,2021-06-29,EFFR,0.1,0.07,0.09,0.1,0.11,75.0,0.0,0.25,,,,,,,,,,2021-06-29,,
2021-06-30,1760.04,1774.3,1753.21,1770.33,317646,0,23,92.08000183105467,92.4499969482422,92.0,92.44000244140624,92.44000244140624,0.0,0.0,0.0,2021-06-30,4290.64990234375,4302.43017578125,4287.9599609375,4297.5,4297.5,4266040000.0,0.0,0.0,2021-06-30,73.52,2021-06-30,EFFR,0.08,0.04,0.06,0.1,0.11,49.0,0.0,0.25,,,,,,,,,,2021-06-30,,
2021-07-01,1769.69,1782.74,1765.49,1776.55,307318,0,23,92.3499984741211,92.5999984741211,92.26000213623048,92.5999984741211,92.5999984741211,0.0,0.0,0.0,2021-07-01,4300.72998046875,4320.66015625,4300.72998046875,4319.93994140625,4319.93994140625,3788230000.0,0.0,0.0,2021-07-01,75.33,2021-07-01,EFFR,0.1,0.05,0.09,0.1,0.11,70.0,0.0,0.25,,,,,,,,,,2021-07-01,271.903,2021-07-01
2021-07-02,1774.45,1794.97,1774.11,1787.02,324451,0,23,92.56999969482422,92.73999786376952,92.18000030517578,92.2300033569336,92.2300033569336,0.0,0.0,0.0,2021-07-02,4326.60009765625,4355.43017578125,4326.60009765625,4352.33984375,4352.33984375,3225840000.0,0.0,0.0,2021-07-02,75.37,2021-07-02,EFFR,0.1,0.05,0.09,0.1,0.11,81.0,0.0,0.25,,,,,,,,,,2021-07-02,,
2021-07-05,1787.36,1794.52,1784.27,1791.62,144826,0,23,,,,,,,,,,,,,,,,,,,,2021-07-05,,,,,,,,,,,,,,,,,,,,,
2021-07-06,1791.2,1814.95,1789.98,1796.98,352472,0,23,92.23999786376952,92.66000366210938,92.0,92.5500030517578,92.5500030517578,0.0,0.0,0.0,2021-07-06,4356.4599609375,4356.4599609375,4314.3701171875,4343.5400390625,4343.5400390625,4309570000.0,0.0,0.0,2021-07-06,73.62,2021-07-06,EFFR,0.1,0.05,0.09,0.1,0.11,76.0,0.0,0.25,,,,,,,,,,2021-07-06,,
2021-07-07,1795.47,1809.72,1793.75,1803.5,341305,0,23,92.52999877929688,92.8499984741211,92.43000030517578,92.63999938964844,92.63999938964844,0.0,0.0,0.0,2021-07-07,4351.009765625,4361.8798828125,4329.7900390625,4358.1298828125,4358.1298828125,4037380000.0,0.0,0.0,2021-07-07,72.22,2021-07-07,EFFR,0.1,0.05,0.09,0.1,0.11,77.0,0.0,0.25,,,,,,,,,,2021-07-07,,
2021-07-08,1802.88,1818.32,1793.93,1802.08,411423,0,0,92.6999969482422,92.79000091552734,92.23999786376952,92.36000061035156,92.36000061035156,0.0,0.0,0.0,2021-07-08,4321.06982421875,4330.8798828125,4289.3701171875,4320.81982421875,4320.81982421875,4347500000.0,0.0,0.0,2021-07-08,72.98,2021-07-08,EFFR,0.1,0.05,0.09,0.1,0.11,76.0,0.0,0.25,,,,,,,,,,2021-07-08,,
2021-07-09,1801.69,1812.29,1796.5,1807.87,318244,0,23,92.36000061035156,92.54000091552734,92.08999633789062,92.12999725341795,92.12999725341795,0.0,0.0,0.0,2021-07-09,4329.3798828125,4371.60009765625,4329.3798828125,4369.5498046875,4369.5498046875,3531120000.0,0.0,0.0,2021-07-09,74.56,2021-07-09,EFFR,0.1,0.07,0.08,0.1,0.11,75.0,0.0,0.25,,,,,,,,,,2021-07-09,,
2021-07-12,1807.69,1810.76,1791.37,1805.82,281087,0,23,92.0999984741211,92.41999816894533,92.08000183105467,92.2300033569336,92.2300033569336,0.0,0.0,0.0,2021-07-12,4372.41015625,4386.68017578125,4364.02978515625,4384.6298828125,4384.6298828125,3384460000.0,0.0,0.0,2021-07-12,74.21,2021-07-12,EFFR,0.1,0.05,0.08,0.1,0.11,75.0,0.0,0.25,,,,,,,,,,2021-07-12,,
2021-07-13,1805.79,1817.14,1798.51,1807.43,354109,0,23,92.2300033569336,92.80999755859376,92.13999938964844,92.75,92.75,0.0,0.0,0.0,2021-07-13,4381.06982421875,4392.3701171875,4366.919921875,4369.2099609375,4369.2099609375,3695430000.0,0.0,0.0,2021-07-13,75.24,2021-07-13,EFFR,0.1,0.07,0.08,0.1,0.11,74.0,0.0,0.25,,,,,,,,,,2021-07-13,,
2021-07-14,1807.35,1829.76,1804.33,1827.04,347536,0,23,92.8000030517578,92.83000183105467,92.3499984741211,92.41000366210938,92.41000366210938,0.0,0.0,0.0,2021-07-14,4380.10986328125,4393.68017578125,4362.35986328125,4374.2998046875,4374.2998046875,4006370000.0,0.0,0.0,2021-07-14,73.06,2021-07-14,EFFR,0.1,0.06,0.08,0.1,0.11,72.0,0.0,0.25,,,,,,,,,,2021-07-14,,
2021-07-15,1826.82,1834.13,1820.16,1829.24,352610,0,23,92.4000015258789,92.69000244140624,92.2699966430664,92.62000274658205,92.62000274658205,0.0,0.0,0.0,2021-07-15,4369.02001953125,4369.02001953125,4340.7001953125,4360.02978515625,4360.02978515625,3905230000.0,0.0,0.0,2021-07-15,71.67,2021-07-15,EFFR,0.1,0.07,0.08,0.1,0.11,73.0,0.0,0.25,,,,,,,,,,2021-07-15,,
2021-07-16,1828.47,1831.93,1808.72,1811.44,368496,0,23,92.58999633789062,92.76000213623048,92.52999877929688,92.69000244140624,92.69000244140624,0.0,0.0,0.0,2021-07-16,4367.43017578125,4375.08984375,4322.52978515625,4327.16015625,4327.16015625,3985700000.0,0.0,0.0,2021-07-16,71.76,2021-07-16,EFFR,0.1,0.05,0.08,0.1,0.11,72.0,0.0,0.25,,,,,,,,,,2021-07-16,,
2021-07-19,1811.01,1817.26,1794.81,1812.52,415107,0,23,92.70999908447266,93.04000091552734,92.63999938964844,92.88999938964844,92.88999938964844,0.0,0.0,0.0,2021-07-19,4296.39990234375,4296.39990234375,4233.1298828125,4258.490234375,4258.490234375,5157660000.0,0.0,0.0,2021-07-19,66.45,2021-07-19,EFFR,0.1,0.07,0.08,0.1,0.11,67.0,0.0,0.25,,,,,,,,,,2021-07-19,,
2021-07-20,1812.6,1824.96,1804.9,1810.21,358165,0,23,92.87999725341795,93.16999816894533,92.8000030517578,92.97000122070312,92.97000122070312,0.0,0.0,0.0,2021-07-20,4265.10986328125,4336.83984375,4262.0498046875,4323.06005859375,4323.06005859375,4438270000.0,0.0,0.0,2021-07-20,67.32,2021-07-20,EFFR,0.1,0.06,0.08,0.1,0.11,70.0,0.0,0.25,,,,,,,,,,2021-07-20,,
2021-07-21,1809.71,1813.61,1794.5,1803.18,311955,0,23,92.97000122070312,93.19000244140624,92.7300033569336,92.75,92.75,0.0,0.0,0.0,2021-07-21,4331.1298828125,4359.7001953125,4331.1298828125,4358.68994140625,4358.68994140625,3810280000.0,0.0,0.0,2021-07-21,70.26,2021-07-21,EFFR,0.1,0.06,0.08,0.1,0.11,71.0,0.0,0.25,,,,,,,,,,2021-07-21,,
2021-07-22,1803.49,1807.97,1792.61,1806.34,311447,0,23,92.8000030517578,92.91999816894533,92.51000213623048,92.81999969482422,92.81999969482422,0.0,0.0,0.0,2021-07-22,4361.27001953125,4369.8701171875,4350.06005859375,4367.47998046875,4367.47998046875,3358300000.0,0.0,0.0,2021-07-22,72.15,2021-07-22,EFFR,0.1,0.06,0.08,0.1,0.11,71.0,0.0,0.25,,,,,,,,,,2021-07-22,,
2021-07-23,1807.24,1810.29,1789.22,1801.86,252011,0,23,92.80999755859376,93.0199966430664,92.77999877929688,92.91000366210938,92.91000366210938,0.0,0.0,0.0,2021-07-23,4381.2001953125,4415.18017578125,4381.2001953125,4411.7900390625,4411.7900390625,4540070000.0,0.0,0.0,2021-07-23,72.24,2021-07-23,EFFR,0.1,0.07,0.08,0.1,0.11,68.0,0.0,0.25,,,,,,,,,,2021-07-23,,
2021-07-26,1802.29,1811.43,1796.25,1797.31,274970,0,23,92.91000366210938,92.95999908447266,92.52999877929688,92.6500015258789,92.6500015258789,0.0,0.0,0.0,2021-07-26,4409.580078125,4422.72998046875,4405.4501953125,4422.2998046875,4422.2998046875,4275630000.0,0.0,0.0,2021-07-26,72.15,2021-07-26,EFFR,0.1,0.05,0.08,0.1,0.11,73.0,0.0,0.25,,,,,,,,,,2021-07-26,,
2021-07-27,1797.37,1805.19,1793.46,1798.49,259721,0,23,92.62999725341795,92.83999633789062,92.31999969482422,92.43000030517578,92.43000030517578,0.0,0.0,0.0,2021-07-27,4416.3798828125,4416.3798828125,4372.509765625,4401.4599609375,4401.4599609375,4241950000.0,0.0,0.0,2021-07-27,71.68,2021-07-27,EFFR,0.1,0.05,0.08,0.1,0.11,69.0,0.0,0.25,,,,,,,,,,2021-07-27,,
2021-07-28,1798.76,1809.74,1792.25,1806.6,298895,0,23,92.45999908447266,92.75,92.23999786376952,92.31999969482422,92.31999969482422,0.0,0.0,0.0,2021-07-28,4402.9501953125,4415.47021484375,4387.009765625,4400.64013671875,4400.64013671875,4215290000.0,0.0,0.0,2021-07-28,72.37,2021-07-28,EFFR,0.1,0.07,0.08,0.1,0.11,65.0,0.0,0.25,,,,,,,,,,2021-07-28,,
2021-07-29,1807.09,1832.64,1806.41,1827.86,257873,0,23,92.2699966430664,92.29000091552734,91.86000061035156,91.86000061035156,91.86000061035156,0.0,0.0,0.0,2021-07-29,4403.58984375,4429.97021484375,4403.58984375,4419.14990234375,4419.14990234375,4044600000.0,0.0,0.0,2021-07-29,73.62,2021-07-29,EFFR,0.1,0.06,0.08,0.1,0.11,70.0,0.0,0.25,,,,,,,,,,2021-07-29,,
2021-07-30,1828.06,1831.28,1810.13,1813.72,235977,0,23,91.8499984741211,92.1999969482422,91.77999877929688,92.16999816894533,92.16999816894533,0.0,0.0,0.0,2021-07-30,4395.1201171875,4412.25,4389.64990234375,4395.259765625,4395.259765625,3956740000.0,0.0,0.0,2021-07-30,73.93,2021-07-30,EFFR,0.07,0.04,0.06,0.08,0.11,61.0,0.0,0.25,,,,,,,,,,2021-07-30,,
2021-08-02,1813.94,1819.48,1805.51,1813.39,102499,0,35,92.08999633789062,92.16999816894533,91.91000366210938,92.0500030517578,92.0500030517578,0.0,0.0,0.0,2021-08-02,4406.85986328125,4422.18017578125,4384.81005859375,4387.16015625,4387.16015625,3724090000.0,0.0,0.0,2021-08-02,71.31,2021-08-02,EFFR,0.1,0.05,0.08,0.1,0.11,74.0,0.0,0.25,,,,,,,,,,2021-08-02,,
2021-08-03,1812.94,1814.82,1806.85,1810.21,89880,0,35,92.05999755859376,92.16000366210938,91.88999938964844,92.08000183105467,92.08000183105467,0.0,0.0,0.0,2021-08-03,4392.740234375,4423.7900390625,4373.0,4423.14990234375,4423.14990234375,3965190000.0,0.0,0.0,2021-08-03,70.64,2021-08-03,EFFR,0.1,0.07,0.08,0.1,0.11,69.0,0.0,0.25,,,,,,,,,,2021-08-03,,
2021-08-04,1810.45,1831.52,1806.21,1811.8,103724,0,35,92.04000091552734,92.30999755859376,91.81999969482422,92.2699966430664,92.2699966430664,0.0,0.0,0.0,2021-08-04,4415.9501953125,4416.169921875,4400.22998046875,4402.66015625,4402.66015625,4260760000.0,0.0,0.0,2021-08-04,68.19,2021-08-04,EFFR,0.1,0.07,0.08,0.1,0.11,71.0,0.0,0.25,,,,,,,,,,2021-08-04,,
2021-08-05,1811.9,1814.83,1797.55,1803.92,97362,0,35,92.27999877929688,92.3499984741211,92.12000274658205,92.23999786376952,92.23999786376952,0.0,0.0,0.0,2021-08-05,4408.85986328125,4429.759765625,4408.85986328125,4429.10009765625,4429.10009765625,3769410000.0,0.0,0.0,2021-08-05,69.1,2021-08-05,EFFR,0.1,0.07,0.08,0.1,0.11,70.0,0.0,0.25,,,,,,,,,,2021-08-05,,
2021-08-06,1804.38,1804.69,1758.48,1763.31,119266,0,23,92.2699966430664,92.83999633789062,92.26000213623048,92.8000030517578,92.8000030517578,0.0,0.0,0.0,2021-08-06,4429.06982421875,4440.81982421875,4429.06982421875,4436.52001953125,4436.52001953125,3451870000.0,0.0,0.0,2021-08-06,68.26,2021-08-06,EFFR,0.1,0.07,0.08,0.1,0.11,70.0,0.0,0.25,,,,,,,,,,2021-08-06,,
2021-08-09,1763.6,1764.57,1680.43,1729.41,165924,0,23,92.77999877929688,92.98999786376952,92.72000122070312,92.9499969482422,92.9499969482422,0.0,0.0,0.0,2021-08-09,4437.77001953125,4439.39013671875,4424.740234375,4432.35009765625,4432.35009765625,3449280000.0,0.0,0.0,2021-08-09,66.56,2021-08-09,EFFR,0.1,0.07,0.08,0.1,0.11,68.0,0.0,0.25,,,,,,,,,,2021-08-09,,
2021-08-10,1729.91,1738.33,1717.44,1729.13,116932,0,35,92.9800033569336,93.13999938964844,92.94000244140624,93.05999755859376,93.05999755859376,0.0,0.0,0.0,2021-08-10,4435.7900390625,4445.2099609375,4430.02978515625,4436.75,4436.75,3886610000.0,0.0,0.0,2021-08-10,68.33,2021-08-10,EFFR,0.1,0.07,0.08,0.1,0.11,69.0,0.0,0.25,,,,,,,,,,2021-08-10,,
2021-08-11,1729.31,1754.52,1723.99,1751.45,117771,0,23,93.06999969482422,93.19000244140624,92.8000030517578,92.91000366210938,92.91000366210938,0.0,0.0,0.0,2021-08-11,4442.18017578125,4449.43994140625,4436.419921875,4442.41015625,4442.41015625,3532560000.0,0.0,0.0,2021-08-11,69.3,2021-08-11,EFFR,0.1,0.07,0.08,0.1,0.11,68.0,0.0,0.25,,,,,,,,,,2021-08-11,,
2021-08-12,1751.14,1758.06,1741.63,1752.55,103096,0,23,92.88999938964844,93.04000091552734,92.8499984741211,93.04000091552734,93.04000091552734,0.0,0.0,0.0,2021-08-12,4446.080078125,4461.77001953125,4435.9599609375,4460.830078125,4460.830078125,3375310000.0,0.0,0.0,2021-08-12,69.12,2021-08-12,EFFR,0.1,0.05,0.08,0.1,0.11,68.0,0.0,0.25,,,,,,,,,,2021-08-12,,
2021-08-13,1752.54,1779.88,1751.61,1779.6,94090,0,23,92.97000122070312,93.01000213623048,92.47000122070312,92.5199966430664,92.5199966430664,0.0,0.0,0.0,2021-08-13,4464.83984375,4468.3701171875,4460.81982421875,4468.0,4468.0,3016470000.0,0.0,0.0,2021-08-13,68.36,2021-08-13,EFFR,0.1,0.07,0.08,0.1,0.11,65.0,0.0,0.25,,,,,,,,,,2021-08-13,,
2021-08-16,1778.42,1789.32,1770.7,1787.04,102814,0,35,92.5199966430664,92.66000366210938,92.4800033569336,92.62999725341795,92.62999725341795,0.0,0.0,0.0,2021-08-16,4461.64990234375,4480.259765625,4437.66015625,4479.7099609375,4479.7099609375,3370640000.0,0.0,0.0,2021-08-16,67.44,2021-08-16,EFFR,0.1,0.05,0.08,0.1,0.11,66.0,0.0,0.25,,,,,,,,,,2021-08-16,,
2021-08-17,1787.42,1795.34,1780.6,1785.84,101685,0,35,92.62000274658205,93.16999816894533,92.61000061035156,93.12999725341795,93.12999725341795,0.0,0.0,0.0,2021-08-17,4462.1201171875,4462.1201171875,4417.830078125,4448.080078125,4448.080078125,3836960000.0,0.0,0.0,2021-08-17,66.5,2021-08-17,EFFR,0.1,0.05,0.08,0.1,0.11,64.0,0.0,0.25,,,,,,,,,,2021-08-17,,
2021-08-18,1785.98,1793.83,1777.1,1787.37,108186,0,35,93.13999938964844,93.26000213623048,92.95999908447266,93.13999938964844,93.13999938964844,0.0,0.0,0.0,2021-08-18,4440.93994140625,4454.31982421875,4397.58984375,4400.27001953125,4400.27001953125,3755590000.0,0.0,0.0,2021-08-18,65.36,2021-08-18,EFFR,0.09,0.07,0.08,0.1,0.11,65.0,0.0,0.25,,,,,,,,,,2021-08-18,,
2021-08-19,1787.44,1792.26,1774.36,1779.66,130288,0,27,93.13999938964844,93.58000183105467,93.13999938964844,93.56999969482422,93.56999969482422,0.0,0.0,0.0,2021-08-19,4382.43994140625,4418.60986328125,4367.72998046875,4405.7998046875,4405.7998046875,4398410000.0,0.0,0.0,2021-08-19,63.69,2021-08-19,EFFR,0.09,0.07,0.08,0.1,0.11,67.0,0.0,0.25,,,,,,,,,,2021-08-19,,
2021-08-20,1779.89,1788.43,1778.27,1780.73,97454,0,23,93.55999755859376,93.7300033569336,93.43000030517578,93.5,93.5,0.0,0.0,0.0,2021-08-20,4410.56005859375,4444.35009765625,4406.7998046875,4441.669921875,4441.669921875,3652610000.0,0.0,0.0,2021-08-20,62.25,2021-08-20,EFFR,0.09,0.05,0.08,0.1,0.11,68.0,0.0,0.25,,,,,,,,,,2021-08-20,,
2021-08-23,1780.14,1806.38,1776.39,1805.31,96259,0,23,93.45999908447266,93.51000213623048,92.9499969482422,92.95999908447266,92.95999908447266,0.0,0.0,0.0,2021-08-23,4450.2900390625,4489.8798828125,4450.2900390625,4479.52978515625,4479.52978515625,3576530000.0,0.0,0.0,2021-08-23,65.65,2021-08-23,EFFR,0.09,0.07,0.08,0.1,0.11,67.0,0.0,0.25,,,,,,,,,,2021-08-23,,
2021-08-24,1805.11,1809.56,1800.52,1802.93,84098,0,35,92.98999786376952,93.08000183105467,92.80999755859376,92.88999938964844,92.88999938964844,0.0,0.0,0.0,2021-08-24,4484.39990234375,4492.81005859375,4482.27978515625,4486.22998046875,4486.22998046875,3979220000.0,0.0,0.0,2021-08-24,67.5,2021-08-24,EFFR,0.09,0.05,0.08,0.09,0.1,66.0,0.0,0.25,,,,,,,,,,2021-08-24,,
2021-08-25,1802.93,1803.03,1782.3,1790.43,101800,0,35,92.87999725341795,93.12999725341795,92.80999755859376,92.83000183105467,92.83000183105467,0.0,0.0,0.0,2021-08-25,4490.4501953125,4501.7099609375,4485.66015625,4496.18994140625,4496.18994140625,3444700000.0,0.0,0.0,2021-08-25,68.54,2021-08-25,EFFR,0.09,0.05,0.07,0.09,0.1,70.0,0.0,0.25,,,,,,,,,,2021-08-25,,
2021-08-26,1790.89,1797.94,1779.79,1791.88,98735,0,35,92.83000183105467,93.08000183105467,92.80999755859376,93.05999755859376,93.05999755859376,0.0,0.0,0.0,2021-08-26,4493.75,4495.89990234375,4468.990234375,4470.0,4470.0,3263980000.0,0.0,0.0,2021-08-26,67.42,2021-08-26,EFFR,0.09,0.05,0.07,0.09,0.1,69.0,0.0,0.25,,,,,,,,,,2021-08-26,,
2021-08-27,1792.67,1819.09,1784.06,1818.01,118388,0,23,93.02999877929688,93.18000030517578,92.62999725341795,92.69000244140624,92.69000244140624,0.0,0.0,0.0,2021-08-27,4474.10009765625,4513.330078125,4474.10009765625,4509.3701171875,4509.3701171875,3331200000.0,0.0,0.0,2021-08-27,68.84,2021-08-27,EFFR,0.08,0.05,0.07,0.09,0.11,71.0,0.0,0.25,,,,,,,,,,2021-08-27,,
2021-08-30,1817.44,1823.14,1807.63,1810.19,84711,0,35,92.68000030517578,92.79000091552734,92.5999984741211,92.6500015258789,92.6500015258789,0.0,0.0,0.0,2021-08-30,4513.759765625,4537.35986328125,4513.759765625,4528.7900390625,4528.7900390625,3168660000.0,0.0,0.0,2021-08-30,69.28,2021-08-30,EFFR,0.08,0.05,0.07,0.09,0.1,71.0,0.0,0.25,,,,,,,,,,2021-08-30,,
2021-08-31,1809.51,1819.04,1801.76,1813.6,108517,0,35,92.70999908447266,92.75,92.4000015258789,92.62999725341795,92.62999725341795,0.0,0.0,0.0,2021-08-31,4529.75,4531.39013671875,4515.7998046875,4522.68017578125,4522.68017578125,4290710000.0,0.0,0.0,2021-08-31,68.43,2021-08-31,EFFR,0.06,0.05,0.06,0.08,0.1,59.0,0.0,0.25,,,,,,,,,,2021-08-31,,
2021-09-01,1813.68,1819.89,1808.4,1814.03,100805,0,35,92.66000366210938,92.79000091552734,92.37999725341795,92.4499969482422,92.4499969482422,0.0,0.0,0.0,2021-09-01,4528.7998046875,4537.10986328125,4522.02001953125,4524.08984375,4524.08984375,4057340000.0,0.0,0.0,2021-09-01,68.63,2021-09-01,EFFR,0.08,0.05,0.07,0.08,0.1,72.0,0.0,0.25,,,,,,,,,,2021-09-01,273.91,2021-09-01
2021-09-02,1813.7,1817.04,1804.85,1809.37,79148,0,35,92.51000213623048,92.54000091552734,92.20999908447266,92.2300033569336,92.2300033569336,0.0,0.0,0.0,2021-09-02,4534.47998046875,4545.85009765625,4524.66015625,4536.9501953125,4536.9501953125,3735990000.0,0.0,0.0,2021-09-02,70.07,2021-09-02,EFFR,0.08,0.05,0.07,0.08,0.11,69.0,0.0,0.25,,,,,,,,,,2021-09-02,,
2021-09-03,1809.27,1833.93,1808.86,1827.2,91871,0,32,92.22000122070312,92.26000213623048,91.9499969482422,92.04000091552734,92.04000091552734,0.0,0.0,0.0,2021-09-03,4532.419921875,4541.4501953125,4521.2998046875,4535.43017578125,4535.43017578125,3217530000.0,0.0,0.0,2021-09-03,69.34,2021-09-03,EFFR,0.08,0.06,0.07,0.08,0.1,68.0,0.0,0.25,,,,,,,,,,2021-09-03,,
2021-09-06,1828.17,1830.19,1821.26,1823.22,47190,0,35,,,,,,,,,,,,,,,,,,,,2021-09-06,,,,,,,,,,,,,,,,,,,,,
2021-09-07,1823.3,1827.16,1792.24,1794.19,106234,0,35,92.1999969482422,92.56999969482422,92.0999984741211,92.5199966430664,92.5199966430664,0.0,0.0,0.0,2021-09-07,4535.3798828125,4535.3798828125,4513.0,4520.02978515625,4520.02978515625,3822960000.0,0.0,0.0,2021-09-07,68.49,2021-09-07,EFFR,0.08,0.05,0.07,0.08,0.1,71.0,0.0,0.25,,,,,,,,,,2021-09-07,,
2021-09-08,1794.28,1801.93,1782.43,1789.24,99991,0,35,92.54000091552734,92.86000061035156,92.47000122070312,92.6500015258789,92.6500015258789,0.0,0.0,0.0,2021-09-08,4518.08984375,4521.7900390625,4493.9501953125,4514.06982421875,4514.06982421875,3750880000.0,0.0,0.0,2021-09-08,69.36,2021-09-08,EFFR,0.08,0.05,0.07,0.08,0.1,70.0,0.0,0.25,,,,,,,,,,2021-09-08,,
2021-09-09,1789.27,1800.91,1783.71,1794.11,79319,0,35,92.70999908447266,92.76000213623048,92.37999725341795,92.4800033569336,92.4800033569336,0.0,0.0,0.0,2021-09-09,4513.02001953125,4529.89990234375,4492.06982421875,4493.27978515625,4493.27978515625,3735390000.0,0.0,0.0,2021-09-09,68.26,2021-09-09,EFFR,0.08,0.05,0.07,0.08,0.09,70.0,0.0,0.25,,,,,,,,,,2021-09-09,,
2021-09-10,1794.47,1803.77,1787.04,1787.04,76651,0,23,92.52999877929688,92.6500015258789,92.33000183105467,92.58000183105467,92.58000183105467,0.0,0.0,0.0,2021-09-10,4506.919921875,4520.47021484375,4457.66015625,4458.580078125,4458.580078125,3623180000.0,0.0,0.0,2021-09-10,69.82,2021-09-10,EFFR,0.08,0.06,0.07,0.08,0.09,67.0,0.0,0.25,,,,,,,,,,2021-09-10,,
2021-09-13,1788.24,1798.38,1783.64,1793.29,66416,0,35,92.61000061035156,92.88999938964844,92.56999969482422,92.62000274658205,92.62000274658205,0.0,0.0,0.0,2021-09-13,4474.81005859375,4492.990234375,4445.7001953125,4468.72998046875,4468.72998046875,3914220000.0,0.0,0.0,2021-09-13,70.54,2021-09-13,EFFR,0.08,0.05,0.07,0.08,0.09,67.0,0.0,0.25,,,,,,,,,,2021-09-13,,
2021-09-14,1793.18,1808.62,1781.06,1804.47,71941,0,35,92.62000274658205,92.68000030517578,92.31999969482422,92.6500015258789,92.6500015258789,0.0,0.0,0.0,2021-09-14,4479.330078125,4485.68017578125,4435.4599609375,4443.0498046875,4443.0498046875,3670460000.0,0.0,0.0,2021-09-14,70.53,2021-09-14,EFFR,0.08,0.05,0.07,0.08,0.09,69.0,0.0,0.25,,,,,,,,,,2021-09-14,,
2021-09-15,1804.11,1806.75,1790.51,1793.53,74699,0,35,92.68000030517578,92.68000030517578,92.41999816894533,92.48999786376952,92.48999786376952,0.0,0.0,0.0,2021-09-15,4447.490234375,4486.8701171875,4438.3701171875,4480.7001953125,4480.7001953125,4032020000.0,0.0,0.0,2021-09-15,72.59,2021-09-15,EFFR,0.08,0.05,0.07,0.08,0.09,69.0,0.0,0.25,,,,,,,,,,2021-09-15,,
2021-09-16,1793.84,1796.07,1745.04,1753.38,87509,0,23,92.45999908447266,92.95999908447266,92.45999908447266,92.86000061035156,92.86000061035156,0.0,0.0,0.0,2021-09-16,4477.08984375,4485.8701171875,4443.7998046875,4473.75,4473.75,3984560000.0,0.0,0.0,2021-09-16,72.69,2021-09-16,EFFR,0.08,0.05,0.07,0.08,0.09,66.0,0.0,0.25,,,,,,,,,,2021-09-16,,
2021-09-17,1752.92,1767.23,1747.11,1754.07,82329,0,25,92.87999725341795,93.25,92.7699966430664,93.1999969482422,93.1999969482422,0.0,0.0,0.0,2021-09-17,4469.740234375,4471.52001953125,4427.759765625,4432.990234375,4432.990234375,7289530000.0,0.0,0.0,2021-09-17,72.09,2021-09-17,EFFR,0.08,0.05,0.07,0.08,0.1,64.0,0.0,0.25,,,,,,,,,,2021-09-17,,
2021-09-20,1754.44,1766.99,1742.15,1764.04,80086,0,35,93.25,93.4499969482422,93.19000244140624,93.23999786376952,93.23999786376952,0.0,0.0,0.0,2021-09-20,4402.9501953125,4402.9501953125,4305.91015625,4357.72998046875,4357.72998046875,4898070000.0,0.0,0.0,2021-09-20,70.41,2021-09-20,EFFR,0.08,0.06,0.07,0.08,0.1,69.0,0.0,0.25,,,,,,,,,,2021-09-20,,
2021-09-21,1764.67,1781.55,1757.8,1774.19,69097,0,35,93.23999786376952,93.29000091552734,93.0500030517578,93.1999969482422,93.1999969482422,0.0,0.0,0.0,2021-09-21,4374.4501953125,4394.8701171875,4347.9599609375,4354.18994140625,4354.18994140625,3920920000.0,0.0,0.0,2021-09-21,70.51,2021-09-21,EFFR,0.08,0.06,0.07,0.08,0.09,70.0,0.0,0.25,,,,,,,,,,2021-09-21,,
2021-09-22,1773.68,1787.1,1764.71,1767.94,86074,0,35,93.2300033569336,93.51000213623048,92.98999786376952,93.45999908447266,93.45999908447266,0.0,0.0,0.0,2021-09-22,4367.43017578125,4416.75,4367.43017578125,4395.64013671875,4395.64013671875,3939170000.0,0.0,0.0,2021-09-22,72.37,2021-09-22,EFFR,0.08,0.06,0.07,0.08,0.1,71.0,0.0,0.25,,,,,,,,,,2021-09-22,,
2021-09-23,1767.83,1776.32,1737.52,1742.35,82351,0,35,93.4800033569336,93.5199966430664,92.9800033569336,93.0999984741211,93.0999984741211,0.0,0.0,0.0,2021-09-23,4406.75,4465.39990234375,4406.75,4448.97998046875,4448.97998046875,3916350000.0,0.0,0.0,2021-09-23,73.43,2021-09-23,EFFR,0.08,0.05,0.07,0.08,0.1,70.0,0.0,0.25,,,,,,,,,,2021-09-23,,
2021-09-24,1743.2,1757.52,1740.45,1750.3,71272,0,23,93.06999969482422,93.41999816894533,93.0500030517578,93.33000183105467,93.33000183105467,0.0,0.0,0.0,2021-09-24,4438.0400390625,4463.1201171875,4430.27001953125,4455.47998046875,4455.47998046875,3384290000.0,0.0,0.0,2021-09-24,74.18,2021-09-24,EFFR,0.08,0.06,0.07,0.08,0.09,69.0,0.0,0.25,,,,,,,,,,2021-09-24,,
2021-09-27,1750.57,1760.74,1744.75,1750.11,69181,0,35,93.27999877929688,93.48999786376952,93.20999908447266,93.37999725341795,93.37999725341795,0.0,0.0,0.0,2021-09-27,4442.1201171875,4457.2998046875,4436.18994140625,4443.10986328125,4443.10986328125,4058650000.0,0.0,0.0,2021-09-27,75.54,2021-09-27,EFFR,0.08,0.05,0.07,0.08,0.09,72.0,0.0,0.25,,,,,,,,,,2021-09-27,,
2021-09-28,1749.53,1754.36,1728.01,1733.85,88931,0,35,93.41000366210938,93.80999755859376,93.36000061035156,93.7699966430664,93.7699966430664,0.0,0.0,0.0,2021-09-28,4419.5400390625,4419.5400390625,4346.330078125,4352.6298828125,4352.6298828125,4416550000.0,0.0,0.0,2021-09-28,75.44,2021-09-28,EFFR,0.08,0.06,0.07,0.08,0.09,71.0,0.0,0.25,,,,,,,,,,2021-09-28,,
2021-09-29,1733.23,1745.49,1721.4,1726.4,91491,0,31,93.72000122070312,94.43000030517578,93.66999816894533,94.33999633789062,94.33999633789062,0.0,0.0,0.0,2021-09-29,4362.41015625,4385.56982421875,4355.080078125,4359.4599609375,4359.4599609375,3712660000.0,0.0,0.0,2021-09-29,75.06,2021-09-29,EFFR,0.08,0.05,0.07,0.08,0.09,73.0,0.0,0.25,,,,,,,,,,2021-09-29,,
2021-09-30,1725.49,1764.12,1722.26,1756.93,83107,0,35,94.3499984741211,94.5,94.11000061035156,94.25,94.25,0.0,0.0,0.0,2021-09-30,4370.669921875,4382.5498046875,4306.240234375,4307.5400390625,4307.5400390625,4448140000.0,0.0,0.0,2021-09-30,75.22,2021-09-30,EFFR,0.06,0.05,0.06,0.07,0.09,52.0,0.0,0.25,,,,,,,,,,2021-09-30,,
2021-10-01,1756.2,1764.02,1749.6,1760.59,76496,0,25,94.30999755859376,94.38999938964844,93.98999786376952,94.04000091552734,94.04000091552734,0.0,0.0,0.0,2021-10-01,4317.16015625,4375.18994140625,4288.52001953125,4357.0400390625,4357.0400390625,4010370000.0,0.0,0.0,2021-10-01,76.01,2021-10-01,EFFR,0.08,0.06,0.07,0.08,0.1,68.0,0.0,0.25,,,,,,,,,,2021-10-01,276.55,2021-10-01
2021-10-04,1761.95,1770.25,1747.58,1769.22,84698,0,25,94.06999969482422,94.0999984741211,93.68000030517578,93.80999755859376,93.80999755859376,0.0,0.0,0.0,2021-10-04,4348.83984375,4355.509765625,4278.93994140625,4300.4599609375,4300.4599609375,4307870000.0,0.0,0.0,2021-10-04,77.68,2021-10-04,EFFR,0.08,0.05,0.07,0.08,0.1,73.0,0.0,0.25,,,,,,,,,,2021-10-04,,
2021-10-05,1769.68,1770.07,1748.69,1759.72,71439,0,35,93.83000183105467,94.06999969482422,93.80999755859376,93.9800033569336,93.9800033569336,0.0,0.0,0.0,2021-10-05,4309.8701171875,4369.22998046875,4309.8701171875,4345.72021484375,4345.72021484375,3902890000.0,0.0,0.0,2021-10-05,79.17,2021-10-05,EFFR,0.08,0.05,0.07,0.08,0.09,74.0,0.0,0.25,,,,,,,,,,2021-10-05,,
2021-10-06,1759.41,1765.03,1745.77,1762.37,82266,0,35,93.98999786376952,94.4499969482422,93.9800033569336,94.2699966430664,94.2699966430664,0.0,0.0,0.0,2021-10-06,4319.56982421875,4365.56982421875,4290.490234375,4363.5498046875,4363.5498046875,4009630000.0,0.0,0.0,2021-10-06,77.66,2021-10-06,EFFR,0.08,0.05,0.07,0.08,0.09,75.0,0.0,0.25,,,,,,,,,,2021-10-06,,
2021-10-07,1762.34,1766.85,1751.98,1755.12,67525,0,35,94.2300033569336,94.27999877929688,94.08000183105467,94.22000122070312,94.22000122070312,0.0,0.0,0.0,2021-10-07,4383.72998046875,4429.97021484375,4383.72998046875,4399.759765625,4399.759765625,3843740000.0,0.0,0.0,2021-10-07,78.46,2021-10-07,EFFR,0.08,0.05,0.07,0.08,0.09,77.0,0.0,0.25,,,,,,,,,,2021-10-07,,
2021-10-08,1756.08,1781.17,1753.24,1756.49,75824,0,26,94.20999908447266,94.33999633789062,93.94000244140624,94.06999969482422,94.06999969482422,0.0,0.0,0.0,2021-10-08,4406.509765625,4412.02001953125,4386.22021484375,4391.33984375,4391.33984375,3280160000.0,0.0,0.0,2021-10-08,79.55,2021-10-08,EFFR,0.08,0.05,0.07,0.08,0.09,77.0,0.0,0.25,,,,,,,,,,2021-10-08,,
2021-10-11,1757.04,1760.9,1750.07,1754.2,58599,0,35,94.0999984741211,94.4000015258789,94.02999877929688,94.31999969482422,94.31999969482422,0.0,0.0,0.0,2021-10-11,4385.43994140625,4415.8798828125,4360.58984375,4361.18994140625,4361.18994140625,3281970000.0,0.0,0.0,2021-10-11,80.64,2021-10-11,,,,,,,,,,,,,,,,,,,,,
2021-10-12,1752.59,1769.31,1750.66,1759.96,74219,0,35,94.37000274658205,94.55999755859376,94.2300033569336,94.5199966430664,94.5199966430664,0.0,0.0,0.0,2021-10-12,4368.31005859375,4374.89013671875,4342.08984375,4350.64990234375,4350.64990234375,3558450000.0,0.0,0.0,2021-10-12,80.75,2021-10-12,EFFR,0.08,0.05,0.07,0.08,0.09,76.0,0.0,0.25,,,,,,,,,,2021-10-12,,
2021-10-13,1759.24,1795.92,1757.78,1792.89,79283,0,35,94.5199966430664,94.52999877929688,94.01000213623048,94.08000183105467,94.08000183105467,0.0,0.0,0.0,2021-10-13,4358.009765625,4372.8701171875,4329.919921875,4363.7998046875,4363.7998046875,3620070000.0,0.0,0.0,2021-10-13,80.67,2021-10-13,EFFR,0.08,0.05,0.07,0.08,0.09,73.0,0.0,0.25,,,,,,,,,,2021-10-13,,
2021-10-14,1791.48,1800.47,1786.59,1795.84,66890,0,35,94.0199966430664,94.08999633789062,93.76000213623048,93.95999908447266,93.95999908447266,0.0,0.0,0.0,2021-10-14,4386.75,4439.72998046875,4386.75,4438.259765625,4438.259765625,3598280000.0,0.0,0.0,2021-10-14,81.43,2021-10-14,EFFR,0.08,0.05,0.07,0.08,0.09,72.0,0.0,0.25,,,,,,,,,,2021-10-14,,
2021-10-15,1795.77,1796.35,1764.87,1767.37,72646,0,23,94.02999877929688,94.06999969482422,93.8499984741211,93.94000244140624,93.94000244140624,0.0,0.0,0.0,2021-10-15,4447.68994140625,4475.81982421875,4447.68994140625,4471.3701171875,4471.3701171875,3819380000.0,0.0,0.0,2021-10-15,82.39,2021-10-15,EFFR,0.08,0.05,0.07,0.08,0.09,73.0,0.0,0.25,,,,,,,,,,2021-10-15,,
2021-10-18,1767.36,1771.95,1760.04,1764.67,78825,0,35,93.9499969482422,94.16999816894533,93.87000274658205,93.9499969482422,93.9499969482422,0.0,0.0,0.0,2021-10-18,4463.72021484375,4488.75,4447.47021484375,4486.4599609375,4486.4599609375,3662010000.0,0.0,0.0,2021-10-18,82.62,2021-10-18,EFFR,0.08,0.05,0.07,0.08,0.09,71.0,0.0,0.25,,,,,,,,,,2021-10-18,,
2021-10-19,1763.87,1785.11,1762.79,1769.41,81722,0,35,93.9499969482422,93.9499969482422,93.5,93.79000091552734,93.79000091552734,0.0,0.0,0.0,2021-10-19,4497.33984375,4520.39990234375,4496.41015625,4519.6298828125,4519.6298828125,3459130000.0,0.0,0.0,2021-10-19,83.19,2021-10-19,EFFR,0.08,0.05,0.07,0.08,0.1,70.0,0.0,0.25,,,,,,,,,,2021-10-19,,
2021-10-20,1767.93,1788.41,1766.76,1781.86,75774,0,35,93.80999755859376,93.87999725341795,93.54000091552734,93.55999755859376,93.55999755859376,0.0,0.0,0.0,2021-10-20,4524.419921875,4540.8701171875,4524.39990234375,4536.18994140625,4536.18994140625,3670760000.0,0.0,0.0,2021-10-20,84.4,2021-10-20,EFFR,0.08,0.06,0.07,0.09,0.15,72.0,0.0,0.25,,,,,,,,,,2021-10-20,,
2021-10-21,1781.15,1789.3,1776.46,1782.88,73853,0,35,93.58000183105467,93.79000091552734,93.5,93.7699966430664,93.7699966430664,0.0,0.0,0.0,2021-10-21,4532.240234375,4551.43994140625,4526.89013671875,4549.77978515625,4549.77978515625,3822330000.0,0.0,0.0,2021-10-21,82.64,2021-10-21,EFFR,0.08,0.05,0.07,0.08,0.12,75.0,0.0,0.25,,,,,,,,,,2021-10-21,,
2021-10-22,1782.78,1813.83,1782.78,1792.19,85410,0,24,93.75,93.79000091552734,93.54000091552734,93.61000061035156,93.61000061035156,0.0,0.0,0.0,2021-10-22,4546.1201171875,4559.669921875,4524.0,4544.89990234375,4544.89990234375,3758220000.0,0.0,0.0,2021-10-22,84.53,2021-10-22,EFFR,0.08,0.05,0.07,0.08,0.1,74.0,0.0,0.25,,,,,,,,,,2021-10-22,,
2021-10-25,1793.44,1809.79,1792.13,1807.56,75525,0,35,93.66000366210938,93.95999908447266,93.4800033569336,93.80999755859376,93.80999755859376,0.0,0.0,0.0,2021-10-25,4553.68994140625,4572.6201171875,4537.35986328125,4566.47998046875,4566.47998046875,3899400000.0,0.0,0.0,2021-10-25,84.64,2021-10-25,EFFR,0.08,0.06,0.07,0.08,0.1,78.0,0.0,0.25,,,,,,,,,,2021-10-25,,
2021-10-26,1807.11,1808.2,1782.23,1792.63,71022,0,35,93.83999633789062,94.0199966430664,93.70999908447266,93.9499969482422,93.9499969482422,0.0,0.0,0.0,2021-10-26,4578.68994140625,4598.52978515625,4569.169921875,4574.7900390625,4574.7900390625,3879740000.0,0.0,0.0,2021-10-26,85.64,2021-10-26,EFFR,0.08,0.05,0.07,0.08,0.1,77.0,0.0,0.25,,,,,,,,,,2021-10-26,,
2021-10-27,1792.63,1799.06,1783.26,1796.76,79027,0,30,93.97000122070312,94.01000213623048,93.69000244140624,93.86000061035156,93.86000061035156,0.0,0.0,0.0,2021-10-27,4580.22021484375,4584.56982421875,4551.66015625,4551.68017578125,4551.68017578125,4226050000.0,0.0,0.0,2021-10-27,82.66,2021-10-27,EFFR,0.08,0.06,0.07,0.09,0.1,78.0,0.0,0.25,,,,,,,,,,2021-10-27,,
2021-10-28,1796.53,1810.18,1792.37,1798.73,86031,0,35,93.87999725341795,93.97000122070312,93.27999877929688,93.3499984741211,93.3499984741211,0.0,0.0,0.0,2021-10-28,4562.83984375,4597.5498046875,4562.83984375,4596.419921875,4596.419921875,4132950000.0,0.0,0.0,2021-10-28,82.78,2021-10-28,EFFR,0.08,0.06,0.07,0.08,0.11,84.0,0.0,0.25,,,,,,,,,,2021-10-28,,
2021-10-29,1799.03,1801.08,1772.02,1782.87,89221,0,26,93.36000061035156,94.3000030517578,93.31999969482422,94.12000274658205,94.12000274658205,0.0,0.0,0.0,2021-10-29,4572.8701171875,4608.080078125,4567.58984375,4605.3798828125,4605.3798828125,4510200000.0,0.0,0.0,2021-10-29,83.5,2021-10-29,EFFR,0.07,0.05,0.06,0.08,0.15,70.0,0.0,0.25,,,,,,,,,,2021-10-29,,
2021-11-01,1782.98,1795.54,1778.99,1793.04,69500,0,35,94.12999725341795,94.30999755859376,93.86000061035156,93.87999725341795,93.87999725341795,0.0,0.0,0.0,2021-11-01,4610.6201171875,4620.33984375,4595.06005859375,4613.669921875,4613.669921875,3971540000.0,0.0,0.0,2021-11-01,84.08,2021-11-01,EFFR,0.08,0.05,0.07,0.08,0.12,78.0,0.0,0.25,,,,,,,,,,2021-11-01,278.919,2021-11-01
2021-11-02,1792.73,1796.32,1786.29,1787.85,69007,0,35,93.93000030517578,94.12999725341795,93.81999969482422,94.08999633789062,94.08999633789062,0.0,0.0,0.0,2021-11-02,4613.33984375,4635.14990234375,4613.33984375,4630.64990234375,4630.64990234375,3975250000.0,0.0,0.0,2021-11-02,83.91,2021-11-02,EFFR,0.08,0.05,0.07,0.08,0.1,78.0,0.0,0.25,,,,,,,,,,2021-11-02,,
2021-11-03,1786.96,1788.15,1758.93,1769.59,77387,0,35,94.12000274658205,94.20999908447266,93.81999969482422,93.86000061035156,93.86000061035156,0.0,0.0,0.0,2021-11-03,4630.64990234375,4663.4599609375,4621.18994140625,4660.56982421875,4660.56982421875,4319660000.0,0.0,0.0,2021-11-03,80.82,2021-11-03,EFFR,0.08,0.05,0.07,0.08,0.09,75.0,0.0,0.25,,,,,,,,,,2021-11-03,,
2021-11-04,1768.43,1798.69,1768.43,1791.4,75818,0,33,93.86000061035156,94.47000122070312,93.83000183105467,94.3499984741211,94.3499984741211,0.0,0.0,0.0,2021-11-04,4662.93017578125,4683.0,4662.58984375,4680.06005859375,4680.06005859375,4462300000.0,0.0,0.0,2021-11-04,78.88,2021-11-04,EFFR,0.08,0.05,0.07,0.08,0.1,76.0,0.0,0.25,,,,,,,,,,2021-11-04,,
2021-11-05,1790.89,1818.15,1784.91,1817.68,77331,0,35,94.33999633789062,94.62000274658205,94.19000244140624,94.31999969482422,94.31999969482422,0.0,0.0,0.0,2021-11-05,4699.259765625,4718.5,4681.31982421875,4697.52978515625,4697.52978515625,4467180000.0,0.0,0.0,2021-11-05,81.25,2021-11-05,EFFR,0.08,0.04,0.07,0.08,0.1,79.0,0.0,0.25,,,,,,,,,,2021-11-05,,
2021-11-08,1818.3,1826.4,1812.46,1824.14,71944,0,35,94.25,94.37999725341795,93.98999786376952,94.0500030517578,94.0500030517578,0.0,0.0,0.0,2021-11-08,4701.47998046875,4714.919921875,4694.39013671875,4701.7001953125,4701.7001953125,4269710000.0,0.0,0.0,2021-11-08,81.96,2021-11-08,EFFR,0.08,0.06,0.07,0.08,0.1,76.0,0.0,0.25,,,,,,,,,,2021-11-08,,
2021-11-09,1825.06,1832.71,1819.01,1831.68,76092,0,35,94.08999633789062,94.1500015258789,93.87999725341795,93.95999908447266,93.95999908447266,0.0,0.0,0.0,2021-11-09,4707.25,4708.52978515625,4670.8701171875,4685.25,4685.25,4117080000.0,0.0,0.0,2021-11-09,84.12,2021-11-09,EFFR,0.08,0.06,0.07,0.08,0.1,75.0,0.0,0.25,,,,,,,,,,2021-11-09,,
2021-11-10,1832.18,1868.56,1822.43,1849.1,83493,0,35,93.9800033569336,94.9000015258789,93.97000122070312,94.8499984741211,94.8499984741211,0.0,0.0,0.0,2021-11-10,4670.259765625,4684.85009765625,4630.85986328125,4646.7099609375,4646.7099609375,4503720000.0,0.0,0.0,2021-11-10,81.23,2021-11-10,EFFR,0.08,0.05,0.07,0.09,0.09,72.0,0.0,0.25,,,,,,,,,,2021-11-10,,
2021-11-11,1849.33,1865.98,1842.76,1861.74,70116,0,35,94.83999633789062,95.1999969482422,94.83999633789062,95.18000030517578,95.18000030517578,0.0,0.0,0.0,2021-11-11,4659.39013671875,4664.5498046875,4648.31005859375,4649.27001953125,4649.27001953125,3926870000.0,0.0,0.0,2021-11-11,81.47,2021-11-11,,,,,,,,,,,,,,,,,,,,,
2021-11-12,1861.58,1868.51,1845.17,1864.25,77708,0,32,95.18000030517578,95.2699966430664,95.0,95.12999725341795,95.12999725341795,0.0,0.0,0.0,2021-11-12,4655.240234375,4688.47021484375,4650.77001953125,4682.85009765625,4682.85009765625,3728600000.0,0.0,0.0,2021-11-12,80.87,2021-11-12,EFFR,0.08,0.05,0.07,0.08,0.09,74.0,0.0,0.25,,,,,,,,,,2021-11-12,,
2021-11-15,1868.03,1869.99,1856.21,1862.68,70777,0,35,95.12000274658205,95.5999984741211,94.97000122070312,95.41000366210938,95.41000366210938,0.0,0.0,0.0,2021-11-15,4689.2998046875,4697.419921875,4672.85986328125,4682.7998046875,4682.7998046875,3488410000.0,0.0,0.0,2021-11-15,80.85,2021-11-15,EFFR,0.08,0.05,0.07,0.08,0.09,77.0,0.0,0.25,,,,,,,,,,2021-11-15,,
2021-11-16,1862.64,1877.04,1849.55,1850.43,81410,0,35,95.47000122070312,95.9800033569336,95.4000015258789,95.91999816894533,95.91999816894533,0.0,0.0,0.0,2021-11-16,4679.419921875,4714.9501953125,4679.419921875,4700.89990234375,4700.89990234375,3972640000.0,0.0,0.0,2021-11-16,80.76,2021-11-16,EFFR,0.08,0.05,0.07,0.08,0.09,76.0,0.0,0.25,,,,,,,,,,2021-11-16,,
2021-11-17,1849.83,1867.88,1849.46,1867.23,81575,0,35,95.94000244140624,96.23999786376952,95.7300033569336,95.83000183105467,95.83000183105467,0.0,0.0,0.0,2021-11-17,4701.5,4701.5,4684.41015625,4688.669921875,4688.669921875,3969070000.0,0.0,0.0,2021-11-17,78.32,2021-11-17,EFFR,0.08,0.05,0.07,0.09,0.09,74.0,0.0,0.25,,,,,,,,,,2021-11-17,,
2021-11-18,1866.94,1870.81,1854.92,1858.81,72050,0,35,95.8000030517578,95.83999633789062,95.5199966430664,95.54000091552734,95.54000091552734,0.0,0.0,0.0,2021-11-18,4700.72021484375,4708.7998046875,4672.77978515625,4704.5400390625,4704.5400390625,4226410000.0,0.0,0.0,2021-11-18,78.92,2021-11-18,EFFR,0.08,0.06,0.07,0.08,0.1,77.0,0.0,0.25,,,,,,,,,,2021-11-18,,
2021-11-19,1859.18,1865.42,1843.06,1845.63,82177,0,26,95.58999633789062,96.23999786376952,95.58000183105467,96.06999969482422,96.06999969482422,0.0,0.0,0.0,2021-11-19,4708.43994140625,4717.75,4694.22021484375,4697.9599609375,4697.9599609375,4253180000.0,0.0,0.0,2021-11-19,76.11,2021-11-19,EFFR,0.08,0.06,0.07,0.08,0.1,74.0,0.0,0.25,,,,,,,,,,2021-11-19,,
2021-11-22,1846.37,1849.0,1802.27,1804.58,89038,0,35,96.06999969482422,96.5500030517578,96.04000091552734,96.5,96.5,0.0,0.0,0.0,2021-11-22,4712.0,4743.830078125,4682.169921875,4682.93994140625,4682.93994140625,4441100000.0,0.0,0.0,2021-11-22,76.74,2021-11-22,EFFR,0.08,0.06,0.07,0.08,0.12,74.0,0.0,0.25,,,,,,,,,,2021-11-22,,
2021-11-23,1806.32,1812.35,1781.86,1788.92,86891,0,35,96.45999908447266,96.61000061035156,96.30999755859376,96.48999786376952,96.48999786376952,0.0,0.0,0.0,2021-11-23,4678.47998046875,4699.39013671875,4652.66015625,4690.7001953125,4690.7001953125,4277590000.0,0.0,0.0,2021-11-23,78.32,2021-11-23,EFFR,0.08,0.06,0.07,0.09,0.12,74.0,0.0,0.25,,,,,,,,,,2021-11-23,,
2021-11-24,1789.18,1796.33,1778.49,1788.42,78432,0,35,96.52999877929688,96.94000244140624,96.44000244140624,96.83999633789062,96.83999633789062,0.0,0.0,0.0,2021-11-24,4675.77978515625,4702.8701171875,4659.89013671875,4701.4599609375,4701.4599609375,3418430000.0,0.0,0.0,2021-11-24,78.32,2021-11-24,EFFR,0.08,0.06,0.07,0.08,0.12,79.0,0.0,0.25,,,,,,,,,,2021-11-24,,
2021-11-25,1788.93,1794.92,1785.98,1788.49,37759,0,35,,,,,,,,,,,,,,,,,,,,2021-11-25,,,,,,,,,,,,,,,,,,,,,
2021-11-26,1788.45,1815.26,1780.54,1790.66,82135,0,35,96.72000122070312,96.7699966430664,95.75,96.08999633789062,96.08999633789062,0.0,0.0,0.0,2021-11-26,4664.6298828125,4664.6298828125,4585.43017578125,4594.6201171875,4594.6201171875,3517700000.0,0.0,0.0,2021-11-26,,2021-11-26,EFFR,0.08,0.06,0.07,0.08,0.11,85.0,0.0,0.25,,,,,,,,,,2021-11-26,,
2021-11-29,1789.65,1799.33,1778.37,1784.57,80304,0,35,96.13999938964844,96.4499969482422,96.13999938964844,96.33999633789062,96.33999633789062,0.0,0.0,0.0,2021-11-29,4628.75,4672.9501953125,4625.259765625,4655.27001953125,4655.27001953125,4336410000.0,0.0,0.0,2021-11-29,69.88,2021-11-29,EFFR,0.08,0.06,0.07,0.09,0.12,85.0,0.0,0.25,,,,,,,,,,2021-11-29,,
2021-11-30,1784.38,1808.72,1769.84,1774.76,96926,0,35,96.22000122070312,96.63999938964844,95.5199966430664,95.98999786376952,95.98999786376952,0.0,0.0,0.0,2021-11-30,4640.25,4646.02001953125,4560.0,4567.0,4567.0,6625990000.0,0.0,0.0,2021-11-30,66.14,2021-11-30,EFFR,0.07,0.05,0.06,0.08,0.12,77.0,0.0,0.25,,,,,,,,,,2021-11-30,,
2021-12-01,1775.06,1794.31,1772.1,1781.72,92211,0,35,95.94000244140624,96.13999938964844,95.66999816894533,96.0500030517578,96.0500030517578,0.0,0.0,0.0,2021-12-01,4602.81982421875,4652.93994140625,4510.27001953125,4513.0400390625,4513.0400390625,5366730000.0,0.0,0.0,2021-12-01,65.44,2021-12-01,EFFR,0.08,0.06,0.07,0.09,0.12,76.0,0.0,0.25,,,,,,,,,,2021-12-01,280.845,2021-12-01
2021-12-02,1781.51,1783.32,1761.84,1768.13,85042,0,35,96.06999969482422,96.18000030517578,95.83000183105467,96.12999725341795,96.12999725341795,0.0,0.0,0.0,2021-12-02,4504.72998046875,4595.4599609375,4504.72998046875,4577.10009765625,4577.10009765625,5077180000.0,0.0,0.0,2021-12-02,66.6,2021-12-02,EFFR,0.08,0.06,0.07,0.09,0.17,78.0,0.0,0.25,,,,,,,,,,2021-12-02,,
2021-12-03,1768.17,1786.04,1766.08,1783.23,83651,0,34,96.12000274658205,96.4499969482422,95.97000122070312,96.12000274658205,96.12000274658205,0.0,0.0,0.0,2021-12-03,4589.490234375,4608.02978515625,4495.1201171875,4538.43017578125,4538.43017578125,5240070000.0,0.0,0.0,2021-12-03,66.39,2021-12-03,EFFR,0.08,0.06,0.07,0.09,0.17,77.0,0.0,0.25,,,,,,,,,,2021-12-03,,
2021-12-06,1784.46,1787.68,1775.72,1778.28,66219,0,35,96.1500015258789,96.43000030517578,96.12999725341795,96.29000091552734,96.29000091552734,0.0,0.0,0.0,2021-12-06,4548.3701171875,4612.60009765625,4540.509765625,4591.669921875,4591.669921875,4770800000.0,0.0,0.0,2021-12-06,69.62,2021-12-06,EFFR,0.08,0.06,0.07,0.09,0.2,74.0,0.0,0.25,,,,,,,,,,2021-12-06,,
2021-12-07,1778.18,1787.63,1771.98,1783.98,68131,0,35,96.3000030517578,96.58999633789062,96.16999816894533,96.37000274658205,96.37000274658205,0.0,0.0,0.0,2021-12-07,4631.97021484375,4694.0400390625,4631.97021484375,4686.75,4686.75,4492400000.0,0.0,0.0,2021-12-07,71.94,2021-12-07,EFFR,0.08,0.06,0.08,0.09,0.2,74.0,0.0,0.25,,,,,,,,,,2021-12-07,,
2021-12-08,1783.81,1793.06,1779.65,1782.95,66424,0,35,96.26000213623048,96.37999725341795,95.8499984741211,95.88999938964844,95.88999938964844,0.0,0.0,0.0,2021-12-08,4690.85986328125,4705.06005859375,4674.52001953125,4701.2099609375,4701.2099609375,4234600000.0,0.0,0.0,2021-12-08,72.43,2021-12-08,EFFR,0.08,0.06,0.07,0.09,0.17,76.0,0.0,0.25,,,,,,,,,,2021-12-08,,
2021-12-09,1782.78,1787.39,1773.2,1775.07,65162,0,35,95.95999908447266,96.33999633789062,95.95999908447266,96.2699966430664,96.2699966430664,0.0,0.0,0.0,2021-12-09,4691.0,4695.259765625,4665.97998046875,4667.4501953125,4667.4501953125,3903840000.0,0.0,0.0,2021-12-09,70.87,2021-12-09,EFFR,0.08,0.06,0.07,0.09,0.2,76.0,0.0,0.25,,,,,,,,,,2021-12-09,,
2021-12-10,1775.67,1789.21,1769.98,1782.55,62438,0,35,96.22000122070312,96.43000030517578,95.9800033569336,96.0500030517578,96.0500030517578,0.0,0.0,0.0,2021-12-10,4687.64013671875,4713.56982421875,4670.240234375,4712.02001953125,4712.02001953125,3870110000.0,0.0,0.0,2021-12-10,71.71,2021-12-10,EFFR,0.08,0.06,0.07,0.09,0.17,74.0,0.0,0.25,,,,,,,,,,2021-12-10,,
2021-12-13,1782.87,1791.28,1781.71,1786.5,57150,0,35,96.0500030517578,96.4499969482422,96.0500030517578,96.31999969482422,96.31999969482422,0.0,0.0,0.0,2021-12-13,4710.2998046875,4710.2998046875,4667.60009765625,4668.97021484375,4668.97021484375,4397230000.0,0.0,0.0,2021-12-13,71.19,2021-12-13,EFFR,0.08,0.06,0.07,0.09,0.2,69.0,0.0,0.25,,,,,,,,,,2021-12-13,,
2021-12-14,1785.78,1789.4,1766.22,1770.52,62035,0,23,96.3499984741211,96.58999633789062,96.0999984741211,96.56999969482422,96.56999969482422,0.0,0.0,0.0,2021-12-14,4642.990234375,4660.47021484375,4606.52001953125,4634.08984375,4634.08984375,4485430000.0,0.0,0.0,2021-12-14,70.57,2021-12-14,EFFR,0.08,0.06,0.07,0.08,0.11,73.0,0.0,0.25,,,,,,,,,,2021-12-14,,
2021-12-15,1770.95,1780.88,1752.64,1776.96,74701,0,35,96.5500030517578,96.91000366210938,96.3000030517578,96.51000213623048,96.51000213623048,0.0,0.0,0.0,2021-12-15,4636.4599609375,4712.60009765625,4611.22021484375,4709.85009765625,4709.85009765625,4910130000.0,0.0,0.0,2021-12-15,70.89,2021-12-15,EFFR,0.08,0.06,0.07,0.08,0.1,74.0,0.0,0.25,,,,,,,,,,2021-12-15,,
2021-12-16,1777.13,1799.57,1775.5,1799.11,73160,0,31,96.43000030517578,96.4499969482422,95.8499984741211,96.04000091552734,96.04000091552734,0.0,0.0,0.0,2021-12-16,4719.1298828125,4731.990234375,4651.89013671875,4668.669921875,4668.669921875,4829500000.0,0.0,0.0,2021-12-16,72.34,2021-12-16,EFFR,0.08,0.06,0.07,0.08,0.1,73.0,0.0,0.25,,,,,,,,,,2021-12-16,,
2021-12-17,1799.13,1814.22,1795.69,1797.55,70779,0,30,96.0,96.69000244140624,95.87999725341795,96.56999969482422,96.56999969482422,0.0,0.0,0.0,2021-12-17,4652.5,4666.7001953125,4600.22021484375,4620.64013671875,4620.64013671875,7987090000.0,0.0,0.0,2021-12-17,70.93,2021-12-17,EFFR,0.08,0.06,0.07,0.08,0.2,71.0,0.0,0.25,,,,,,,,,,2021-12-17,,
2021-12-20,1799.01,1804.02,1788.18,1790.78,69496,0,35,96.66999816894533,96.69000244140624,96.33999633789062,96.5500030517578,96.5500030517578,0.0,0.0,0.0,2021-12-20,4587.89990234375,4587.89990234375,4531.10009765625,4568.02001953125,4568.02001953125,4635700000.0,0.0,0.0,2021-12-20,68.69,2021-12-20,EFFR,0.08,0.06,0.07,0.08,0.2,72.0,0.0,0.25,,,,,,,,,,2021-12-20,,
2021-12-21,1790.29,1800.22,1784.84,1788.86,79692,0,35,96.54000091552734,96.63999938964844,96.33999633789062,96.48999786376952,96.48999786376952,0.0,0.0,0.0,2021-12-21,4594.9599609375,4651.14013671875,4583.16015625,4649.22998046875,4649.22998046875,4072430000.0,0.0,0.0,2021-12-21,71.1,2021-12-21,EFFR,0.08,0.06,0.07,0.08,0.2,69.0,0.0,0.25,,,,,,,,,,2021-12-21,,
2021-12-22,1789.06,1804.86,1785.83,1803.38,76283,0,35,96.47000122070312,96.5999984741211,96.0199966430664,96.08000183105467,96.08000183105467,0.0,0.0,0.0,2021-12-22,4650.35986328125,4697.669921875,4645.52978515625,4696.56005859375,4696.56005859375,3319610000.0,0.0,0.0,2021-12-22,72.82,2021-12-22,EFFR,0.08,0.06,0.07,0.08,0.2,69.0,0.0,0.25,,,,,,,,,,2021-12-22,,
2021-12-23,1803.88,1810.59,1798.89,1808.27,68905,0,35,96.02999877929688,96.27999877929688,95.98999786376952,96.0199966430664,96.0199966430664,0.0,0.0,0.0,2021-12-23,4703.9599609375,4740.740234375,4703.9599609375,4725.7900390625,4725.7900390625,2913040000.0,0.0,0.0,2021-12-23,73.89,2021-12-23,EFFR,0.08,0.06,0.07,0.09,0.2,71.0,0.0,0.25,,,,,,,,,,2021-12-23,,
2021-12-27,1807.58,1813.4,1803.08,1811.78,51658,0,35,96.1500015258789,96.26000213623048,96.0500030517578,96.08999633789062,96.08999633789062,0.0,0.0,0.0,2021-12-27,4733.990234375,4791.490234375,4733.990234375,4791.18994140625,4791.18994140625,2770290000.0,0.0,0.0,2021-12-27,75.49,2021-12-27,EFFR,0.08,0.06,0.07,0.08,0.2,75.0,0.0,0.25,,,,,,,,,,2021-12-27,,
2021-12-28,1811.38,1820.27,1804.91,1806.07,53680,0,35,96.06999969482422,96.27999877929688,96.0,96.1999969482422,96.1999969482422,0.0,0.0,0.0,2021-12-28,4795.490234375,4807.02001953125,4780.0400390625,4786.35009765625,4786.35009765625,2707920000.0,0.0,0.0,2021-12-28,76.01,2021-12-28,EFFR,0.08,0.06,0.07,0.08,0.2,72.0,0.0,0.25,,,,,,,,,,2021-12-28,,
2021-12-29,1805.64,1807.56,1789.37,1804.26,61905,0,35,96.1500015258789,96.4000015258789,95.76000213623048,95.93000030517578,95.93000030517578,0.0,0.0,0.0,2021-12-29,4788.64013671875,4804.06005859375,4778.080078125,4793.06005859375,4793.06005859375,2963310000.0,0.0,0.0,2021-12-29,76.58,2021-12-29,EFFR,0.08,0.06,0.07,0.08,0.16,71.0,0.0,0.25,,,,,,,,,,2021-12-29,,
2021-12-30,1804.43,1817.05,1795.97,1814.5,58129,0,35,95.88999938964844,96.22000122070312,95.86000061035156,95.97000122070312,95.97000122070312,0.0,0.0,0.0,2021-12-30,4794.22998046875,4808.93017578125,4775.330078125,4778.72998046875,4778.72998046875,3124950000.0,0.0,0.0,2021-12-30,76.83,2021-12-30,EFFR,0.08,0.05,0.07,0.08,0.1,77.0,0.0,0.25,,,,,,,,,,2021-12-30,,
2021-12-31,1815.09,1827.45,1814.19,1825.14,43307,0,35,95.98999786376952,96.11000061035156,95.56999969482422,95.66999816894533,95.66999816894533,0.0,0.0,0.0,2021-12-31,4775.2099609375,4786.830078125,4765.75,4766.18017578125,4766.18017578125,2677820000.0,0.0,0.0,2021-12-31,75.33,2021-12-31,EFFR,0.07,0.05,0.07,0.09,0.2,49.0,0.0,0.25,,,,,,,,,,2021-12-31,,
2022-01-03,1829.68,1831.6,1798.2,1801.18,61287,0,23,95.66999816894533,96.33000183105467,95.62999725341795,96.23999786376952,96.23999786376952,0.0,0.0,0.0,2022-01-03,4778.14013671875,4796.64013671875,4758.169921875,4796.56005859375,4796.56005859375,3831020000.0,0.0,0.0,2022-01-03,75.99,2022-01-03,EFFR,0.08,0.06,0.08,0.08,0.15,74.0,0.0,0.25,,,,,,,,,,2022-01-03,,
2022-01-04,1801.18,1816.47,1798.42,1814.4,76300,0,33,96.19000244140624,96.45999908447266,96.02999877929688,96.29000091552734,96.29000091552734,0.0,0.0,0.0,2022-01-04,4804.509765625,4818.6201171875,4774.27001953125,4793.5400390625,4793.5400390625,4683170000.0,0.0,0.0,2022-01-04,77.0,2022-01-04,EFFR,0.08,0.06,0.07,0.08,0.1,74.0,0.0,0.25,,,,,,,,,,2022-01-04,,
2022-01-05,1814.66,1829.37,1808.06,1810.17,72389,0,34,96.30999755859376,96.33000183105467,95.88999938964844,96.19000244140624,96.19000244140624,0.0,0.0,0.0,2022-01-05,4787.990234375,4797.7001953125,4699.43994140625,4700.580078125,4700.580078125,4887960000.0,0.0,0.0,2022-01-05,77.83,2022-01-05,EFFR,0.08,0.05,0.07,0.08,0.1,74.0,0.0,0.25,,,,,,,,,,2022-01-05,,
2022-01-06,1810.38,1811.4,1786.33,1790.83,88698,0,34,96.1999969482422,96.38999938964844,96.04000091552734,96.25,96.25,0.0,0.0,0.0,2022-01-06,4693.39013671875,4725.009765625,4671.259765625,4696.0498046875,4696.0498046875,4295280000.0,0.0,0.0,2022-01-06,79.47,2022-01-06,EFFR,0.08,0.06,0.07,0.08,0.1,73.0,0.0,0.25,,,,,,,,,,2022-01-06,,
2022-01-07,1790.91,1798.67,1782.38,1796.74,73554,0,35,96.26000213623048,96.3000030517578,95.70999908447266,95.73999786376952,95.73999786376952,0.0,0.0,0.0,2022-01-07,4697.66015625,4707.9501953125,4662.740234375,4677.02978515625,4677.02978515625,4181510000.0,0.0,0.0,2022-01-07,79.0,2022-01-07,EFFR,0.08,0.06,0.07,0.08,0.1,71.0,0.0,0.25,,,,,,,,,,2022-01-07,,
2022-01-10,1794.93,1802.37,1790.29,1801.55,74742,0,23,95.73999786376952,96.2300033569336,95.73999786376952,95.98999786376952,95.98999786376952,0.0,0.0,0.0,2022-01-10,4655.33984375,4673.02001953125,4582.240234375,4670.2900390625,4670.2900390625,4511810000.0,0.0,0.0,2022-01-10,78.11,2022-01-10,EFFR,0.08,0.06,0.07,0.08,0.1,71.0,0.0,0.25,,,,,,,,,,2022-01-10,,
2022-01-11,1801.23,1823.05,1800.03,1821.32,73135,0,35,95.93000030517578,96.06999969482422,95.58000183105467,95.62000274658205,95.62000274658205,0.0,0.0,0.0,2022-01-11,4669.14013671875,4714.1298828125,4638.27001953125,4713.06982421875,4713.06982421875,4101590000.0,0.0,0.0,2022-01-11,81.17,2022-01-11,EFFR,0.08,0.05,0.07,0.08,0.1,71.0,0.0,0.25,,,,,,,,,,2022-01-11,,
2022-01-12,1821.04,1828.05,1814.72,1825.98,68239,0,25,95.58000183105467,95.69000244140624,94.91000366210938,95.0,95.0,0.0,0.0,0.0,2022-01-12,4728.58984375,4748.830078125,4706.7099609375,4726.35009765625,4726.35009765625,4048220000.0,0.0,0.0,2022-01-12,82.51,2022-01-12,EFFR,0.08,0.05,0.07,0.08,0.1,70.0,0.0,0.25,,,,,,,,,,2022-01-12,,
2022-01-13,1825.73,1828.02,1812.34,1822.48,69480,0,35,94.98999786376952,95.0199966430664,94.66000366210938,94.79000091552734,94.79000091552734,0.0,0.0,0.0,2022-01-13,4733.56005859375,4744.1298828125,4650.2900390625,4659.02978515625,4659.02978515625,4251730000.0,0.0,0.0,2022-01-13,81.97,2022-01-13,EFFR,0.08,0.06,0.07,0.08,0.1,71.0,0.0,0.25,,,,,,,,,,2022-01-13,,
2022-01-14,1822.13,1829.22,1814.45,1817.58,76969,0,35,94.87000274658205,95.2699966430664,94.62999725341795,95.16999816894533,95.16999816894533,0.0,0.0,0.0,2022-01-14,4637.990234375,4665.1298828125,4614.75,4662.85009765625,4662.85009765625,4338490000.0,0.0,0.0,2022-01-14,83.82,2022-01-14,EFFR,0.08,0.06,0.07,0.08,0.1,72.0,0.0,0.25,,,,,,,,,,2022-01-14,,
2022-01-17,1817.62,1823.04,1812.91,1818.98,41652,0,23,,,,,,,,,,,,,,,,,,,,2022-01-17,,,,,,,,,,,,,,,,,,,,,
2022-01-18,1818.72,1822.64,1805.79,1813.52,83564,0,34,95.22000122070312,95.83000183105467,95.12999725341795,95.7300033569336,95.7300033569336,0.0,0.0,0.0,2022-01-18,4632.240234375,4632.240234375,4568.7001953125,4577.10986328125,4577.10986328125,4748700000.0,0.0,0.0,2022-01-18,85.42,2022-01-18,EFFR,0.08,0.06,0.07,0.08,0.16,71.0,0.0,0.25,,,,,,,,,,2022-01-18,,
2022-01-19,1812.9,1843.23,1810.17,1840.4,69213,0,23,95.7699966430664,95.79000091552734,95.48999786376952,95.51000213623048,95.51000213623048,0.0,0.0,0.0,2022-01-19,4588.02978515625,4611.5498046875,4530.2001953125,4532.759765625,4532.759765625,4465740000.0,0.0,0.0,2022-01-19,86.84,2022-01-19,EFFR,0.08,0.06,0.07,0.08,0.2,73.0,0.0,0.25,,,,,,,,,,2022-01-19,,
2022-01-20,1839.33,1847.8,1835.83,1839.38,77162,0,34,95.58999633789062,95.86000061035156,95.41999816894533,95.73999786376952,95.73999786376952,0.0,0.0,0.0,2022-01-20,4547.35009765625,4602.10986328125,4477.9501953125,4482.72998046875,4482.72998046875,4640870000.0,0.0,0.0,2022-01-20,86.29,2022-01-20,EFFR,0.08,0.06,0.07,0.08,0.2,75.0,0.0,0.25,,,,,,,,,,2022-01-20,,
2022-01-21,1838.73,1843.07,1828.32,1834.0,96114,0,30,95.80999755859376,95.83999633789062,95.5,95.63999938964844,95.63999938964844,0.0,0.0,0.0,2022-01-21,4471.3798828125,4494.52001953125,4395.33984375,4397.93994140625,4397.93994140625,5589100000.0,0.0,0.0,2022-01-21,85.16,2022-01-21,EFFR,0.08,0.06,0.07,0.08,0.2,76.0,0.0,0.25,,,,,,,,,,2022-01-21,,
2022-01-24,1834.51,1844.23,1829.61,1842.83,84140,0,28,95.63999938964844,96.12999725341795,95.62999725341795,95.91999816894533,95.91999816894533,0.0,0.0,0.0,2022-01-24,4356.31982421875,4417.35009765625,4222.6201171875,4410.1298828125,4410.1298828125,6928110000.0,0.0,0.0,2022-01-24,84.48,2022-01-24,EFFR,0.08,0.06,0.07,0.08,0.2,75.0,0.0,0.25,,,,,,,,,,2022-01-24,,
2022-01-25,1842.09,1853.73,1834.76,1847.86,76834,0,34,95.93000030517578,96.2699966430664,95.9000015258789,95.9499969482422,95.9499969482422,0.0,0.0,0.0,2022-01-25,4366.64013671875,4411.009765625,4287.10986328125,4356.4501953125,4356.4501953125,5145050000.0,0.0,0.0,2022-01-25,86.61,2022-01-25,EFFR,0.08,0.06,0.07,0.08,0.2,78.0,0.0,0.25,,,,,,,,,,2022-01-25,,
2022-01-26,1847.42,1849.9,1814.83,1819.21,80135,0,24,95.95999908447266,96.54000091552734,95.91000366210938,96.48999786376952,96.48999786376952,0.0,0.0,0.0,2022-01-26,4408.43017578125,4453.22998046875,4304.7998046875,4349.93017578125,4349.93017578125,5570640000.0,0.0,0.0,2022-01-26,88.33,2022-01-26,EFFR,0.08,0.06,0.07,0.08,0.2,78.0,0.0,0.25,,,,,,,,,,2022-01-26,,
2022-01-27,1819.55,1821.95,1791.67,1796.95,100575,0,34,96.5500030517578,97.29000091552734,96.52999877929688,97.26000213623048,97.26000213623048,0.0,0.0,0.0,2022-01-27,4380.580078125,4428.740234375,4309.5,4326.509765625,4326.509765625,5214200000.0,0.0,0.0,2022-01-27,87.61,2022-01-27,EFFR,0.08,0.06,0.07,0.08,0.2,80.0,0.0,0.25,,,,,,,,,,2022-01-27,,
2022-01-28,1797.13,1799.26,1780.15,1791.21,86834,0,34,97.25,97.44000244140624,97.05999755859376,97.2699966430664,97.2699966430664,0.0,0.0,0.0,2022-01-28,4336.18994140625,4432.72021484375,4292.4599609375,4431.85009765625,4431.85009765625,5031090000.0,0.0,0.0,2022-01-28,87.67,2022-01-28,EFFR,0.08,0.06,0.07,0.08,0.16,82.0,0.0,0.25,,,,,,,,,,2022-01-28,,
2022-01-31,1790.57,1799.8,1785.48,1797.16,69861,0,34,97.22000122070312,97.3000030517578,96.5199966430664,96.54000091552734,96.54000091552734,0.0,0.0,0.0,2022-01-31,4431.7900390625,4516.89013671875,4414.02001953125,4515.5498046875,4515.5498046875,5098610000.0,0.0,0.0,2022-01-31,89.16,2022-01-31,EFFR,0.08,0.05,0.07,0.08,0.1,78.0,0.0,0.25,,,,,,,,,,2022-01-31,,
2022-02-01,1797.42,1808.67,1795.61,1800.94,69420,0,34,96.6999969482422,96.72000122070312,96.23999786376952,96.38999938964844,96.38999938964844,0.0,0.0,0.0,2022-02-01,4519.56982421875,4550.490234375,4483.52978515625,4546.5400390625,4546.5400390625,4816830000.0,0.0,0.0,2022-02-01,88.22,2022-02-01,EFFR,0.08,0.06,0.07,0.08,0.1,75.0,0.0,0.25,,,,,,,,,,2022-02-01,284.5,2022-02-01
2022-02-02,1800.33,1810.7,1794.31,1806.67,66858,0,34,96.2699966430664,96.3000030517578,95.80999755859376,95.94000244140624,95.94000244140624,0.0,0.0,0.0,2022-02-02,4566.39013671875,4595.31005859375,4544.31982421875,4589.3798828125,4589.3798828125,4481580000.0,0.0,0.0,2022-02-02,88.16,2022-02-02,EFFR,0.08,0.06,0.07,0.08,0.1,72.0,0.0,0.25,,,,,,,,,,2022-02-02,,
2022-02-03,1806.68,1808.85,1788.53,1804.7,75471,0,34,96.0199966430664,96.25,95.23999786376952,95.37999725341795,95.37999725341795,0.0,0.0,0.0,2022-02-03,4535.41015625,4542.8798828125,4470.39013671875,4477.43994140625,4477.43994140625,4401970000.0,0.0,0.0,2022-02-03,90.17,2022-02-03,EFFR,0.08,0.06,0.07,0.08,0.2,72.0,0.0,0.25,,,,,,,,,,2022-02-03,,
2022-02-04,1804.77,1814.77,1792.08,1807.71,75095,0,34,95.30999755859376,95.6999969482422,95.13999938964844,95.4800033569336,95.4800033569336,0.0,0.0,0.0,2022-02-04,4482.7900390625,4539.66015625,4451.5,4500.52978515625,4500.52978515625,4706290000.0,0.0,0.0,2022-02-04,92.27,2022-02-04,EFFR,0.08,0.06,0.07,0.08,0.1,69.0,0.0,0.25,,,,,,,,,,2022-02-04,,
2022-02-07,1806.7,1823.45,1806.3,1820.27,68155,0,34,95.4800033569336,95.62999725341795,95.3499984741211,95.4000015258789,95.4000015258789,0.0,0.0,0.0,2022-02-07,4505.75,4521.85986328125,4471.47021484375,4483.8701171875,4483.8701171875,4228480000.0,0.0,0.0,2022-02-07,91.25,2022-02-07,EFFR,0.08,0.06,0.07,0.08,0.11,72.0,0.0,0.25,,,,,,,,,,2022-02-07,,
2022-02-08,1820.39,1828.66,1815.33,1825.82,65354,0,23,95.43000030517578,95.75,95.4000015258789,95.63999938964844,95.63999938964844,0.0,0.0,0.0,2022-02-08,4480.02001953125,4531.31982421875,4465.39990234375,4521.5400390625,4521.5400390625,4459620000.0,0.0,0.0,2022-02-08,89.32,2022-02-08,EFFR,0.08,0.06,0.07,0.08,0.11,70.0,0.0,0.25,,,,,,,,,,2022-02-08,,
2022-02-09,1825.49,1835.73,1824.58,1832.67,83209,0,33,95.58999633789062,95.66999816894533,95.37999725341795,95.48999786376952,95.48999786376952,0.0,0.0,0.0,2022-02-09,4547.0,4590.02978515625,4547.0,4587.18017578125,4587.18017578125,4524350000.0,0.0,0.0,2022-02-09,89.57,2022-02-09,EFFR,0.08,0.06,0.07,0.08,0.1,70.0,0.0,0.25,,,,,,,,,,2022-02-09,,
2022-02-10,1832.85,1841.82,1821.52,1826.47,102585,0,34,95.56999969482422,96.0,95.16999816894533,95.5500030517578,95.5500030517578,0.0,0.0,0.0,2022-02-10,4553.240234375,4588.919921875,4484.31005859375,4504.080078125,4504.080078125,5314860000.0,0.0,0.0,2022-02-10,89.83,2022-02-10,EFFR,0.08,0.06,0.07,0.08,0.11,71.0,0.0,0.25,,,,,,,,,,2022-02-10,,
2022-02-11,1826.06,1865.23,1820.83,1857.88,111769,0,34,95.94000244140624,96.11000061035156,95.63999938964844,96.08000183105467,96.08000183105467,0.0,0.0,0.0,2022-02-11,4506.27001953125,4526.330078125,4401.41015625,4418.64013671875,4418.64013671875,5251500000.0,0.0,0.0,2022-02-11,93.1,2022-02-11,EFFR,0.08,0.06,0.07,0.08,0.11,67.0,0.0,0.25,,,,,,,,,,2022-02-11,,
2022-02-14,1861.84,1874.01,1850.71,1871.19,112578,0,32,96.02999877929688,96.44000244140624,95.91000366210938,96.37000274658205,96.37000274658205,0.0,0.0,0.0,2022-02-14,4412.60986328125,4426.22021484375,4364.83984375,4401.669921875,4401.669921875,4600390000.0,0.0,0.0,2022-02-14,95.52,2022-02-14,EFFR,0.08,0.06,0.07,0.08,0.1,63.0,0.0,0.25,,,,,,,,,,2022-02-14,,
2022-02-15,1871.06,1879.4,1844.33,1853.32,94936,0,34,96.23999786376952,96.29000091552734,95.95999908447266,95.98999786376952,95.98999786376952,0.0,0.0,0.0,2022-02-15,4429.27978515625,4472.77001953125,4429.27978515625,4471.06982421875,4471.06982421875,4430830000.0,0.0,0.0,2022-02-15,92.07,2022-02-15,EFFR,0.08,0.06,0.07,0.08,0.1,65.0,0.0,0.25,,,,,,,,,,2022-02-15,,
2022-02-16,1853.17,1872.39,1850.18,1869.33,87314,0,34,96.01000213623048,96.05999755859376,95.68000030517578,95.6999969482422,95.6999969482422,0.0,0.0,0.0,2022-02-16,4455.75,4489.5498046875,4429.68017578125,4475.009765625,4475.009765625,4283640000.0,0.0,0.0,2022-02-16,93.83,2022-02-16,EFFR,0.08,0.06,0.07,0.08,0.11,70.0,0.0,0.25,,,,,,,,,,2022-02-16,,
2022-02-17,1869.27,1901.0,1867.66,1898.24,112750,0,34,95.7699966430664,96.11000061035156,95.70999908447266,95.8000030517578,95.8000030517578,0.0,0.0,0.0,2022-02-17,4456.06005859375,4456.06005859375,4373.81005859375,4380.259765625,4380.259765625,4539420000.0,0.0,0.0,2022-02-17,91.78,2022-02-17,EFFR,0.08,0.06,0.07,0.08,0.18,73.0,0.0,0.25,,,,,,,,,,2022-02-17,,
2022-02-18,1898.47,1902.3,1886.49,1896.96,101055,0,32,95.83000183105467,96.16999816894533,95.7300033569336,96.04000091552734,96.04000091552734,0.0,0.0,0.0,2022-02-18,4384.56982421875,4394.60009765625,4327.22021484375,4348.8701171875,4348.8701171875,4708060000.0,0.0,0.0,2022-02-18,91.26,2022-02-18,EFFR,0.08,0.06,0.07,0.09,0.2,71.0,0.0,0.25,,,,,,,,,,2022-02-18,,
2022-02-21,1897.91,1908.14,1887.49,1903.97,73427,0,27,,,,,,,,,,,,,,,,,,,,2022-02-21,,,,,,,,,,,,,,,,,,,,,
2022-02-22,1910.01,1913.98,1891.3,1898.33,126709,0,23,96.08000183105467,96.26000213623048,95.83999633789062,96.02999877929688,96.02999877929688,0.0,0.0,0.0,2022-02-22,4332.740234375,4362.1201171875,4267.10986328125,4304.759765625,4304.759765625,5121900000.0,0.0,0.0,2022-02-22,92.11,2022-02-22,EFFR,0.08,0.06,0.07,0.08,0.2,72.0,0.0,0.25,,,,,,,,,,2022-02-22,,
2022-02-23,1898.27,1910.41,1889.55,1908.93,91515,0,34,96.04000091552734,96.23999786376952,95.8499984741211,96.19000244140624,96.19000244140624,0.0,0.0,0.0,2022-02-23,4324.93017578125,4341.509765625,4221.509765625,4225.5,4225.5,4797430000.0,0.0,0.0,2022-02-23,92.14,2022-02-23,EFFR,0.08,0.06,0.07,0.08,0.16,72.0,0.0,0.25,,,,,,,,,,2022-02-23,,
2022-02-24,1909.1,1974.26,1877.89,1903.87,163580,0,34,96.22000122070312,97.73999786376952,96.22000122070312,97.13999938964844,97.13999938964844,0.0,0.0,0.0,2022-02-24,4155.77001953125,4294.72998046875,4114.64990234375,4288.7001953125,4288.7001953125,6752130000.0,0.0,0.0,2022-02-24,92.77,2022-02-24,EFFR,0.08,0.06,0.07,0.09,0.11,64.0,0.0,0.25,,,,,,,,,,2022-02-24,,
2022-02-25,1904.17,1921.41,1883.05,1888.58,125916,0,29,97.0,97.22000122070312,96.5199966430664,96.62000274658205,96.62000274658205,0.0,0.0,0.0,2022-02-25,4298.3798828125,4385.33984375,4286.830078125,4384.64990234375,4384.64990234375,5177060000.0,0.0,0.0,2022-02-25,91.68,2022-02-25,EFFR,0.08,0.06,0.07,0.09,0.17,69.0,0.0,0.25,,,,,,,,,,2022-02-25,,
2022-02-28,1920.24,1930.62,1890.7,1908.49,150468,0,34,96.54000091552734,97.41999816894533,96.54000091552734,96.70999908447266,96.70999908447266,0.0,0.0,0.0,2022-02-28,4354.169921875,4388.83984375,4315.1201171875,4373.93994140625,4373.93994140625,6071370000.0,0.0,0.0,2022-02-28,96.13,2022-02-28,EFFR,0.08,0.06,0.07,0.09,0.18,65.0,0.0,0.25,,,,,,,,,,2022-02-28,,
2022-03-01,1906.85,1950.07,1901.25,1944.89,148135,0,34,96.7699966430664,97.58000183105467,96.62999725341795,97.41000366210938,97.41000366210938,0.0,0.0,0.0,2022-03-01,4363.14013671875,4378.4501953125,4279.5400390625,4306.259765625,4306.259765625,5846230000.0,0.0,0.0,2022-03-01,103.66,2022-03-01,EFFR,0.08,0.06,0.08,0.09,0.18,64.0,0.0,0.25,,,,,,,,,,2022-03-01,287.674,2022-03-01
2022-03-02,1942.52,1947.83,1913.39,1928.48,147733,0,34,97.37000274658205,97.83000183105467,97.29000091552734,97.38999938964844,97.38999938964844,0.0,0.0,0.0,2022-03-02,4322.56005859375,4401.47998046875,4322.56005859375,4386.5400390625,4386.5400390625,5337870000.0,0.0,0.0,2022-03-02,110.74,2022-03-02,EFFR,0.08,0.06,0.07,0.09,0.11,70.0,0.0,0.25,,,,,,,,,,2022-03-02,,
2022-03-03,1929.17,1941.18,1921.89,1936.13,132824,0,24,97.47000122070312,97.9499969482422,97.43000030517578,97.79000091552734,97.79000091552734,0.0,0.0,0.0,2022-03-03,4401.31005859375,4416.77978515625,4345.56005859375,4363.490234375,4363.490234375,5039890000.0,0.0,0.0,2022-03-03,107.69,2022-03-03,EFFR,0.08,0.06,0.07,0.09,0.11,68.0,0.0,0.25,,,,,,,,,,2022-03-03,,
2022-03-04,1935.8,1970.55,1929.56,1970.5,137547,0,25,98.04000091552734,98.91999816894533,97.83999633789062,98.6500015258789,98.6500015258789,0.0,0.0,0.0,2022-03-04,4342.1201171875,4342.1201171875,4284.97998046875,4328.8701171875,4328.8701171875,5797380000.0,0.0,0.0,2022-03-04,115.77,2022-03-04,EFFR,0.08,0.06,0.07,0.09,0.16,72.0,0.0,0.25,,,,,,,,,,2022-03-04,,
2022-03-07,1978.12,2002.46,1960.9,1997.43,167597,0,25,98.56999969482422,99.41999816894533,98.56999969482422,99.29000091552734,99.29000091552734,0.0,0.0,0.0,2022-03-07,4327.009765625,4327.009765625,4199.85009765625,4201.08984375,4201.08984375,6940470000.0,0.0,0.0,2022-03-07,119.26,2022-03-07,EFFR,0.08,0.06,0.07,0.09,0.17,71.0,0.0,0.25,,,,,,,,,,2022-03-07,,
2022-03-08,1996.72,2070.4,1980.91,2049.68,193037,0,25,99.23999786376952,99.31999969482422,98.70999908447266,99.05999755859376,99.05999755859376,0.0,0.0,0.0,2022-03-08,4202.66015625,4276.93994140625,4157.8701171875,4170.7001953125,4170.7001953125,7243120000.0,0.0,0.0,2022-03-08,123.64,2022-03-08,EFFR,0.08,0.06,0.07,0.08,0.1,69.0,0.0,0.25,,,,,,,,,,2022-03-08,,
2022-03-09,2051.25,2059.13,1976.03,1991.62,190015,0,25,99.12000274658205,99.12000274658205,97.8499984741211,97.97000122070312,97.97000122070312,0.0,0.0,0.0,2022-03-09,4223.10009765625,4299.39990234375,4223.10009765625,4277.8798828125,4277.8798828125,5662670000.0,0.0,0.0,2022-03-09,108.81,2022-03-09,EFFR,0.08,0.06,0.07,0.09,0.16,71.0,0.0,0.25,,,,,,,,,,2022-03-09,,
2022-03-10,1988.86,2009.08,1970.49,1996.57,169899,0,25,98.05999755859376,98.5999984741211,97.70999908447266,98.51000213623048,98.51000213623048,0.0,0.0,0.0,2022-03-10,4252.5498046875,4268.27978515625,4209.7998046875,4259.52001953125,4259.52001953125,4980830000.0,0.0,0.0,2022-03-10,105.93,2022-03-10,EFFR,0.08,0.06,0.07,0.09,0.1,72.0,0.0,0.25,,,,,,,,,,2022-03-10,,
2022-03-11,1994.1,1998.87,1958.55,1988.04,129334,0,25,98.36000061035156,99.16000366210938,98.2699966430664,99.12000274658205,99.12000274658205,0.0,0.0,0.0,2022-03-11,4279.5,4291.009765625,4200.490234375,4204.31005859375,4204.31005859375,4938640000.0,0.0,0.0,2022-03-11,109.31,2022-03-11,EFFR,0.08,0.06,0.07,0.08,0.1,73.0,0.0,0.25,,,,,,,,,,2022-03-11,,
2022-03-14,1984.13,1989.79,1949.56,1950.49,130540,0,25,99.12999725341795,99.29000091552734,98.68000030517578,99.05999755859376,99.05999755859376,0.0,0.0,0.0,2022-03-14,4202.75,4247.56982421875,4161.72021484375,4173.10986328125,4173.10986328125,5574920000.0,0.0,0.0,2022-03-14,103.22,2022-03-14,EFFR,0.08,0.06,0.07,0.08,0.1,72.0,0.0,0.25,,,,,,,,,,2022-03-14,,
2022-03-15,1951.47,1954.57,1906.98,1917.64,144463,0,25,99.12999725341795,99.1999969482422,98.63999938964844,99.06999969482422,99.06999969482422,0.0,0.0,0.0,2022-03-15,4188.81982421875,4271.0498046875,4187.89990234375,4262.4501953125,4262.4501953125,5392470000.0,0.0,0.0,2022-03-15,96.42,2022-03-15,EFFR,0.08,0.06,0.07,0.08,0.1,76.0,0.0,0.25,,,,,,,,,,2022-03-15,,
2022-03-16,1918.94,1929.37,1895.0,1926.13,126984,0,25,98.88999938964844,99.08000183105467,98.3000030517578,98.37999725341795,98.37999725341795,0.0,0.0,0.0,2022-03-16,4288.14013671875,4358.89990234375,4251.990234375,4357.85986328125,4357.85986328125,6309750000.0,0.0,0.0,2022-03-16,94.85,2022-03-16,EFFR,0.08,0.06,0.07,0.09,0.15,74.0,0.0,0.25,,,,,,,,,,2022-03-16,,
2022-03-17,1928.08,1949.72,1923.19,1942.43,120030,0,25,98.5,98.51000213623048,97.7300033569336,98.01000213623048,98.01000213623048,0.0,0.0,0.0,2022-03-17,4345.10986328125,4412.669921875,4335.64990234375,4411.669921875,4411.669921875,4985090000.0,0.0,0.0,2022-03-17,102.97,2022-03-17,EFFR,0.33,0.3,0.32,0.34,0.36,73.0,0.25,0.5,,,,,,,,,,2022-03-17,,
2022-03-18,1942.38,1945.26,1917.87,1920.35,96073,0,25,98.0,98.62000274658205,97.83999633789062,98.2300033569336,98.2300033569336,0.0,0.0,0.0,2022-03-18,4407.33984375,4465.39990234375,4390.56982421875,4463.1201171875,4463.1201171875,8278430000.0,0.0,0.0,2022-03-18,104.69,2022-03-18,EFFR,0.33,0.31,0.32,0.34,0.4,72.0,0.25,0.5,,,,,,,,,,2022-03-18,,
2022-03-21,1921.44,1941.14,1917.88,1935.71,92827,0,25,98.23999786376952,98.52999877929688,98.16000366210938,98.5,98.5,0.0,0.0,0.0,2022-03-21,4462.39990234375,4481.75,4424.2998046875,4461.18017578125,4461.18017578125,4869820000.0,0.0,0.0,2022-03-21,112.14,2022-03-21,EFFR,0.33,0.31,0.32,0.34,0.4,76.0,0.25,0.5,,,,,,,,,,2022-03-21,,
2022-03-22,1935.45,1938.32,1910.6,1921.27,102377,0,25,98.48999786376952,98.97000122070312,98.31999969482422,98.48999786376952,98.48999786376952,0.0,0.0,0.0,2022-03-22,4469.10009765625,4522.0,4469.10009765625,4511.60986328125,4511.60986328125,4754840000.0,0.0,0.0,2022-03-22,111.03,2022-03-22,EFFR,0.33,0.3,0.32,0.33,0.35,76.0,0.25,0.5,,,,,,,,,,2022-03-22,,
2022-03-23,1921.23,1948.32,1915.48,1944.03,95649,0,25,98.4800033569336,98.87999725341795,98.38999938964844,98.62000274658205,98.62000274658205,0.0,0.0,0.0,2022-03-23,4493.10009765625,4501.06982421875,4455.81005859375,4456.240234375,4456.240234375,4550670000.0,0.0,0.0,2022-03-23,114.89,2022-03-23,EFFR,0.33,0.31,0.32,0.34,0.34,74.0,0.25,0.5,,,,,,,,,,2022-03-23,,
2022-03-24,1943.63,1966.09,1937.29,1957.54,114016,0,25,98.63999938964844,98.95999908447266,98.5999984741211,98.79000091552734,98.79000091552734,0.0,0.0,0.0,2022-03-24,4469.97998046875,4520.580078125,4465.169921875,4520.16015625,4520.16015625,4131390000.0,0.0,0.0,2022-03-24,114.2,2022-03-24,EFFR,0.33,0.31,0.32,0.34,0.34,74.0,0.25,0.5,,,,,,,,,,2022-03-24,,
2022-03-25,1957.31,1964.22,1943.1,1957.9,105259,0,25,98.75,98.83000183105467,98.4000015258789,98.80999755859376,98.80999755859376,0.0,0.0,0.0,2022-03-25,4522.91015625,4546.02978515625,4501.06982421875,4543.06005859375,4543.06005859375,4305020000.0,0.0,0.0,2022-03-25,116.2,2022-03-25,EFFR,0.33,0.31,0.32,0.33,0.34,78.0,0.25,0.5,,,,,,,,,,2022-03-25,,
2022-03-28,1958.08,1958.82,1916.89,1922.69,129821,0,25,98.80999755859376,99.37000274658205,98.8000030517578,99.08999633789062,99.08999633789062,0.0,0.0,0.0,2022-03-28,4541.08984375,4575.64990234375,4517.68994140625,4575.52001953125,4575.52001953125,4312260000.0,0.0,0.0,2022-03-28,107.55,2022-03-28,EFFR,0.33,0.31,0.32,0.34,0.36,77.0,0.25,0.5,,,,,,,,,,2022-03-28,,
2022-03-29,1922.06,1929.27,1889.98,1919.41,134442,0,25,99.08000183105467,99.3000030517578,98.04000091552734,98.4000015258789,98.4000015258789,0.0,0.0,0.0,2022-03-29,4602.85986328125,4637.2998046875,4589.66015625,4631.60009765625,4631.60009765625,5085910000.0,0.0,0.0,2022-03-29,104.25,2022-03-29,EFFR,0.33,0.31,0.32,0.34,0.36,83.0,0.25,0.5,,,,,,,,,,2022-03-29,,
2022-03-30,1919.19,1938.46,1915.82,1932.44,105141,0,25,98.37000274658205,98.43000030517578,97.69000244140624,97.79000091552734,97.79000091552734,0.0,0.0,0.0,2022-03-30,4624.2001953125,4627.77001953125,4581.31982421875,4602.4501953125,4602.4501953125,4385570000.0,0.0,0.0,2022-03-30,107.81,2022-03-30,EFFR,0.33,0.31,0.32,0.34,0.36,80.0,0.25,0.5,,,,,,,,,,2022-03-30,,
2022-03-31,1933.11,1949.73,1919.06,1936.99,114867,0,25,97.83000183105467,98.4000015258789,97.69000244140624,98.30999755859376,98.30999755859376,0.0,0.0,0.0,2022-03-31,4599.02001953125,4603.06982421875,4530.41015625,4530.41015625,4530.41015625,4823020000.0,0.0,0.0,2022-03-31,100.53,2022-03-31,EFFR,0.33,0.3,0.32,0.33,0.4,57.0,0.25,0.5,,,,,,,,,,2022-03-31,,
2022-04-01,1937.13,1939.42,1917.97,1924.24,108062,0,25,98.33999633789062,98.73999786376952,98.30999755859376,98.62999725341795,98.62999725341795,0.0,0.0,0.0,2022-04-01,4540.31982421875,4548.7001953125,4507.56982421875,4545.85986328125,4545.85986328125,4562940000.0,0.0,0.0,2022-04-01,99.32,2022-04-01,EFFR,0.33,0.31,0.32,0.33,0.35,78.0,0.25,0.5,,,,,,,,,,2022-04-01,288.561,2022-04-01
2022-04-04,1924.48,1936.79,1915.39,1932.55,96058,0,25,98.56999969482422,99.08000183105467,98.5199966430664,98.98999786376952,98.98999786376952,0.0,0.0,0.0,2022-04-04,4547.97021484375,4583.5,4539.2099609375,4582.64013671875,4582.64013671875,4547350000.0,0.0,0.0,2022-04-04,103.29,2022-04-04,EFFR,0.33,0.31,0.32,0.33,0.35,78.0,0.25,0.5,,,,,,,,,,2022-04-04,,
2022-04-05,1932.81,1944.47,1917.92,1923.3,109999,0,25,99.0,99.5199966430664,98.83999633789062,99.47000122070312,99.47000122070312,0.0,0.0,0.0,2022-04-05,4572.4501953125,4593.4501953125,4514.169921875,4525.1201171875,4525.1201171875,4800620000.0,0.0,0.0,2022-04-05,101.98,2022-04-05,EFFR,0.33,0.31,0.32,0.33,0.35,79.0,0.25,0.5,,,,,,,,,,2022-04-05,,
2022-04-06,1923.59,1933.38,1914.99,1925.09,129257,0,25,99.47000122070312,99.7699966430664,99.30999755859376,99.5999984741211,99.5999984741211,0.0,0.0,0.0,2022-04-06,4494.169921875,4503.93994140625,4450.0400390625,4481.14990234375,4481.14990234375,4986830000.0,0.0,0.0,2022-04-06,96.39,2022-04-06,EFFR,0.33,0.31,0.32,0.33,0.35,77.0,0.25,0.5,,,,,,,,,,2022-04-06,,
2022-04-07,1924.25,1937.77,1920.46,1931.46,111317,0,25,99.6500015258789,99.83000183105467,99.4000015258789,99.75,99.75,0.0,0.0,0.0,2022-04-07,4474.64990234375,4521.16015625,4450.2998046875,4500.2099609375,4500.2099609375,4821490000.0,0.0,0.0,2022-04-07,96.05,2022-04-07,EFFR,0.33,0.31,0.32,0.33,0.35,78.0,0.25,0.5,,,,,,,,,,2022-04-07,,
2022-04-08,1931.27,1948.06,1927.57,1947.6,104429,0,25,99.81999969482422,100.19000244140624,99.73999786376952,99.8000030517578,99.8000030517578,0.0,0.0,0.0,2022-04-08,4494.14990234375,4520.41015625,4474.60009765625,4488.27978515625,4488.27978515625,4083200000.0,0.0,0.0,2022-04-08,98.35,2022-04-08,EFFR,0.33,0.31,0.32,0.33,0.35,77.0,0.25,0.5,,,,,,,,,,2022-04-08,,
2022-04-11,1946.46,1969.52,1939.92,1953.54,123438,0,25,99.83999633789062,100.0500030517578,99.62000274658205,99.93000030517578,99.93000030517578,0.0,0.0,0.0,2022-04-11,4462.64013671875,4464.35009765625,4408.3798828125,4412.52978515625,4412.52978515625,4266290000.0,0.0,0.0,2022-04-11,94.22,2022-04-11,EFFR,0.33,0.31,0.32,0.33,0.35,80.0,0.25,0.5,,,,,,,,,,2022-04-11,,
2022-04-12,1953.57,1978.56,1949.52,1966.45,123353,0,25,100.04000091552734,100.33000183105467,99.73999786376952,100.29000091552734,100.29000091552734,0.0,0.0,0.0,2022-04-12,4437.58984375,4471.0,4381.33984375,4397.4501953125,4397.4501953125,4152090000.0,0.0,0.0,2022-04-12,100.52,2022-04-12,EFFR,0.33,0.31,0.32,0.33,0.36,80.0,0.25,0.5,,,,,,,,,,2022-04-12,,
2022-04-13,1965.8,1981.46,1962.8,1977.98,113246,0,25,100.33999633789062,100.5199966430664,99.83000183105467,99.87999725341795,99.87999725341795,0.0,0.0,0.0,2022-04-13,4394.2998046875,4453.919921875,4392.7001953125,4446.58984375,4446.58984375,3828150000.0,0.0,0.0,2022-04-13,104.26,2022-04-13,EFFR,0.33,0.31,0.32,0.34,0.35,77.0,0.25,0.5,,,,,,,,,,2022-04-13,,
2022-04-14,1977.4,1980.26,1960.39,1973.28,113640,0,25,99.79000091552734,100.76000213623048,99.56999969482422,100.31999969482422,100.31999969482422,0.0,0.0,0.0,2022-04-14,4449.1201171875,4460.4599609375,4390.77001953125,4392.58984375,4392.58984375,4083090000.0,0.0,0.0,2022-04-14,106.84,2022-04-14,EFFR,0.33,0.31,0.32,0.34,0.34,71.0,0.25,0.5,,,,,,,,,,2022-04-14,,
2022-04-18,1972.57,1998.32,1970.46,1978.52,105007,0,25,100.5,100.86000061035156,100.45999908447266,100.77999877929688,100.77999877929688,0.0,0.0,0.0,2022-04-18,4385.6298828125,4410.31005859375,4370.2998046875,4391.68994140625,4391.68994140625,3910490000.0,0.0,0.0,2022-04-18,108.24,2022-04-18,EFFR,0.33,0.31,0.32,0.34,0.36,76.0,0.25,0.5,,,,,,,,,,2022-04-18,,
2022-04-19,1977.04,1981.89,1943.68,1949.96,119997,0,25,100.83000183105467,101.02999877929688,100.6999969482422,100.95999908447266,100.95999908447266,0.0,0.0,0.0,2022-04-19,4390.6298828125,4471.02978515625,4390.6298828125,4462.2099609375,4462.2099609375,4108120000.0,0.0,0.0,2022-04-19,102.54,2022-04-19,EFFR,0.33,0.31,0.32,0.34,0.43,70.0,0.25,0.5,,,,,,,,,,2022-04-19,,
2022-04-20,1950.05,1958.2,1939.2,1957.35,129650,0,25,100.9800033569336,101.04000091552734,100.22000122070312,100.38999938964844,100.38999938964844,0.0,0.0,0.0,2022-04-20,4472.259765625,4488.2900390625,4448.759765625,4459.4501953125,4459.4501953125,4290450000.0,0.0,0.0,2022-04-20,102.56,2022-04-20,EFFR,0.33,0.31,0.33,0.34,0.45,71.0,0.25,0.5,,,,,,,,,,2022-04-20,,
2022-04-21,1956.89,1957.34,1936.65,1951.07,120122,0,25,100.3499984741211,100.63999938964844,99.81999969482422,100.58000183105467,100.58000183105467,0.0,0.0,0.0,2022-04-21,4489.169921875,4512.93994140625,4384.47021484375,4393.66015625,4393.66015625,4636890000.0,0.0,0.0,2022-04-21,103.89,2022-04-21,EFFR,0.33,0.31,0.33,0.34,0.45,70.0,0.25,0.5,,,,,,,,,,2022-04-21,,
2022-04-22,1951.22,1955.52,1926.42,1931.44,128746,0,25,100.62000274658205,101.33000183105467,100.47000122070312,101.22000122070312,101.22000122070312,0.0,0.0,0.0,2022-04-22,4385.830078125,4385.830078125,4267.6201171875,4271.77978515625,4271.77978515625,4651940000.0,0.0,0.0,2022-04-22,102.86,2022-04-22,EFFR,0.33,0.31,0.33,0.34,0.41,74.0,0.25,0.5,,,,,,,,,,2022-04-22,,
2022-04-25,1930.28,1934.48,1891.4,1897.82,127347,0,25,101.12000274658205,101.86000061035156,101.04000091552734,101.75,101.75,0.0,0.0,0.0,2022-04-25,4255.33984375,4299.02001953125,4200.81982421875,4296.1201171875,4296.1201171875,5240040000.0,0.0,0.0,2022-04-25,99.6,2022-04-25,EFFR,0.33,0.31,0.33,0.34,0.45,78.0,0.25,0.5,,,,,,,,,,2022-04-25,,
2022-04-26,1898.09,1911.15,1895.61,1904.98,117533,0,25,101.7300033569336,102.36000061035156,101.51000213623048,102.3000030517578,102.3000030517578,0.0,0.0,0.0,2022-04-26,4278.14013671875,4278.14013671875,4175.0400390625,4175.2001953125,4175.2001953125,4689970000.0,0.0,0.0,2022-04-26,102.62,2022-04-26,EFFR,0.33,0.31,0.32,0.34,0.4,73.0,0.25,0.5,,,,,,,,,,2022-04-26,,
2022-04-27,1905.13,1906.94,1881.27,1885.71,122147,0,25,102.27999877929688,103.27999877929688,102.22000122070312,102.9499969482422,102.9499969482422,0.0,0.0,0.0,2022-04-27,4186.52001953125,4240.7099609375,4162.89990234375,4183.9599609375,4183.9599609375,4769680000.0,0.0,0.0,2022-04-27,101.96,2022-04-27,EFFR,0.33,0.31,0.33,0.34,0.45,78.0,0.25,0.5,,,,,,,,,,2022-04-27,,
2022-04-28,1885.54,1896.64,1872.01,1894.38,117535,0,25,103.04000091552734,103.93000030517578,102.9800033569336,103.62000274658205,103.62000274658205,0.0,0.0,0.0,2022-04-28,4222.580078125,4308.4501953125,4188.6298828125,4287.5,4287.5,4854180000.0,0.0,0.0,2022-04-28,105.47,2022-04-28,EFFR,0.33,0.31,0.33,0.34,0.45,81.0,0.25,0.5,,,,,,,,,,2022-04-28,,
2022-04-29,1895.12,1919.76,1892.39,1896.27,121309,0,25,103.66999816894533,103.66999816894533,102.81999969482422,102.95999908447266,102.95999908447266,0.0,0.0,0.0,2022-04-29,4253.75,4269.68017578125,4124.27978515625,4131.93017578125,4131.93017578125,5084030000.0,0.0,0.0,2022-04-29,104.59,2022-04-29,EFFR,0.33,0.31,0.32,0.34,0.45,76.0,0.25,0.5,,,,,,,,,,2022-04-29,,
2022-05-02,1896.77,1899.81,1854.35,1862.77,110484,0,25,103.20999908447266,103.75,103.11000061035156,103.73999786376952,103.73999786376952,0.0,0.0,0.0,2022-05-02,4130.60986328125,4169.81005859375,4062.510009765625,4155.3798828125,4155.3798828125,5163790000.0,0.0,0.0,2022-05-02,105.18,2022-05-02,EFFR,0.33,0.31,0.33,0.34,0.45,77.0,0.25,0.5,,,,,,,,,,2022-05-02,,
2022-05-03,1863.16,1878.06,1850.34,1868.02,105321,0,25,103.5999984741211,103.66999816894533,103.02999877929688,103.47000122070312,103.47000122070312,0.0,0.0,0.0,2022-05-03,4159.77978515625,4200.10009765625,4147.080078125,4175.47998046875,4175.47998046875,4582050000.0,0.0,0.0,2022-05-03,102.53,2022-05-03,EFFR,0.33,0.31,0.33,0.34,0.45,79.0,0.25,0.5,,,,,,,,,,2022-05-03,,
2022-05-04,1867.52,1889.65,1861.34,1881.05,99022,0,25,103.45999908447266,103.62000274658205,102.45999908447266,102.58999633789062,102.58999633789062,0.0,0.0,0.0,2022-05-04,4181.18017578125,4307.66015625,4148.91015625,4300.169921875,4300.169921875,5136360000.0,0.0,0.0,2022-05-04,107.84,2022-05-04,EFFR,0.33,0.31,0.32,0.34,0.45,77.0,0.25,0.5,,,,,,,,,,2022-05-04,,
2022-05-05,1882.22,1909.68,1872.41,1876.9,134290,0,25,102.68000030517578,103.94000244140624,102.3499984741211,103.75,103.75,0.0,0.0,0.0,2022-05-05,4270.43017578125,4270.43017578125,4106.009765625,4146.8701171875,4146.8701171875,5077030000.0,0.0,0.0,2022-05-05,108.17,2022-05-05,EFFR,0.83,0.81,0.83,0.84,0.95,74.0,0.75,1.0,,,,,,,,,,2022-05-05,,
2022-05-06,1876.66,1892.35,1865.91,1883.32,129694,0,25,103.55999755859376,104.05999755859376,103.19000244140624,103.66000366210938,103.66000366210938,0.0,0.0,0.0,2022-05-06,4128.169921875,4157.68994140625,4067.909912109375,4123.33984375,4123.33984375,5116940000.0,0.0,0.0,2022-05-06,109.72,2022-05-06,EFFR,0.83,0.8,0.82,0.84,0.95,81.0,0.75,1.0,,,,,,,,,,2022-05-06,,
2022-05-09,1883.0,1885.62,1851.61,1853.65,140441,0,25,103.66000366210938,104.19000244140624,103.38999938964844,103.6500015258789,103.6500015258789,0.0,0.0,0.0,2022-05-09,4081.27001953125,4081.27001953125,3975.47998046875,3991.239990234375,3991.239990234375,5954520000.0,0.0,0.0,2022-05-09,103.08,2022-05-09,EFFR,0.83,0.81,0.83,0.84,0.95,75.0,0.75,1.0,,,,,,,,,,2022-05-09,,
2022-05-10,1853.91,1865.39,1835.3,1838.1,144027,0,25,103.7300033569336,103.9800033569336,103.5,103.91999816894533,103.91999816894533,0.0,0.0,0.0,2022-05-10,4035.179931640625,4068.820068359375,3958.169921875,4001.050048828125,4001.050048828125,5885820000.0,0.0,0.0,2022-05-10,99.74,2022-05-10,EFFR,0.83,0.81,0.82,0.84,0.95,72.0,0.75,1.0,,,,,,,,,,2022-05-10,,
2022-05-11,1838.08,1858.04,1831.97,1852.38,128050,0,25,103.9000015258789,104.11000061035156,103.37000274658205,103.8499984741211,103.8499984741211,0.0,0.0,0.0,2022-05-11,3990.080078125,4049.090087890625,3928.820068359375,3935.179931640625,3935.179931640625,5816140000.0,0.0,0.0,2022-05-11,105.5,2022-05-11,EFFR,0.83,0.81,0.82,0.84,0.95,78.0,0.75,1.0,,,,,,,,,,2022-05-11,,
2022-05-12,1852.28,1858.7,1821.17,1821.83,152872,0,25,104.01000213623048,104.93000030517578,103.87999725341795,104.8499984741211,104.8499984741211,0.0,0.0,0.0,2022-05-12,3903.949951171875,3964.800048828125,3858.8701171875,3930.080078125,3930.080078125,6286450000.0,0.0,0.0,2022-05-12,106.15,2022-05-12,EFFR,0.83,0.81,0.82,0.84,0.91,81.0,0.75,1.0,,,,,,,,,,2022-05-12,,
2022-05-13,1821.78,1828.73,1799.01,1811.31,126278,0,25,104.7699966430664,105.01000213623048,104.47000122070312,104.55999755859376,104.55999755859376,0.0,0.0,0.0,2022-05-13,3963.89990234375,4038.8798828125,3963.89990234375,4023.889892578125,4023.889892578125,5183340000.0,0.0,0.0,2022-05-13,110.52,2022-05-13,EFFR,0.83,0.81,0.82,0.84,0.91,84.0,0.75,1.0,,,,,,,,,,2022-05-13,,
2022-05-16,1809.82,1826.83,1786.7,1823.83,119559,0,25,104.47000122070312,104.63999938964844,104.13999938964844,104.19000244140624,104.19000244140624,0.0,0.0,0.0,2022-05-16,4013.02001953125,4046.4599609375,3983.989990234375,4008.010009765625,4008.010009765625,4415030000.0,0.0,0.0,2022-05-16,114.07,2022-05-16,EFFR,0.83,0.81,0.82,0.84,0.91,84.0,0.75,1.0,,,,,,,,,,2022-05-16,,
2022-05-17,1824.81,1836.03,1812.84,1814.96,120756,0,25,104.16999816894533,104.2300033569336,103.2300033569336,103.36000061035156,103.36000061035156,0.0,0.0,0.0,2022-05-17,4052.0,4090.719970703125,4033.929931640625,4088.85009765625,4088.85009765625,4841410000.0,0.0,0.0,2022-05-17,112.31,2022-05-17,EFFR,0.83,0.81,0.82,0.84,0.93,80.0,0.75,1.0,,,,,,,,,,2022-05-17,,
2022-05-18,1814.55,1824.67,1807.28,1816.4,121929,0,25,103.33999633789062,103.93000030517578,103.19000244140624,103.80999755859376,103.80999755859376,0.0,0.0,0.0,2022-05-18,4051.97998046875,4051.97998046875,3911.909912109375,3923.679931640625,3923.679931640625,5103220000.0,0.0,0.0,2022-05-18,109.67,2022-05-18,EFFR,0.83,0.81,0.82,0.84,0.95,75.0,0.75,1.0,,,,,,,,,,2022-05-18,,
2022-05-19,1816.44,1849.12,1810.79,1841.97,138858,0,25,103.83000183105467,103.87999725341795,102.66000366210938,102.72000122070312,102.72000122070312,0.0,0.0,0.0,2022-05-19,3899.0,3945.9599609375,3876.580078125,3900.7900390625,3900.7900390625,5113550000.0,0.0,0.0,2022-05-19,112.21,2022-05-19,EFFR,0.83,0.81,0.82,0.84,0.95,76.0,0.75,1.0,,,,,,,,,,2022-05-19,,
2022-05-20,1841.69,1849.32,1832.27,1846.29,111213,0,25,102.9000015258789,103.26000213623048,102.7699966430664,103.1500015258789,103.1500015258789,0.0,0.0,0.0,2022-05-20,3927.760009765625,3943.419921875,3810.320068359375,3901.360107421875,3901.360107421875,5130730000.0,0.0,0.0,2022-05-20,112.63,2022-05-20,EFFR,0.83,0.81,0.82,0.84,0.9,82.0,0.75,1.0,,,,,,,,,,2022-05-20,,
2022-05-23,1845.44,1865.4,1843.44,1853.41,101464,0,25,103.02999877929688,103.0500030517578,102.04000091552734,102.08000183105467,102.08000183105467,0.0,0.0,0.0,2022-05-23,3919.419921875,3981.8798828125,3909.0400390625,3973.75,3973.75,4420030000.0,0.0,0.0,2022-05-23,110.32,2022-05-23,EFFR,0.83,0.8,0.82,0.84,0.95,82.0,0.75,1.0,,,,,,,,,,2022-05-23,,
2022-05-24,1853.9,1869.63,1849.28,1866.34,96990,0,25,102.11000061035156,102.31999969482422,101.6500015258789,101.86000061035156,101.86000061035156,0.0,0.0,0.0,2022-05-24,3942.93994140625,3955.679931640625,3875.1298828125,3941.47998046875,3941.47998046875,4923190000.0,0.0,0.0,2022-05-24,112.55,2022-05-24,EFFR,0.83,0.81,0.82,0.84,0.95,82.0,0.75,1.0,,,,,,,,,,2022-05-24,,
2022-05-25,1866.32,1867.99,1841.93,1853.08,90639,0,25,101.7699966430664,102.4499969482422,101.7300033569336,102.05999755859376,102.05999755859376,0.0,0.0,0.0,2022-05-25,3929.590087890625,3999.330078125,3925.030029296875,3978.72998046875,3978.72998046875,4802560000.0,0.0,0.0,2022-05-25,112.88,2022-05-25,EFFR,0.83,0.8,0.82,0.84,0.95,85.0,0.75,1.0,,,,,,,,,,2022-05-25,,
2022-05-26,1853.12,1854.26,1840.97,1850.62,96031,0,25,102.0199966430664,102.2699966430664,101.73999786376952,101.83000183105467,101.83000183105467,0.0,0.0,0.0,2022-05-26,3984.60009765625,4075.139892578125,3984.60009765625,4057.840087890625,4057.840087890625,4709970000.0,0.0,0.0,2022-05-26,116.19,2022-05-26,EFFR,0.83,0.8,0.82,0.84,0.95,81.0,0.75,1.0,,,,,,,,,,2022-05-26,,
2022-05-27,1850.39,1861.91,1847.93,1852.77,81039,0,25,101.72000122070312,101.94000244140624,101.43000030517578,101.66999816894533,101.66999816894533,0.0,0.0,0.0,2022-05-27,4077.429931640625,4158.490234375,4077.429931640625,4158.240234375,4158.240234375,4375620000.0,0.0,0.0,2022-05-27,114.96,2022-05-27,EFFR,0.83,0.8,0.82,0.84,0.95,79.0,0.75,1.0,,,,,,,,,,2022-05-27,,
2022-05-30,1852.46,1863.91,1848.1,1855.17,47848,0,25,,,,,,,,,,,,,,,,,,,,2022-05-30,,,,,,,,,,,,,,,,,,,,,
2022-05-31,1855.11,1857.01,1834.97,1837.31,97143,0,25,101.44000244140624,102.16999816894533,101.41000366210938,101.75,101.75,0.0,0.0,0.0,2022-05-31,4151.08984375,4168.33984375,4104.8798828125,4132.14990234375,4132.14990234375,6822640000.0,0.0,0.0,2022-05-31,114.38,2022-05-31,EFFR,0.83,0.79,0.82,0.84,0.91,76.0,0.75,1.0,,,,,,,,,,2022-05-31,,
2022-06-01,1837.2,1849.89,1828.42,1846.16,97045,0,25,101.76000213623048,102.7300033569336,101.73999786376952,102.5500030517578,102.5500030517578,0.0,0.0,0.0,2022-06-01,4149.77978515625,4166.5400390625,4073.85009765625,4101.22998046875,4101.22998046875,4531800000.0,0.0,0.0,2022-06-01,115.26,2022-06-01,EFFR,0.83,0.8,0.82,0.84,0.9,85.0,0.75,1.0,,,,,,,,,,2022-06-01,294.957,2022-06-01
2022-06-02,1846.69,1870.42,1843.98,1868.45,82311,0,25,102.5500030517578,102.62000274658205,101.73999786376952,101.7699966430664,101.7699966430664,0.0,0.0,0.0,2022-06-02,4095.409912109375,4177.509765625,4074.3701171875,4176.81982421875,4176.81982421875,4405790000.0,0.0,0.0,2022-06-02,116.88,2022-06-02,EFFR,0.83,0.8,0.82,0.84,0.88,83.0,0.75,1.0,,,,,,,,,,2022-06-02,,
2022-06-03,1868.9,1874.01,1847.3,1850.79,82558,0,25,101.75,102.2300033569336,101.63999938964844,102.13999938964844,102.13999938964844,0.0,0.0,0.0,2022-06-03,4137.56982421875,4142.669921875,4098.669921875,4108.5400390625,4108.5400390625,3711110000.0,0.0,0.0,2022-06-03,118.97,2022-06-03,EFFR,0.83,0.8,0.82,0.83,0.88,85.0,0.75,1.0,,,,,,,,,,2022-06-03,,
2022-06-06,1850.13,1857.72,1840.63,1841.44,81049,0,25,102.16999816894533,102.47000122070312,101.8499984741211,102.44000244140624,102.44000244140624,0.0,0.0,0.0,2022-06-06,4134.72021484375,4168.77978515625,4109.18017578125,4121.43017578125,4121.43017578125,4332700000.0,0.0,0.0,2022-06-06,118.41,2022-06-06,EFFR,0.83,0.8,0.82,0.83,0.9,85.0,0.75,1.0,,,,,,,,,,2022-06-06,,
2022-06-07,1841.01,1855.5,1836.82,1852.22,96590,0,25,102.48999786376952,102.83999633789062,102.26000213623048,102.31999969482422,102.31999969482422,0.0,0.0,0.0,2022-06-07,4096.47021484375,4164.85986328125,4080.18994140625,4160.68017578125,4160.68017578125,4248210000.0,0.0,0.0,2022-06-07,119.55,2022-06-07,EFFR,0.83,0.8,0.82,0.84,0.88,82.0,0.75,1.0,,,,,,,,,,2022-06-07,,
2022-06-08,1852.21,1859.59,1844.52,1853.12,92466,0,25,102.38999938964844,102.77999877929688,102.2699966430664,102.54000091552734,102.54000091552734,0.0,0.0,0.0,2022-06-08,4147.1201171875,4160.14013671875,4107.2001953125,4115.77001953125,4115.77001953125,4159470000.0,0.0,0.0,2022-06-08,121.94,2022-06-08,EFFR,0.83,0.8,0.82,0.84,0.88,79.0,0.75,1.0,,,,,,,,,,2022-06-08,,
2022-06-09,1852.2,1855.26,1839.97,1847.95,103147,0,25,102.55999755859376,103.37000274658205,102.1500015258789,103.22000122070312,103.22000122070312,0.0,0.0,0.0,2022-06-09,4101.64990234375,4119.10009765625,4017.169921875,4017.820068359375,4017.820068359375,4134170000.0,0.0,0.0,2022-06-09,121.52,2022-06-09,EFFR,0.83,0.81,0.82,0.84,0.88,79.0,0.75,1.0,,,,,,,,,,2022-06-09,,
2022-06-10,1847.88,1875.79,1825.0,1871.2,132998,0,25,103.33999633789062,104.2300033569336,103.0500030517578,104.1500015258789,104.1500015258789,0.0,0.0,0.0,2022-06-10,3974.389892578125,3974.389892578125,3900.159912109375,3900.860107421875,3900.860107421875,4889640000.0,0.0,0.0,2022-06-10,120.73,2022-06-10,EFFR,0.83,0.81,0.82,0.84,0.88,76.0,0.75,1.0,,,,,,,,,,2022-06-10,,
2022-06-13,1874.11,1878.74,1818.97,1819.19,152316,0,25,104.20999908447266,105.29000091552734,104.20999908447266,105.08000183105467,105.08000183105467,0.0,0.0,0.0,2022-06-13,3838.14990234375,3838.14990234375,3734.300048828125,3749.6298828125,3749.6298828125,5636890000.0,0.0,0.0,2022-06-13,120.92,2022-06-13,EFFR,0.83,0.8,0.82,0.84,0.91,75.0,0.75,1.0,,,,,,,,,,2022-06-13,,
2022-06-14,1819.82,1831.48,1805.01,1808.16,148444,0,25,105.19000244140624,105.6500015258789,104.62000274658205,105.5199966430664,105.5199966430664,0.0,0.0,0.0,2022-06-14,3763.52001953125,3778.179931640625,3705.679931640625,3735.47998046875,3735.47998046875,5153890000.0,0.0,0.0,2022-06-14,118.92,2022-06-14,EFFR,0.83,0.8,0.82,0.84,0.95,81.0,0.75,1.0,,,,,,,,,,2022-06-14,,
2022-06-15,1808.13,1841.78,1807.16,1833.57,176793,0,25,105.3499984741211,105.79000091552734,104.66000366210938,105.16000366210938,105.16000366210938,0.0,0.0,0.0,2022-06-15,3764.050048828125,3837.56005859375,3722.300048828125,3789.989990234375,3789.989990234375,5530480000.0,0.0,0.0,2022-06-15,115.32,2022-06-15,EFFR,0.83,0.81,0.82,0.84,0.95,83.0,0.75,1.0,,,,,,,,,,2022-06-15,,
2022-06-16,1832.86,1857.48,1815.9,1856.6,169108,0,25,104.9000015258789,105.48999786376952,103.41999816894533,103.62999725341795,103.62999725341795,0.0,0.0,0.0,2022-06-16,3728.179931640625,3728.179931640625,3639.77001953125,3666.77001953125,3666.77001953125,5644930000.0,0.0,0.0,2022-06-16,117.56,2022-06-16,EFFR,1.58,1.55,1.57,1.59,1.7,80.0,1.5,1.75,,,,,,,,,,2022-06-16,,
2022-06-17,1857.21,1857.27,1833.76,1839.93,127432,0,25,103.87999725341795,105.08999633789062,103.83000183105467,104.6999969482422,104.6999969482422,0.0,0.0,0.0,2022-06-17,3665.89990234375,3707.7099609375,3636.8701171875,3674.840087890625,3674.840087890625,8520740000.0,0.0,0.0,2022-06-17,109.56,2022-06-17,EFFR,1.58,1.56,1.57,1.59,1.7,84.0,1.5,1.75,,,,,,,,,,2022-06-17,,
2022-06-20,1837.44,1846.07,1834.44,1836.94,73146,0,25,,,,,,,,,,,,,,,,,,,,2022-06-20,,,,,,,,,,,,,,,,,,,,,
2022-06-21,1837.37,1843.54,1828.45,1832.9,103542,0,25,104.44000244140624,104.54000091552734,103.94000244140624,104.44000244140624,104.44000244140624,0.0,0.0,0.0,2022-06-21,3715.31005859375,3779.64990234375,3715.31005859375,3764.7900390625,3764.7900390625,5292260000.0,0.0,0.0,2022-06-21,110.49,2022-06-21,EFFR,1.58,1.56,1.57,1.59,1.72,67.0,1.5,1.75,,,,,,,,,,2022-06-21,,
2022-06-22,1832.67,1847.78,1823.31,1837.77,119353,0,25,104.43000030517578,104.9499969482422,103.86000061035156,104.1999969482422,104.1999969482422,0.0,0.0,0.0,2022-06-22,3733.889892578125,3801.7900390625,3717.68994140625,3759.889892578125,3759.889892578125,5058990000.0,0.0,0.0,2022-06-22,106.22,2022-06-22,EFFR,1.58,1.56,1.57,1.59,1.72,85.0,1.5,1.75,,,,,,,,,,2022-06-22,,
2022-06-23,1837.54,1846.02,1822.42,1822.49,125978,0,25,104.20999908447266,104.7699966430664,104.05999755859376,104.43000030517578,104.43000030517578,0.0,0.0,0.0,2022-06-23,3774.7099609375,3802.580078125,3743.52001953125,3795.72998046875,3795.72998046875,5098640000.0,0.0,0.0,2022-06-23,105.75,2022-06-23,EFFR,1.58,1.56,1.57,1.59,1.7,84.0,1.5,1.75,,,,,,,,,,2022-06-23,,
2022-06-24,1823.1,1831.71,1816.77,1826.72,117079,0,25,104.37999725341795,104.51000213623048,103.9499969482422,104.19000244140624,104.19000244140624,0.0,0.0,0.0,2022-06-24,3821.75,3913.64990234375,3821.75,3911.739990234375,3911.739990234375,8120260000.0,0.0,0.0,2022-06-24,109.07,2022-06-24,EFFR,1.58,1.55,1.57,1.58,1.7,91.0,1.5,1.75,,,,,,,,,,2022-06-24,,
2022-06-27,1838.21,1840.88,1820.66,1822.52,106528,0,25,104.12000274658205,104.20999908447266,103.66999816894533,103.94000244140624,103.94000244140624,0.0,0.0,0.0,2022-06-27,3920.760009765625,3927.719970703125,3889.659912109375,3900.110107421875,3900.110107421875,4325310000.0,0.0,0.0,2022-06-27,111.44,2022-06-27,EFFR,1.58,1.55,1.57,1.58,1.7,90.0,1.5,1.75,,,,,,,,,,2022-06-27,,
2022-06-28,1822.46,1829.4,1818.32,1819.72,98751,0,25,103.97000122070312,104.61000061035156,103.7699966430664,104.51000213623048,104.51000213623048,0.0,0.0,0.0,2022-06-28,3913.0,3945.860107421875,3820.139892578125,3821.550048828125,3821.550048828125,4270120000.0,0.0,0.0,2022-06-28,113.66,2022-06-28,EFFR,1.58,1.56,1.57,1.58,1.7,95.0,1.5,1.75,,,,,,,,,,2022-06-28,,
2022-06-29,1819.64,1832.9,1811.95,1817.73,115409,0,25,104.45999908447266,105.1500015258789,104.36000061035156,105.11000061035156,105.11000061035156,0.0,0.0,0.0,2022-06-29,3825.090087890625,3836.5,3799.02001953125,3818.830078125,3818.830078125,4211240000.0,0.0,0.0,2022-06-29,111.65,2022-06-29,EFFR,1.58,1.56,1.57,1.58,1.7,85.0,1.5,1.75,,,,,,,,,,2022-06-29,,
2022-06-30,1817.52,1825.03,1802.62,1806.96,111117,0,25,105.05999755859376,105.54000091552734,104.6500015258789,104.69000244140624,104.69000244140624,0.0,0.0,0.0,2022-06-30,3785.989990234375,3818.989990234375,3738.669921875,3785.3798828125,3785.3798828125,4840070000.0,0.0,0.0,2022-06-30,107.76,2022-06-30,EFFR,1.58,1.55,1.58,1.59,1.72,67.0,1.5,1.75,,,,,,,,,,2022-06-30,,
2022-07-01,1807.51,1809.19,1784.4,1809.16,82429,0,25,104.77999877929688,105.63999938964844,104.73999786376952,105.13999938964844,105.13999938964844,0.0,0.0,0.0,2022-07-01,3781.0,3829.820068359375,3752.10009765625,3825.330078125,3825.330078125,4046950000.0,0.0,0.0,2022-07-01,110.3,2022-07-01,EFFR,1.58,1.56,1.57,1.58,1.7,90.0,1.5,1.75,,,,,,,,,,2022-07-01,294.913,2022-07-01
2022-07-04,1811.93,1814.01,1803.78,1806.88,37479,0,25,,,,,,,,,,,,,,,,,,,,2022-07-04,,,,,,,,,,,,,,,,,,,,,
2022-07-05,1807.71,1811.98,1763.92,1764.43,78462,0,25,105.13999938964844,106.79000091552734,105.0500030517578,106.5,106.5,0.0,0.0,0.0,2022-07-05,3792.610107421875,3832.18994140625,3742.06005859375,3831.389892578125,3831.389892578125,5076590000.0,0.0,0.0,2022-07-05,101.55,2022-07-05,EFFR,1.58,1.55,1.57,1.58,1.7,94.0,1.5,1.75,,,,,,,,,,2022-07-05,,
2022-07-06,1764.97,1772.71,1732.05,1738.76,88319,0,25,106.48999786376952,107.26000213623048,106.36000061035156,107.0999984741211,107.0999984741211,0.0,0.0,0.0,2022-07-06,3831.97998046875,3870.909912109375,3809.3701171875,3845.080078125,3845.080078125,4417720000.0,0.0,0.0,2022-07-06,100.31,2022-07-06,EFFR,1.58,1.55,1.57,1.58,1.7,95.0,1.5,1.75,,,,,,,,,,2022-07-06,,
2022-07-07,1739.11,1748.95,1736.35,1739.91,63875,0,25,107.06999969482422,107.23999786376952,106.70999908447266,107.12999725341795,107.12999725341795,0.0,0.0,0.0,2022-07-07,3858.85009765625,3910.6298828125,3858.85009765625,3902.6201171875,3902.6201171875,4057770000.0,0.0,0.0,2022-07-07,104.62,2022-07-07,EFFR,1.58,1.55,1.57,1.58,1.7,92.0,1.5,1.75,,,,,,,,,,2022-07-07,,
2022-07-08,1740.07,1752.29,1732.58,1741.81,67109,0,25,107.04000091552734,107.79000091552734,106.80999755859376,107.01000213623048,107.01000213623048,0.0,0.0,0.0,2022-07-08,3888.260009765625,3918.5,3869.340087890625,3899.3798828125,3899.3798828125,3521620000.0,0.0,0.0,2022-07-08,106.78,2022-07-08,EFFR,1.58,1.55,1.57,1.58,1.7,99.0,1.5,1.75,,,,,,,,,,2022-07-08,,
2022-07-11,1742.38,1744.33,1731.16,1733.45,59021,0,25,106.91999816894533,108.2699966430664,106.91999816894533,108.0199966430664,108.0199966430664,0.0,0.0,0.0,2022-07-11,3880.93994140625,3880.93994140625,3847.219970703125,3854.429931640625,3854.429931640625,3423480000.0,0.0,0.0,2022-07-11,106.09,2022-07-11,EFFR,1.58,1.55,1.57,1.58,1.7,93.0,1.5,1.75,,,,,,,,,,2022-07-11,,
2022-07-12,1733.31,1744.01,1723.08,1725.87,70093,0,25,108.18000030517578,108.55999755859376,107.83999633789062,108.06999969482422,108.06999969482422,0.0,0.0,0.0,2022-07-12,3851.949951171875,3873.409912109375,3802.360107421875,3818.800048828125,3818.800048828125,3817210000.0,0.0,0.0,2022-07-12,97.69,2022-07-12,EFFR,1.58,1.55,1.57,1.58,1.7,98.0,1.5,1.75,,,,,,,,,,2022-07-12,,
2022-07-13,1725.61,1745.31,1706.75,1735.07,93337,0,25,108.19000244140624,108.58000183105467,107.4800033569336,107.95999908447266,107.95999908447266,0.0,0.0,0.0,2022-07-13,3779.669921875,3829.43994140625,3759.070068359375,3801.780029296875,3801.780029296875,4109390000.0,0.0,0.0,2022-07-13,98.44,2022-07-13,EFFR,1.58,1.55,1.57,1.58,1.7,96.0,1.5,1.75,,,,,,,,,,2022-07-13,,
2022-07-14,1734.98,1736.06,1697.53,1709.36,93851,0,25,108.1999969482422,109.29000091552734,108.1999969482422,108.54000091552734,108.54000091552734,0.0,0.0,0.0,2022-07-14,3763.989990234375,3796.409912109375,3721.56005859375,3790.3798828125,3790.3798828125,4199690000.0,0.0,0.0,2022-07-14,97.79,2022-07-14,EFFR,1.58,1.55,1.57,1.58,1.7,91.0,1.5,1.75,,,,,,,,,,2022-07-14,,
2022-07-15,1709.81,1716.51,1698.73,1707.21,75704,0,25,108.66999816894533,108.70999908447266,107.91000366210938,108.05999755859376,108.05999755859376,0.0,0.0,0.0,2022-07-15,3818.0,3863.6201171875,3817.179931640625,3863.159912109375,3863.159912109375,4143800000.0,0.0,0.0,2022-07-15,99.59,2022-07-15,EFFR,1.58,1.55,1.57,1.58,1.7,97.0,1.5,1.75,,,,,,,,,,2022-07-15,,
2022-07-18,1707.41,1723.77,1705.66,1708.87,63620,0,25,107.9800033569336,108.04000091552734,106.88999938964844,107.37000274658205,107.37000274658205,0.0,0.0,0.0,2022-07-18,3883.7900390625,3902.43994140625,3818.6298828125,3830.85009765625,3830.85009765625,4046870000.0,0.0,0.0,2022-07-18,104.48,2022-07-18,EFFR,1.58,1.55,1.57,1.58,1.71,97.0,1.5,1.75,,,,,,,,,,2022-07-18,,
2022-07-19,1709.27,1718.34,1705.07,1711.51,57616,0,25,107.48999786376952,107.62999725341795,106.4000015258789,106.68000030517578,106.68000030517578,0.0,0.0,0.0,2022-07-19,3860.72998046875,3939.81005859375,3860.72998046875,3936.68994140625,3936.68994140625,4041070000.0,0.0,0.0,2022-07-19,106.12,2022-07-19,EFFR,1.58,1.56,1.57,1.59,1.73,90.0,1.5,1.75,,,,,,,,,,2022-07-19,,
2022-07-20,1711.43,1714.47,1692.27,1696.41,61215,0,25,106.66999816894533,107.26000213623048,106.38999938964844,107.08000183105467,107.08000183105467,0.0,0.0,0.0,2022-07-20,3935.320068359375,3974.1298828125,3922.030029296875,3959.89990234375,3959.89990234375,4185300000.0,0.0,0.0,2022-07-20,104.45,2022-07-20,EFFR,1.58,1.56,1.57,1.58,1.73,95.0,1.5,1.75,,,,,,,,,,2022-07-20,,
2022-07-21,1696.21,1720.06,1680.71,1717.92,72970,0,25,107.08999633789062,107.31999969482422,106.41999816894533,106.91000366210938,106.91000366210938,0.0,0.0,0.0,2022-07-21,3955.469970703125,3999.2900390625,3927.639892578125,3998.949951171875,3998.949951171875,4132790000.0,0.0,0.0,2022-07-21,98.44,2022-07-21,EFFR,1.58,1.56,1.57,1.58,1.73,96.0,1.5,1.75,,,,,,,,,,2022-07-21,,
2022-07-22,1717.62,1739.14,1712.76,1726.98,123320,0,25,106.58999633789062,107.36000061035156,106.11000061035156,106.7300033569336,106.7300033569336,0.0,0.0,0.0,2022-07-22,3998.429931640625,4012.43994140625,3938.860107421875,3961.6298828125,3961.6298828125,3979240000.0,0.0,0.0,2022-07-22,97.71,2022-07-22,EFFR,1.58,1.56,1.57,1.58,1.75,96.0,1.5,1.75,,,,,,,,,,2022-07-22,,
2022-07-25,1726.5,1736.0,1714.58,1719.38,77237,0,25,106.5500030517578,106.87999725341795,106.19000244140624,106.4800033569336,106.4800033569336,0.0,0.0,0.0,2022-07-25,3965.719970703125,3975.300048828125,3943.4599609375,3966.840087890625,3966.840087890625,3568340000.0,0.0,0.0,2022-07-25,99.83,2022-07-25,EFFR,1.58,1.55,1.57,1.59,1.73,94.0,1.5,1.75,,,,,,,,,,2022-07-25,,
2022-07-26,1719.07,1728.09,1713.46,1717.11,86033,0,25,106.4499969482422,107.27999877929688,106.1999969482422,107.19000244140624,107.19000244140624,0.0,0.0,0.0,2022-07-26,3953.219970703125,3953.219970703125,3910.739990234375,3921.050048828125,3921.050048828125,3778950000.0,0.0,0.0,2022-07-26,97.74,2022-07-26,EFFR,1.58,1.56,1.57,1.58,1.73,97.0,1.5,1.75,,,,,,,,,,2022-07-26,,
2022-07-27,1716.53,1740.18,1711.28,1734.5,91418,0,25,107.12999725341795,107.43000030517578,106.26000213623048,106.4499969482422,106.4499969482422,0.0,0.0,0.0,2022-07-27,3951.429931640625,4039.56005859375,3951.429931640625,4023.610107421875,4023.610107421875,4112180000.0,0.0,0.0,2022-07-27,100.03,2022-07-27,EFFR,1.58,1.56,1.57,1.58,1.75,98.0,1.5,1.75,,,,,,,,,,2022-07-27,,
2022-07-28,1733.41,1756.94,1733.41,1755.65,119202,0,25,106.37000274658205,106.9800033569336,106.05999755859376,106.3499984741211,106.3499984741211,0.0,0.0,0.0,2022-07-28,4026.1298828125,4078.949951171875,3992.969970703125,4072.429931640625,4072.429931640625,4413000000.0,0.0,0.0,2022-07-28,99.11,2022-07-28,EFFR,2.33,2.3,2.32,2.33,2.48,90.0,2.25,2.5,,,,,,,,,,2022-07-28,,
2022-07-29,1755.53,1767.78,1751.89,1765.71,118353,0,25,106.20999908447266,106.66000366210938,105.54000091552734,105.9000015258789,105.9000015258789,0.0,0.0,0.0,2022-07-29,4087.330078125,4140.14990234375,4079.219970703125,4130.2900390625,4130.2900390625,4616360000.0,0.0,0.0,2022-07-29,101.31,2022-07-29,EFFR,2.32,2.3,2.31,2.34,2.48,86.0,2.25,2.5,,,,,,,,,,2022-07-29,,
2022-08-01,1764.95,1775.11,1758.25,1772.08,124668,0,25,105.83000183105467,106.02999877929688,105.23999786376952,105.4499969482422,105.4499969482422,0.0,0.0,0.0,2022-08-01,4112.3798828125,4144.9501953125,4096.02001953125,4118.6298828125,4118.6298828125,4202810000.0,0.0,0.0,2022-08-01,96.59,2022-08-01,EFFR,2.33,2.3,2.32,2.33,2.45,93.0,2.25,2.5,,,,,,,,,,2022-08-01,295.097,2022-08-01
2022-08-02,1772.16,1787.99,1760.35,1760.94,136892,0,25,105.36000061035156,106.33999633789062,105.0500030517578,106.23999786376952,106.23999786376952,0.0,0.0,0.0,2022-08-02,4104.2099609375,4140.47021484375,4079.81005859375,4091.18994140625,4091.18994140625,4727710000.0,0.0,0.0,2022-08-02,97.14,2022-08-02,EFFR,2.33,2.3,2.32,2.33,2.45,95.0,2.25,2.5,,,,,,,,,,2022-08-02,,
2022-08-03,1760.16,1772.71,1754.19,1765.3,107254,0,25,106.43000030517578,106.81999969482422,105.97000122070312,106.51000213623048,106.51000213623048,0.0,0.0,0.0,2022-08-03,4107.9599609375,4167.66015625,4107.9599609375,4155.169921875,4155.169921875,4351760000.0,0.0,0.0,2022-08-03,93.25,2022-08-03,EFFR,2.33,2.3,2.32,2.33,2.45,92.0,2.25,2.5,,,,,,,,,,2022-08-03,,
2022-08-04,1765.23,1794.89,1763.09,1791.06,108344,0,25,106.4800033569336,106.51000213623048,105.66999816894533,105.69000244140624,105.69000244140624,0.0,0.0,0.0,2022-08-04,4154.85009765625,4161.2900390625,4135.419921875,4151.93994140625,4151.93994140625,4283320000.0,0.0,0.0,2022-08-04,91.29,2022-08-04,EFFR,2.33,2.31,2.32,2.33,2.45,91.0,2.25,2.5,,,,,,,,,,2022-08-04,,
2022-08-05,1790.74,1794.8,1764.83,1775.13,119411,0,25,105.72000122070312,106.93000030517578,105.69000244140624,106.62000274658205,106.62000274658205,0.0,0.0,0.0,2022-08-05,4115.8701171875,4151.580078125,4107.31005859375,4145.18994140625,4145.18994140625,4085940000.0,0.0,0.0,2022-08-05,91.77,2022-08-05,EFFR,2.33,2.31,2.32,2.33,2.45,91.0,2.25,2.5,,,,,,,,,,2022-08-05,,
2022-08-08,1773.38,1789.9,1770.12,1788.88,92266,0,25,106.58000183105467,106.8000030517578,106.08999633789062,106.44000244140624,106.44000244140624,0.0,0.0,0.0,2022-08-08,4155.93017578125,4186.6201171875,4128.97021484375,4140.06005859375,4140.06005859375,4221090000.0,0.0,0.0,2022-08-08,93.52,2022-08-08,EFFR,2.33,2.31,2.32,2.33,2.45,89.0,2.25,2.5,,,,,,,,,,2022-08-08,,
2022-08-09,1788.51,1800.32,1783.13,1794.21,88732,0,25,106.33999633789062,106.41000366210938,105.97000122070312,106.37000274658205,106.37000274658205,0.0,0.0,0.0,2022-08-09,4133.10986328125,4137.2998046875,4112.08984375,4122.47021484375,4122.47021484375,3913090000.0,0.0,0.0,2022-08-09,93.18,2022-08-09,EFFR,2.33,2.31,2.32,2.33,2.45,90.0,2.25,2.5,,,,,,,,,,2022-08-09,,
2022-08-10,1794.85,1807.78,1787.23,1792.03,105982,0,25,106.33999633789062,106.4000015258789,104.63999938964844,105.1999969482422,105.1999969482422,0.0,0.0,0.0,2022-08-10,4181.02001953125,4211.02978515625,4177.259765625,4210.240234375,4210.240234375,4546010000.0,0.0,0.0,2022-08-10,94.68,2022-08-10,EFFR,2.33,2.31,2.32,2.33,2.45,93.0,2.25,2.5,,,,,,,,,,2022-08-10,,
2022-08-11,1791.99,1799.19,1783.4,1789.36,100016,0,25,105.20999908447266,105.45999908447266,104.6500015258789,105.08999633789062,105.08999633789062,0.0,0.0,0.0,2022-08-11,4227.39990234375,4257.91015625,4201.41015625,4207.27001953125,4207.27001953125,4630200000.0,0.0,0.0,2022-08-11,97.02,2022-08-11,EFFR,2.33,2.31,2.32,2.33,2.45,94.0,2.25,2.5,,,,,,,,,,2022-08-11,,
2022-08-12,1789.42,1801.99,1784.82,1801.83,94730,0,25,105.16000366210938,105.87999725341795,105.08999633789062,105.62999725341795,105.62999725341795,0.0,0.0,0.0,2022-08-12,4225.02001953125,4280.47021484375,4219.77978515625,4280.14990234375,4280.14990234375,3788010000.0,0.0,0.0,2022-08-12,94.86,2022-08-12,EFFR,2.33,2.3,2.32,2.33,2.45,97.0,2.25,2.5,,,,,,,,,,2022-08-12,,
2022-08-15,1801.38,1802.2,1772.84,1779.29,93202,0,25,105.66999816894533,106.5500030517578,105.5500030517578,106.5500030517578,106.5500030517578,0.0,0.0,0.0,2022-08-15,4269.3701171875,4301.7900390625,4256.89990234375,4297.14013671875,4297.14013671875,3696830000.0,0.0,0.0,2022-08-15,92.24,2022-08-15,EFFR,2.33,2.3,2.32,2.33,2.45,97.0,2.25,2.5,,,,,,,,,,2022-08-15,,
2022-08-16,1779.45,1783.04,1771.28,1775.27,83827,0,25,106.4800033569336,106.94000244140624,106.31999969482422,106.5,106.5,0.0,0.0,0.0,2022-08-16,4290.4599609375,4325.27978515625,4277.77001953125,4305.2001953125,4305.2001953125,4329820000.0,0.0,0.0,2022-08-16,89.23,2022-08-16,EFFR,2.33,2.31,2.32,2.33,2.45,94.0,2.25,2.5,,,,,,,,,,2022-08-16,,
2022-08-17,1775.59,1782.19,1759.69,1761.84,105636,0,25,106.4499969482422,106.88999938964844,106.30999755859376,106.56999969482422,106.56999969482422,0.0,0.0,0.0,2022-08-17,4280.39990234375,4302.18017578125,4253.080078125,4274.0400390625,4274.0400390625,3885030000.0,0.0,0.0,2022-08-17,90.85,2022-08-17,EFFR,2.33,2.31,2.32,2.33,2.45,92.0,2.25,2.5,,,,,,,,,,2022-08-17,,
2022-08-18,1761.22,1772.31,1755.25,1758.25,92970,0,25,106.68000030517578,107.55999755859376,106.51000213623048,107.4800033569336,107.4800033569336,0.0,0.0,0.0,2022-08-18,4273.1298828125,4292.52978515625,4261.97998046875,4283.740234375,4283.740234375,3340330000.0,0.0,0.0,2022-08-18,93.2,2022-08-18,EFFR,2.33,2.31,2.32,2.33,2.45,91.0,2.25,2.5,,,,,,,,,,2022-08-18,,
2022-08-19,1759.1,1759.28,1745.4,1747.12,96649,0,25,107.5,108.22000122070312,107.47000122070312,108.16999816894533,108.16999816894533,0.0,0.0,0.0,2022-08-19,4266.31005859375,4266.31005859375,4218.7001953125,4228.47998046875,4228.47998046875,3761340000.0,0.0,0.0,2022-08-19,93.55,2022-08-19,EFFR,2.33,2.31,2.32,2.34,2.45,94.0,2.25,2.5,,,,,,,,,,2022-08-19,,
2022-08-22,1746.46,1748.94,1727.66,1735.95,105317,0,25,108.0999984741211,109.0999984741211,108.08000183105467,109.0500030517578,109.0500030517578,0.0,0.0,0.0,2022-08-22,4195.080078125,4195.080078125,4129.85986328125,4137.990234375,4137.990234375,3907430000.0,0.0,0.0,2022-08-22,93.42,2022-08-22,EFFR,2.33,2.3,2.32,2.34,2.45,91.0,2.25,2.5,,,,,,,,,,2022-08-22,,
2022-08-23,1735.81,1754.05,1730.71,1747.68,112213,0,25,109.0,109.2699966430664,108.08000183105467,108.62000274658205,108.62000274658205,0.0,0.0,0.0,2022-08-23,4133.08984375,4159.77001953125,4124.02978515625,4128.72998046875,4128.72998046875,3823520000.0,0.0,0.0,2022-08-23,96.46,2022-08-23,EFFR,2.33,2.31,2.32,2.34,2.45,91.0,2.25,2.5,,,,,,,,,,2022-08-23,,
2022-08-24,1747.92,1755.75,1742.35,1751.13,103272,0,25,108.5199966430664,109.11000061035156,108.36000061035156,108.68000030517578,108.68000030517578,0.0,0.0,0.0,2022-08-24,4126.5498046875,4156.56005859375,4119.97021484375,4140.77001953125,4140.77001953125,3583630000.0,0.0,0.0,2022-08-24,95.52,2022-08-24,EFFR,2.33,2.31,2.32,2.33,2.45,94.0,2.25,2.5,,,,,,,,,,2022-08-24,,
2022-08-25,1751.01,1765.36,1749.82,1758.43,96553,0,25,108.62999725341795,108.69000244140624,107.98999786376952,108.47000122070312,108.47000122070312,0.0,0.0,0.0,2022-08-25,4153.259765625,4200.5400390625,4147.58984375,4199.1201171875,4199.1201171875,3566870000.0,0.0,0.0,2022-08-25,93.33,2022-08-25,EFFR,2.33,2.3,2.32,2.33,2.45,96.0,2.25,2.5,,,,,,,,,,2022-08-25,,
2022-08-26,1758.31,1758.77,1734.05,1737.72,112952,0,25,108.47000122070312,108.87000274658205,107.58999633789062,108.8000030517578,108.8000030517578,0.0,0.0,0.0,2022-08-26,4198.740234375,4203.0400390625,4057.659912109375,4057.659912109375,4057.659912109375,3832750000.0,0.0,0.0,2022-08-26,93.63,2022-08-26,EFFR,2.33,2.31,2.32,2.33,2.45,98.0,2.25,2.5,,,,,,,,,,2022-08-26,,
2022-08-29,1736.04,1745.4,1720.22,1737.35,111795,0,25,108.83999633789062,109.4800033569336,108.48999786376952,108.83999633789062,108.83999633789062,0.0,0.0,0.0,2022-08-29,4034.580078125,4062.989990234375,4017.419921875,4030.610107421875,4030.610107421875,3396510000.0,0.0,0.0,2022-08-29,97.4,2022-08-29,EFFR,2.33,2.3,2.32,2.34,2.45,89.0,2.25,2.5,,,,,,,,,,2022-08-29,,
2022-08-30,1736.44,1740.4,1721.05,1724.13,105553,0,25,108.6999969482422,109.11000061035156,108.29000091552734,108.7699966430664,108.7699966430664,0.0,0.0,0.0,2022-08-30,4041.25,4044.97998046875,3965.2099609375,3986.159912109375,3986.159912109375,3835860000.0,0.0,0.0,2022-08-30,92.08,2022-08-30,EFFR,2.33,2.3,2.32,2.34,2.45,90.0,2.25,2.5,,,,,,,,,,2022-08-30,,
2022-08-31,1723.5,1726.44,1709.44,1710.87,114544,0,25,108.75,109.1999969482422,108.37999725341795,108.6999969482422,108.6999969482422,0.0,0.0,0.0,2022-08-31,4000.669921875,4015.3701171875,3954.530029296875,3955.0,3955.0,4542490000.0,0.0,0.0,2022-08-31,90.09,2022-08-31,EFFR,2.33,2.29,2.32,2.34,2.45,86.0,2.25,2.5,,,,,,,,,,2022-08-31,,
2022-09-01,1710.96,1711.3,1688.65,1697.46,121926,0,25,108.83999633789062,109.9800033569336,108.7699966430664,109.69000244140624,109.69000244140624,0.0,0.0,0.0,2022-09-01,3936.72998046875,3970.22998046875,3903.64990234375,3966.85009765625,3966.85009765625,4152250000.0,0.0,0.0,2022-09-01,87.09,2022-09-01,EFFR,2.33,2.3,2.32,2.33,2.45,100.0,2.25,2.5,,,,,,,,,,2022-09-01,296.349,2022-09-01
2022-09-02,1696.48,1717.85,1694.9,1712.24,113375,0,25,109.63999938964844,109.72000122070312,108.93000030517578,109.52999877929688,109.52999877929688,0.0,0.0,0.0,2022-09-02,3994.659912109375,4018.429931640625,3906.2099609375,3924.260009765625,3924.260009765625,3665850000.0,0.0,0.0,2022-09-02,87.29,2022-09-02,EFFR,2.33,2.3,2.32,2.33,2.45,100.0,2.25,2.5,,,,,,,,,,2022-09-02,,
2022-09-05,1711.89,1715.7,1707.62,1710.55,62232,0,25,,,,,,,,,,,,,,,,,,,,2022-09-05,,,,,,,,,,,,,,,,,,,,,
2022-09-06,1709.34,1726.66,1699.75,1701.72,114816,0,25,109.5999984741211,110.5500030517578,109.37999725341795,110.20999908447266,110.20999908447266,0.0,0.0,0.0,2022-09-06,3930.889892578125,3942.550048828125,3886.75,3908.18994140625,3908.18994140625,4127340000.0,0.0,0.0,2022-09-06,87.35,2022-09-06,EFFR,2.33,2.3,2.32,2.33,2.45,94.0,2.25,2.5,,,,,,,,,,2022-09-06,,
2022-09-07,1701.97,1719.32,1691.27,1718.1,114327,0,25,110.31999969482422,110.79000091552734,109.54000091552734,109.83999633789062,109.83999633789062,0.0,0.0,0.0,2022-09-07,3909.429931640625,3987.889892578125,3906.030029296875,3979.8701171875,3979.8701171875,3890320000.0,0.0,0.0,2022-09-07,82.5,2022-09-07,EFFR,2.33,2.3,2.32,2.33,2.45,97.0,2.25,2.5,,,,,,,,,,2022-09-07,,
2022-09-08,1717.92,1728.09,1703.88,1708.38,123840,0,25,109.66999816894533,110.23999786376952,109.33000183105467,109.70999908447266,109.70999908447266,0.0,0.0,0.0,2022-09-08,3959.93994140625,4010.5,3944.81005859375,4006.179931640625,4006.179931640625,3966850000.0,0.0,0.0,2022-09-08,84.04,2022-09-08,EFFR,2.33,2.3,2.32,2.33,2.45,94.0,2.25,2.5,,,,,,,,,,2022-09-08,,
2022-09-09,1708.56,1729.31,1708.32,1716.88,109184,0,25,109.54000091552734,109.54000091552734,108.36000061035156,109.0,109.0,0.0,0.0,0.0,2022-09-09,4022.93994140625,4076.81005859375,4022.93994140625,4067.360107421875,4067.360107421875,3901940000.0,0.0,0.0,2022-09-09,87.27,2022-09-09,EFFR,2.33,2.3,2.32,2.33,2.45,101.0,2.25,2.5,,,,,,,,,,2022-09-09,,
2022-09-12,1717.07,1734.99,1711.81,1724.55,108618,0,25,108.5999984741211,108.86000061035156,107.80999755859376,108.33000183105467,108.33000183105467,0.0,0.0,0.0,2022-09-12,4083.669921875,4119.27978515625,4083.669921875,4110.41015625,4110.41015625,3814200000.0,0.0,0.0,2022-09-12,88.18,2022-09-12,EFFR,2.33,2.3,2.32,2.33,2.45,93.0,2.25,2.5,,,,,,,,,,2022-09-12,,
2022-09-13,1724.41,1731.72,1696.92,1702.23,128223,0,25,108.2300033569336,109.95999908447266,107.68000030517578,109.81999969482422,109.81999969482422,0.0,0.0,0.0,2022-09-13,4037.1201171875,4037.1201171875,3921.280029296875,3932.68994140625,3932.68994140625,4224550000.0,0.0,0.0,2022-09-13,87.84,2022-09-13,EFFR,2.33,2.3,2.32,2.33,2.45,94.0,2.25,2.5,,,,,,,,,,2022-09-13,,
2022-09-14,1701.52,1706.98,1693.53,1697.27,131500,0,25,109.93000030517578,109.93000030517578,109.27999877929688,109.66000366210938,109.66000366210938,0.0,0.0,0.0,2022-09-14,3940.72998046875,3961.93994140625,3912.179931640625,3946.010009765625,3946.010009765625,4293240000.0,0.0,0.0,2022-09-14,88.88,2022-09-14,EFFR,2.33,2.3,2.32,2.33,2.45,95.0,2.25,2.5,,,,,,,,,,2022-09-14,,
2022-09-15,1697.22,1698.14,1660.2,1664.52,121973,0,25,109.61000061035156,109.91999816894533,109.41999816894533,109.73999786376952,109.73999786376952,0.0,0.0,0.0,2022-09-15,3932.409912109375,3959.139892578125,3888.280029296875,3901.35009765625,3901.35009765625,4441830000.0,0.0,0.0,2022-09-15,85.72,2022-09-15,EFFR,2.33,2.3,2.32,2.33,2.45,96.0,2.25,2.5,,,,,,,,,,2022-09-15,,
2022-09-16,1664.63,1680.27,1653.99,1674.99,117164,0,25,109.8000030517578,110.26000213623048,109.4800033569336,109.76000213623048,109.76000213623048,0.0,0.0,0.0,2022-09-16,3880.949951171875,3880.949951171875,3837.080078125,3873.330078125,3873.330078125,7954650000.0,0.0,0.0,2022-09-16,85.57,2022-09-16,EFFR,2.33,2.3,2.32,2.34,2.45,96.0,2.25,2.5,,,,,,,,,,2022-09-16,,
2022-09-19,1674.57,1679.76,1659.55,1675.58,98947,0,25,109.63999938964844,110.18000030517578,109.48999786376952,109.73999786376952,109.73999786376952,0.0,0.0,0.0,2022-09-19,3849.909912109375,3900.449951171875,3838.5,3899.889892578125,3899.889892578125,3766850000.0,0.0,0.0,2022-09-19,86.15,2022-09-19,EFFR,2.33,2.3,2.32,2.34,2.45,93.0,2.25,2.5,,,,,,,,,,2022-09-19,,
2022-09-20,1675.64,1679.33,1659.87,1664.75,103455,0,25,109.58000183105467,110.29000091552734,109.36000061035156,110.22000122070312,110.22000122070312,0.0,0.0,0.0,2022-09-20,3875.22998046875,3876.010009765625,3827.5400390625,3855.929931640625,3855.929931640625,4058050000.0,0.0,0.0,2022-09-20,84.69,2022-09-20,EFFR,2.33,2.3,2.32,2.34,2.48,91.0,2.25,2.5,,,,,,,,,,2022-09-20,,
2022-09-21,1664.74,1687.99,1653.65,1673.7,128231,0,25,110.16000366210938,111.58000183105467,110.12999725341795,110.63999938964844,110.63999938964844,0.0,0.0,0.0,2022-09-21,3871.39990234375,3907.070068359375,3789.489990234375,3789.929931640625,3789.929931640625,4078330000.0,0.0,0.0,2022-09-21,83.38,2022-09-21,EFFR,2.33,2.3,2.32,2.33,2.5,99.0,2.25,2.5,,,,,,,,,,2022-09-21,,
2022-09-22,1673.57,1684.81,1655.55,1671.1,155631,0,25,111.4800033569336,111.80999755859376,110.45999908447266,111.3499984741211,111.3499984741211,0.0,0.0,0.0,2022-09-22,3782.360107421875,3790.89990234375,3749.449951171875,3757.989990234375,3757.989990234375,4284600000.0,0.0,0.0,2022-09-22,84.02,2022-09-22,EFFR,3.08,3.05,3.07,3.08,3.25,99.0,3.0,3.25,,,,,,,,,,2022-09-22,,
2022-09-23,1671.06,1675.81,1639.63,1643.63,145903,0,25,111.23999786376952,113.2300033569336,111.08000183105467,113.19000244140624,113.19000244140624,0.0,0.0,0.0,2022-09-23,3727.139892578125,3727.139892578125,3647.469970703125,3693.22998046875,3693.22998046875,5144270000.0,0.0,0.0,2022-09-23,79.07,2022-09-23,EFFR,3.08,3.05,3.07,3.08,3.25,109.0,3.0,3.25,,,,,,,,,,2022-09-23,,
2022-09-26,1644.96,1649.66,1621.01,1622.34,166307,0,25,113.0199966430664,114.52999877929688,112.94000244140624,114.0999984741211,114.0999984741211,0.0,0.0,0.0,2022-09-26,3682.719970703125,3715.669921875,3644.760009765625,3655.0400390625,3655.0400390625,4886140000.0,0.0,0.0,2022-09-26,77.17,2022-09-26,EFFR,3.08,3.05,3.07,3.08,3.25,111.0,3.0,3.25,,,,,,,,,,2022-09-26,,
2022-09-27,1621.99,1642.33,1621.98,1629.09,139727,0,25,114.0199966430664,114.47000122070312,113.33000183105467,114.11000061035156,114.11000061035156,0.0,0.0,0.0,2022-09-27,3686.43994140625,3717.530029296875,3623.2900390625,3647.2900390625,3647.2900390625,4577740000.0,0.0,0.0,2022-09-27,78.91,2022-09-27,EFFR,3.08,3.05,3.07,3.08,3.25,111.0,3.0,3.25,,,,,,,,,,2022-09-27,,
2022-09-28,1628.29,1662.58,1614.71,1659.77,168997,0,25,114.19000244140624,114.77999877929688,112.55999755859376,112.5999984741211,112.5999984741211,0.0,0.0,0.0,2022-09-28,3651.93994140625,3736.739990234375,3640.610107421875,3719.0400390625,3719.0400390625,4684850000.0,0.0,0.0,2022-09-28,82.61,2022-09-28,EFFR,3.08,3.05,3.07,3.08,3.25,110.0,3.0,3.25,,,,,,,,,,2022-09-28,,
2022-09-29,1659.7,1664.76,1641.4,1660.36,155567,0,25,113.01000213623048,113.79000091552734,111.91999816894533,112.25,112.25,0.0,0.0,0.0,2022-09-29,3687.010009765625,3687.010009765625,3610.39990234375,3640.469970703125,3640.469970703125,4681810000.0,0.0,0.0,2022-09-29,81.78,2022-09-29,EFFR,3.08,3.05,3.07,3.08,3.25,103.0,3.0,3.25,,,,,,,,,,2022-09-29,,
2022-09-30,1660.21,1675.27,1659.13,1660.79,141643,0,25,111.75,112.66999816894533,111.58000183105467,112.12000274658205,112.12000274658205,0.0,0.0,0.0,2022-09-30,3633.47998046875,3671.43994140625,3584.1298828125,3585.6201171875,3585.6201171875,5645360000.0,0.0,0.0,2022-09-30,79.91,2022-09-30,EFFR,3.08,3.05,3.07,3.08,3.23,90.0,3.0,3.25,,,,,,,,,,2022-09-30,,
2022-10-03,1660.21,1701.32,1659.55,1699.49,141558,0,25,112.16999816894533,112.54000091552734,111.47000122070312,111.75,111.75,0.0,0.0,0.0,2022-10-03,3609.780029296875,3698.35009765625,3604.929931640625,3678.429931640625,3678.429931640625,4806680000.0,0.0,0.0,2022-10-03,84.05,2022-10-03,EFFR,3.08,3.05,3.07,3.08,3.23,115.0,3.0,3.25,,,,,,,,,,2022-10-03,,
2022-10-04,1698.91,1729.42,1695.07,1726.26,139382,0,25,111.58999633789062,111.88999938964844,110.05999755859376,110.06999969482422,110.06999969482422,0.0,0.0,0.0,2022-10-04,3726.4599609375,3791.919921875,3726.4599609375,3790.929931640625,3790.929931640625,5146580000.0,0.0,0.0,2022-10-04,86.87,2022-10-04,EFFR,3.08,3.05,3.07,3.08,3.25,107.0,3.0,3.25,,,,,,,,,,2022-10-04,,
2022-10-05,1725.66,1727.64,1700.35,1716.12,134859,0,25,110.2300033569336,111.73999786376952,110.08999633789062,111.06999969482422,111.06999969482422,0.0,0.0,0.0,2022-10-05,3753.25,3806.909912109375,3722.659912109375,3783.280029296875,3783.280029296875,4293180000.0,0.0,0.0,2022-10-05,88.22,2022-10-05,EFFR,3.08,3.05,3.07,3.08,3.23,104.0,3.0,3.25,,,,,,,,,,2022-10-05,,
2022-10-06,1716.38,1725.4,1706.76,1712.35,128906,0,25,111.0199966430664,112.30999755859376,110.77999877929688,112.26000213623048,112.26000213623048,0.0,0.0,0.0,2022-10-06,3771.969970703125,3797.929931640625,3739.219970703125,3744.52001953125,3744.52001953125,4252100000.0,0.0,0.0,2022-10-06,88.9,2022-10-06,EFFR,3.08,3.05,3.07,3.08,3.25,109.0,3.0,3.25,,,,,,,,,,2022-10-06,,
2022-10-07,1712.5,1714.73,1690.45,1694.75,121619,0,25,112.25,112.87999725341795,111.9499969482422,112.8000030517578,112.8000030517578,0.0,0.0,0.0,2022-10-07,3706.739990234375,3706.739990234375,3620.72998046875,3639.659912109375,3639.659912109375,4449660000.0,0.0,0.0,2022-10-07,93.07,2022-10-07,EFFR,3.08,3.05,3.07,3.08,3.23,113.0,3.0,3.25,,,,,,,,,,2022-10-07,,
2022-10-10,1695.22,1699.81,1665.58,1667.94,113013,0,25,112.75,113.33000183105467,112.62000274658205,113.13999938964844,113.13999938964844,0.0,0.0,0.0,2022-10-10,3647.510009765625,3652.169921875,3588.10009765625,3612.389892578125,3612.389892578125,3834320000.0,0.0,0.0,2022-10-10,91.6,2022-10-10,,,,,,,,,,,,,,,,,,,,,
2022-10-11,1668.19,1683.82,1660.88,1666.1,133142,0,25,113.08000183105467,113.5,112.41000366210938,113.22000122070312,113.22000122070312,0.0,0.0,0.0,2022-10-11,3595.860107421875,3640.659912109375,3568.449951171875,3588.840087890625,3588.840087890625,4759030000.0,0.0,0.0,2022-10-11,89.75,2022-10-11,EFFR,3.08,3.05,3.07,3.08,3.23,104.0,3.0,3.25,,,,,,,,,,2022-10-11,,
2022-10-12,1666.04,1678.24,1661.18,1673.02,132607,0,25,113.30999755859376,113.58999633789062,113.0500030517578,113.31999969482422,113.31999969482422,0.0,0.0,0.0,2022-10-12,3590.830078125,3608.340087890625,3573.860107421875,3577.030029296875,3577.030029296875,4006830000.0,0.0,0.0,2022-10-12,87.83,2022-10-12,EFFR,3.08,3.05,3.07,3.08,3.23,110.0,3.0,3.25,,,,,,,,,,2022-10-12,,
2022-10-13,1673.38,1682.34,1642.32,1666.01,144945,0,25,113.23999786376952,113.91999816894533,112.1500015258789,112.36000061035156,112.36000061035156,0.0,0.0,0.0,2022-10-13,3520.3701171875,3685.409912109375,3491.580078125,3669.909912109375,3669.909912109375,5021680000.0,0.0,0.0,2022-10-13,89.59,2022-10-13,EFFR,3.08,3.05,3.07,3.08,3.24,106.0,3.0,3.25,,,,,,,,,,2022-10-13,,
2022-10-14,1666.09,1671.67,1640.07,1643.99,142911,0,25,112.47000122070312,113.41999816894533,112.16000366210938,113.30999755859376,113.30999755859376,0.0,0.0,0.0,2022-10-14,3690.409912109375,3712.0,3579.679931640625,3583.070068359375,3583.070068359375,4243030000.0,0.0,0.0,2022-10-14,86.1,2022-10-14,EFFR,3.08,3.05,3.07,3.08,3.23,110.0,3.0,3.25,,,,,,,,,,2022-10-14,,
2022-10-17,1643.53,1668.32,1643.24,1650.46,118131,0,25,113.22000122070312,113.22000122070312,111.91999816894533,112.04000091552734,112.04000091552734,0.0,0.0,0.0,2022-10-17,3638.64990234375,3689.72998046875,3638.64990234375,3677.949951171875,3677.949951171875,4352780000.0,0.0,0.0,2022-10-17,86.0,2022-10-17,EFFR,3.08,3.05,3.07,3.08,3.23,103.0,3.0,3.25,,,,,,,,,,2022-10-17,,
2022-10-18,1650.03,1660.79,1645.74,1651.85,120736,0,25,112.06999969482422,112.45999908447266,111.7699966430664,112.12999725341795,112.12999725341795,0.0,0.0,0.0,2022-10-18,3746.260009765625,3762.7900390625,3686.530029296875,3719.97998046875,3719.97998046875,4483740000.0,0.0,0.0,2022-10-18,83.29,2022-10-18,EFFR,3.08,3.05,3.07,3.08,3.23,103.0,3.0,3.25,,,,,,,,,,2022-10-18,,
2022-10-19,1651.71,1654.29,1627.56,1628.95,110016,0,25,111.91999816894533,113.0999984741211,111.91999816894533,112.9800033569336,112.9800033569336,0.0,0.0,0.0,2022-10-19,3703.110107421875,3728.580078125,3666.510009765625,3695.159912109375,3695.159912109375,4223800000.0,0.0,0.0,2022-10-19,86.0,2022-10-19,EFFR,3.08,3.05,3.07,3.08,3.25,104.0,3.0,3.25,,,,,,,,,,2022-10-19,,
2022-10-20,1629.1,1645.66,1622.35,1627.97,113672,0,25,112.98999786376952,113.08999633789062,112.16999816894533,112.87999725341795,112.87999725341795,0.0,0.0,0.0,2022-10-20,3689.050048828125,3736.0,3656.43994140625,3665.780029296875,3665.780029296875,4496620000.0,0.0,0.0,2022-10-20,86.02,2022-10-20,EFFR,3.08,3.05,3.07,3.09,3.25,92.0,3.0,3.25,,,,,,,,,,2022-10-20,,
2022-10-21,1627.62,1657.86,1617.07,1657.67,138747,0,25,112.94000244140624,113.94000244140624,111.6999969482422,112.01000213623048,112.01000213623048,0.0,0.0,0.0,2022-10-21,3657.10009765625,3757.889892578125,3647.419921875,3752.75,3752.75,5078020000.0,0.0,0.0,2022-10-21,85.47,2022-10-21,EFFR,3.08,3.05,3.07,3.09,3.25,99.0,3.0,3.25,,,,,,,,,,2022-10-21,,
2022-10-24,1658.69,1670.6,1643.87,1649.28,127361,0,25,111.87999725341795,112.52999877929688,111.47000122070312,111.98999786376952,111.98999786376952,0.0,0.0,0.0,2022-10-24,3762.010009765625,3810.739990234375,3741.64990234375,3797.340087890625,3797.340087890625,4747930000.0,0.0,0.0,2022-10-24,86.12,2022-10-24,EFFR,3.08,3.05,3.07,3.09,3.25,99.0,3.0,3.25,,,,,,,,,,2022-10-24,,
2022-10-25,1649.99,1662.28,1638.14,1653.03,105287,0,25,111.81999969482422,112.12999725341795,110.76000213623048,110.9499969482422,110.9499969482422,0.0,0.0,0.0,2022-10-25,3799.43994140625,3862.85009765625,3799.43994140625,3859.110107421875,3859.110107421875,4843120000.0,0.0,0.0,2022-10-25,86.93,2022-10-25,EFFR,3.08,3.05,3.07,3.09,3.29,103.0,3.0,3.25,,,,,,,,,,2022-10-25,,
2022-10-26,1652.9,1674.85,1649.59,1664.55,117717,0,25,110.95999908447266,111.13999938964844,109.62999725341795,109.6999969482422,109.6999969482422,0.0,0.0,0.0,2022-10-26,3825.969970703125,3886.14990234375,3824.070068359375,3830.60009765625,3830.60009765625,4817310000.0,0.0,0.0,2022-10-26,89.39,2022-10-26,EFFR,3.08,3.05,3.07,3.09,3.3,99.0,3.0,3.25,,,,,,,,,,2022-10-26,,
2022-10-27,1664.09,1670.71,1654.75,1663.18,117448,0,25,109.62000274658205,110.62000274658205,109.54000091552734,110.58999633789062,110.58999633789062,0.0,0.0,0.0,2022-10-27,3834.68994140625,3859.949951171875,3803.7900390625,3807.300048828125,3807.300048828125,4687320000.0,0.0,0.0,2022-10-27,89.06,2022-10-27,EFFR,3.08,3.05,3.07,3.09,3.3,103.0,3.0,3.25,,,,,,,,,,2022-10-27,,
2022-10-28,1662.57,1666.89,1637.86,1644.53,113667,0,25,110.5,111.04000091552734,110.29000091552734,110.66999816894533,110.66999816894533,0.0,0.0,0.0,2022-10-28,3808.260009765625,3905.419921875,3808.260009765625,3901.06005859375,3901.06005859375,4459410000.0,0.0,0.0,2022-10-28,87.85,2022-10-28,EFFR,3.08,3.05,3.07,3.09,3.3,107.0,3.0,3.25,,,,,,,,,,2022-10-28,,
2022-10-31,1643.24,1645.54,1631.65,1633.46,92233,0,25,110.66999816894533,111.66999816894533,110.66999816894533,111.52999877929688,111.52999877929688,0.0,0.0,0.0,2022-10-31,3881.85009765625,3893.72998046875,3863.179931640625,3871.97998046875,3871.97998046875,4820620000.0,0.0,0.0,2022-10-31,86.54,2022-10-31,EFFR,3.08,3.05,3.07,3.09,3.3,82.0,3.0,3.25,,,,,,,,,,2022-10-31,,
2022-11-01,1632.97,1656.94,1630.64,1647.58,110659,0,25,111.5199966430664,111.77999877929688,110.72000122070312,111.4800033569336,111.4800033569336,0.0,0.0,0.0,2022-11-01,3901.7900390625,3911.7900390625,3843.800048828125,3856.10009765625,3856.10009765625,4481210000.0,0.0,0.0,2022-11-01,88.36,2022-11-01,EFFR,3.08,3.05,3.07,3.08,3.35,108.0,3.0,3.25,,,,,,,,,,2022-11-01,298.786,2022-11-01
2022-11-02,1647.62,1669.37,1634.62,1634.97,106692,0,25,111.54000091552734,112.1500015258789,110.43000030517578,111.3499984741211,111.3499984741211,0.0,0.0,0.0,2022-11-02,3852.89990234375,3894.43994140625,3758.679931640625,3759.68994140625,3759.68994140625,4899000000.0,0.0,0.0,2022-11-02,90.06,2022-11-02,EFFR,3.08,3.05,3.07,3.09,3.35,103.0,3.0,3.25,,,,,,,,,,2022-11-02,,
2022-11-03,1635.21,1640.91,1616.55,1629.47,118066,0,25,112.16999816894533,113.1500015258789,111.81999969482422,112.93000030517578,112.93000030517578,0.0,0.0,0.0,2022-11-03,3733.25,3750.590087890625,3698.14990234375,3719.889892578125,3719.889892578125,4625290000.0,0.0,0.0,2022-11-03,88.14,2022-11-03,EFFR,3.83,3.8,3.82,3.84,4.05,97.0,3.75,4.0,,,,,,,,,,2022-11-03,,
2022-11-04,1629.31,1681.62,1628.4,1680.67,125740,0,25,112.97000122070312,112.98999786376952,110.72000122070312,110.87999725341795,110.87999725341795,0.0,0.0,0.0,2022-11-04,3766.97998046875,3796.340087890625,3708.840087890625,3770.550048828125,3770.550048828125,5400180000.0,0.0,0.0,2022-11-04,92.58,2022-11-04,EFFR,3.83,3.8,3.82,3.83,4.0,105.0,3.75,4.0,,,,,,,,,,2022-11-04,,
2022-11-07,1674.67,1681.77,1666.79,1675.17,90778,0,25,110.79000091552734,111.2699966430664,110.0500030517578,110.12000274658205,110.12000274658205,0.0,0.0,0.0,2022-11-07,3780.7099609375,3813.949951171875,3764.699951171875,3806.800048828125,3806.800048828125,4341620000.0,0.0,0.0,2022-11-07,91.8,2022-11-07,EFFR,3.83,3.8,3.82,3.84,4.0,99.0,3.75,4.0,,,,,,,,,,2022-11-07,,
2022-11-08,1674.93,1716.81,1664.56,1712.3,106466,0,25,110.05999755859376,110.61000061035156,109.37000274658205,109.62000274658205,109.62000274658205,0.0,0.0,0.0,2022-11-08,3817.02001953125,3859.39990234375,3786.280029296875,3828.110107421875,3828.110107421875,4607640000.0,0.0,0.0,2022-11-08,88.8,2022-11-08,EFFR,3.83,3.8,3.82,3.84,4.05,101.0,3.75,4.0,,,,,,,,,,2022-11-08,,
2022-11-09,1711.85,1722.24,1702.11,1706.79,109956,0,25,109.6500015258789,110.63999938964844,109.4499969482422,110.5500030517578,110.5500030517578,0.0,0.0,0.0,2022-11-09,3810.93994140625,3818.199951171875,3744.219970703125,3748.570068359375,3748.570068359375,4645010000.0,0.0,0.0,2022-11-09,85.79,2022-11-09,EFFR,3.83,2.34,3.82,3.84,4.0,100.0,3.75,4.0,,,,,,,,,,2022-11-09,,
2022-11-10,1706.43,1757.08,1703.71,1755.37,123674,0,25,110.3000030517578,110.98999786376952,107.70999908447266,108.20999908447266,108.20999908447266,0.0,0.0,0.0,2022-11-10,3859.889892578125,3958.330078125,3859.889892578125,3956.3701171875,3956.3701171875,5781260000.0,0.0,0.0,2022-11-10,86.52,2022-11-10,EFFR,3.83,3.8,3.82,3.84,4.0,97.0,3.75,4.0,,,,,,,,,,2022-11-10,,
2022-11-11,1754.86,1772.46,1747.15,1770.86,112900,0,25,108.23999786376952,108.44000244140624,106.27999877929688,106.29000091552734,106.29000091552734,0.0,0.0,0.0,2022-11-11,3963.719970703125,4001.47998046875,3944.820068359375,3992.929931640625,3992.929931640625,5593310000.0,0.0,0.0,2022-11-11,89.14,2022-11-11,,,,,,,,,,,,,,,,,,,,,
2022-11-14,1764.2,1774.94,1753.16,1771.03,89191,0,25,106.4800033569336,107.2699966430664,106.4800033569336,106.66000366210938,106.66000366210938,0.0,0.0,0.0,2022-11-14,3977.969970703125,4008.969970703125,3956.39990234375,3957.25,3957.25,4561930000.0,0.0,0.0,2022-11-14,85.85,2022-11-14,EFFR,3.83,3.8,3.82,3.84,4.0,99.0,3.75,4.0,,,,,,,,,,2022-11-14,,
2022-11-15,1770.53,1786.34,1766.93,1778.55,145585,0,25,107.0,107.0999984741211,105.33999633789062,106.4000015258789,106.4000015258789,0.0,0.0,0.0,2022-11-15,4006.409912109375,4028.840087890625,3953.169921875,3991.72998046875,3991.72998046875,5015310000.0,0.0,0.0,2022-11-15,86.87,2022-11-15,EFFR,3.83,3.8,3.82,3.84,4.0,97.0,3.75,4.0,,,,,,,,,,2022-11-15,,
2022-11-16,1778.16,1784.9,1770.18,1773.62,121501,0,25,106.58000183105467,106.77999877929688,105.86000061035156,106.27999877929688,106.27999877929688,0.0,0.0,0.0,2022-11-16,3976.820068359375,3983.090087890625,3954.340087890625,3958.7900390625,3958.7900390625,4165320000.0,0.0,0.0,2022-11-16,85.62,2022-11-16,EFFR,3.83,3.8,3.82,3.84,4.0,98.0,3.75,4.0,,,,,,,,,,2022-11-16,,
2022-11-17,1773.23,1774.67,1754.34,1760.04,118713,0,25,106.2699966430664,107.23999786376952,106.0999984741211,106.69000244140624,106.69000244140624,0.0,0.0,0.0,2022-11-17,3919.260009765625,3954.330078125,3906.5400390625,3946.56005859375,3946.56005859375,4051780000.0,0.0,0.0,2022-11-17,81.69,2022-11-17,EFFR,3.83,3.8,3.82,3.84,4.0,99.0,3.75,4.0,,,,,,,,,,2022-11-17,,
2022-11-18,1759.96,1767.57,1747.4,1750.53,102240,0,25,106.69000244140624,107.04000091552734,106.33999633789062,106.93000030517578,106.93000030517578,0.0,0.0,0.0,2022-11-18,3966.389892578125,3979.889892578125,3935.97998046875,3965.340087890625,3965.340087890625,4037360000.0,0.0,0.0,2022-11-18,80.07,2022-11-18,EFFR,3.83,3.8,3.82,3.84,4.05,102.0,3.75,4.0,,,,,,,,,,2022-11-18,,
2022-11-21,1750.45,1752.84,1732.42,1737.6,95793,0,25,106.97000122070312,107.98999786376952,106.88999938964844,107.83999633789062,107.83999633789062,0.0,0.0,0.0,2022-11-21,3956.22998046875,3962.0,3933.340087890625,3949.93994140625,3949.93994140625,3850690000.0,0.0,0.0,2022-11-21,79.74,2022-11-21,EFFR,3.83,3.8,3.82,3.84,4.05,94.0,3.75,4.0,,,,,,,,,,2022-11-21,,
2022-11-22,1738.03,1749.63,1736.92,1739.83,92644,0,25,107.6999969482422,107.75,107.12000274658205,107.22000122070312,107.22000122070312,0.0,0.0,0.0,2022-11-22,3965.510009765625,4005.8798828125,3956.8798828125,4003.580078125,4003.580078125,3887990000.0,0.0,0.0,2022-11-22,80.83,2022-11-22,EFFR,3.83,3.8,3.82,3.84,4.05,99.0,3.75,4.0,,,,,,,,,,2022-11-22,,
2022-11-23,1739.75,1753.31,1725.63,1749.3,94031,0,25,107.08000183105467,107.22000122070312,106.02999877929688,106.08000183105467,106.08000183105467,0.0,0.0,0.0,2022-11-23,4000.300048828125,4033.780029296875,3998.659912109375,4027.260009765625,4027.260009765625,3279720000.0,0.0,0.0,2022-11-23,77.93,2022-11-23,EFFR,3.83,3.8,3.82,3.84,4.05,108.0,3.75,4.0,,,,,,,,,,2022-11-23,,
2022-11-24,1749.4,1758.54,1748.71,1755.31,77362,0,25,,,,,,,,,,,,,,,,,,,,2022-11-24,,,,,,,,,,,,,,,,,,,,,
2022-11-25,1754.73,1760.97,1745.83,1755.33,89030,0,25,105.95999908447266,106.41999816894533,105.69000244140624,105.95999908447266,105.95999908447266,0.0,0.0,0.0,2022-11-25,4023.340087890625,4034.02001953125,4020.760009765625,4026.1201171875,4026.1201171875,1706460000.0,0.0,0.0,2022-11-25,76.45,2022-11-25,EFFR,3.83,3.7,3.82,3.83,4.05,105.0,3.75,4.0,,,,,,,,,,2022-11-25,,
2022-11-28,1754.9,1763.59,1739.49,1741.37,94194,0,25,106.05999755859376,106.75,105.31999969482422,106.68000030517578,106.68000030517578,0.0,0.0,0.0,2022-11-28,4005.360107421875,4012.27001953125,3955.77001953125,3963.93994140625,3963.93994140625,3615430000.0,0.0,0.0,2022-11-28,77.1,2022-11-28,EFFR,3.83,3.8,3.82,3.84,4.05,97.0,3.75,4.0,,,,,,,,,,2022-11-28,,
2022-11-29,1740.1,1758.86,1739.38,1749.58,92806,0,25,106.56999969482422,106.87999725341795,106.05999755859376,106.81999969482422,106.81999969482422,0.0,0.0,0.0,2022-11-29,3964.18994140625,3976.77001953125,3937.64990234375,3957.6298828125,3957.6298828125,3546040000.0,0.0,0.0,2022-11-29,77.96,2022-11-29,EFFR,3.83,3.8,3.82,3.84,4.05,95.0,3.75,4.0,,,,,,,,,,2022-11-29,,
2022-11-30,1749.11,1769.9,1744.72,1768.4,102438,0,25,106.72000122070312,107.1999969482422,105.77999877929688,105.9499969482422,105.9499969482422,0.0,0.0,0.0,2022-11-30,3957.179931640625,4080.110107421875,3938.580078125,4080.110107421875,4080.110107421875,6579360000.0,0.0,0.0,2022-11-30,80.48,2022-11-30,EFFR,3.83,3.79,3.82,3.84,4.05,92.0,3.75,4.0,,,,,,,,,,2022-11-30,,
2022-12-01,1768.02,1803.9,1767.96,1802.72,113704,0,25,105.6999969482422,105.9000015258789,104.66000366210938,104.7300033569336,104.7300033569336,0.0,0.0,0.0,2022-12-01,4087.139892578125,4100.509765625,4050.8701171875,4076.570068359375,4076.570068359375,4527130000.0,0.0,0.0,2022-12-01,81.06,2022-12-01,EFFR,3.83,3.8,3.82,3.84,4.05,99.0,3.75,4.0,,,,,,,,,,2022-12-01,298.832,2022-12-01
2022-12-02,1802.02,1804.28,1778.46,1797.7,105421,0,25,104.81999969482422,105.58999633789062,104.37999725341795,104.5500030517578,104.5500030517578,0.0,0.0,0.0,2022-12-02,4040.169921875,4080.47998046875,4026.6298828125,4071.699951171875,4071.699951171875,4012620000.0,0.0,0.0,2022-12-02,79.86,2022-12-02,EFFR,3.83,3.8,3.82,3.83,4.0,108.0,3.75,4.0,,,,,,,,,,2022-12-02,,
2022-12-05,1796.16,1809.93,1765.71,1768.54,111324,0,25,104.51000213623048,105.4000015258789,104.11000061035156,105.29000091552734,105.29000091552734,0.0,0.0,0.0,2022-12-05,4052.02001953125,4052.449951171875,3984.489990234375,3998.840087890625,3998.840087890625,4280820000.0,0.0,0.0,2022-12-05,76.83,2022-12-05,EFFR,3.83,3.8,3.82,3.84,4.05,107.0,3.75,4.0,,,,,,,,,,2022-12-05,,
2022-12-06,1768.31,1780.77,1767.17,1770.87,90587,0,25,105.16000366210938,105.62999725341795,104.88999938964844,105.58000183105467,105.58000183105467,0.0,0.0,0.0,2022-12-06,3996.6298828125,4001.510009765625,3918.389892578125,3941.260009765625,3941.260009765625,4368380000.0,0.0,0.0,2022-12-06,74.21,2022-12-06,EFFR,3.83,3.8,3.82,3.84,4.05,110.0,3.75,4.0,,,,,,,,,,2022-12-06,,
2022-12-07,1770.42,1790.43,1768.58,1785.95,98487,0,25,105.62999725341795,105.81999969482422,104.87999725341795,105.0999984741211,105.0999984741211,0.0,0.0,0.0,2022-12-07,3933.280029296875,3957.570068359375,3922.679931640625,3933.919921875,3933.919921875,4118050000.0,0.0,0.0,2022-12-07,71.93,2022-12-07,EFFR,3.83,3.8,3.82,3.84,4.05,103.0,3.75,4.0,,,,,,,,,,2022-12-07,,
2022-12-08,1785.81,1794.74,1781.28,1788.8,92559,0,25,105.1999969482422,105.43000030517578,104.72000122070312,104.7699966430664,104.7699966430664,0.0,0.0,0.0,2022-12-08,3947.7900390625,3974.18994140625,3935.830078125,3963.510009765625,3963.510009765625,4006900000.0,0.0,0.0,2022-12-08,71.3,2022-12-08,EFFR,3.83,3.8,3.82,3.84,4.05,99.0,3.75,4.0,,,,,,,,,,2022-12-08,,
2022-12-09,1789.38,1806.0,1788.37,1796.83,89979,0,25,104.86000061035156,105.13999938964844,104.4800033569336,104.80999755859376,104.80999755859376,0.0,0.0,0.0,2022-12-09,3954.169921875,3977.02001953125,3933.0400390625,3934.3798828125,3934.3798828125,3888260000.0,0.0,0.0,2022-12-09,71.05,2022-12-09,EFFR,3.83,3.8,3.82,3.84,4.05,102.0,3.75,4.0,,,,,,,,,,2022-12-09,,
2022-12-12,1795.97,1797.03,1777.34,1781.22,76503,0,25,104.93000030517578,105.25,104.66999816894533,105.12999725341795,105.12999725341795,0.0,0.0,0.0,2022-12-12,3939.2900390625,3990.7099609375,3935.300048828125,3990.56005859375,3990.56005859375,3904130000.0,0.0,0.0,2022-12-12,72.96,2022-12-12,EFFR,3.83,3.8,3.82,3.84,4.05,97.0,3.75,4.0,,,,,,,,,,2022-12-12,,
2022-12-13,1780.82,1824.41,1780.33,1810.38,115688,0,25,104.98999786376952,105.0999984741211,103.58999633789062,103.9800033569336,103.9800033569336,0.0,0.0,0.0,2022-12-13,4069.3798828125,4100.9599609375,3993.030029296875,4019.64990234375,4019.64990234375,5079360000.0,0.0,0.0,2022-12-13,75.44,2022-12-13,EFFR,3.83,3.8,3.82,3.84,4.05,100.0,3.75,4.0,,,,,,,,,,2022-12-13,,
2022-12-14,1810.24,1814.05,1795.0,1807.15,110406,0,25,104.06999969482422,104.16000366210938,103.4499969482422,103.7699966430664,103.7699966430664,0.0,0.0,0.0,2022-12-14,4015.5400390625,4053.760009765625,3965.64990234375,3995.320068359375,3995.320068359375,4472340000.0,0.0,0.0,2022-12-14,77.14,2022-12-14,EFFR,3.83,3.8,3.82,3.84,4.05,101.0,3.75,4.0,,,,,,,,,,2022-12-14,,
2022-12-15,1806.91,1808.39,1773.57,1776.6,145959,0,25,103.66999816894533,104.87999725341795,103.54000091552734,104.55999755859376,104.55999755859376,0.0,0.0,0.0,2022-12-15,3958.3701171875,3958.3701171875,3879.449951171875,3895.75,3895.75,4493900000.0,0.0,0.0,2022-12-15,75.89,2022-12-15,EFFR,4.33,4.3,4.32,4.34,4.5,104.0,4.25,4.5,,,,,,,,,,2022-12-15,,
2022-12-16,1776.85,1794.17,1774.18,1792.83,91046,0,25,104.4499969482422,104.83999633789062,104.20999908447266,104.6999969482422,104.6999969482422,0.0,0.0,0.0,2022-12-16,3890.909912109375,3890.909912109375,3827.909912109375,3852.360107421875,3852.360107421875,7493660000.0,0.0,0.0,2022-12-16,74.19,2022-12-16,EFFR,4.33,4.3,4.32,4.34,4.55,99.0,4.25,4.5,,,,,,,,,,2022-12-16,,
2022-12-19,1792.54,1798.65,1783.68,1787.52,73159,0,25,104.83999633789062,104.93000030517578,104.12999725341795,104.72000122070312,104.72000122070312,0.0,0.0,0.0,2022-12-19,3853.7900390625,3854.860107421875,3800.0400390625,3817.659912109375,3817.659912109375,3969610000.0,0.0,0.0,2022-12-19,75.05,2022-12-19,EFFR,4.33,4.3,4.32,4.34,4.55,91.0,4.25,4.5,,,,,,,,,,2022-12-19,,
2022-12-20,1787.2,1821.11,1784.47,1817.52,135196,0,25,104.7300033569336,104.79000091552734,103.77999877929688,103.97000122070312,103.97000122070312,0.0,0.0,0.0,2022-12-20,3810.469970703125,3838.239990234375,3795.6201171875,3821.6201171875,3821.6201171875,3985370000.0,0.0,0.0,2022-12-20,75.92,2022-12-20,EFFR,4.33,4.3,4.32,4.34,4.55,99.0,4.25,4.5,,,,,,,,,,2022-12-20,,
2022-12-21,1817.91,1823.75,1811.73,1814.05,88999,0,25,103.9499969482422,104.37999725341795,103.8499984741211,104.16000366210938,104.16000366210938,0.0,0.0,0.0,2022-12-21,3839.489990234375,3889.820068359375,3839.489990234375,3878.43994140625,3878.43994140625,3775200000.0,0.0,0.0,2022-12-21,78.17,2022-12-21,EFFR,4.33,4.3,4.32,4.34,4.55,98.0,4.25,4.5,,,,,,,,,,2022-12-21,,
2022-12-22,1813.71,1820.32,1784.78,1792.29,100771,0,25,104.22000122070312,104.5999984741211,103.75,104.43000030517578,104.43000030517578,0.0,0.0,0.0,2022-12-22,3853.260009765625,3853.260009765625,3764.489990234375,3822.389892578125,3822.389892578125,3956950000.0,0.0,0.0,2022-12-22,77.68,2022-12-22,EFFR,4.33,4.3,4.32,4.34,4.6,99.0,4.25,4.5,,,,,,,,,,2022-12-22,,
2022-12-23,1792.93,1803.15,1791.05,1798.25,96078,0,25,104.38999938964844,104.54000091552734,104.12000274658205,104.30999755859376,104.30999755859376,0.0,0.0,0.0,2022-12-23,3815.110107421875,3845.800048828125,3797.010009765625,3844.820068359375,3844.820068359375,2819280000.0,0.0,0.0,2022-12-23,79.57,2022-12-23,EFFR,4.33,4.3,4.32,4.34,4.6,107.0,4.25,4.5,,,,,,,,,,2022-12-23,,
2022-12-27,1800.04,1833.2,1799.69,1813.39,92302,0,25,104.12000274658205,104.4000015258789,103.88999938964844,104.18000030517578,104.18000030517578,0.0,0.0,0.0,2022-12-27,3843.340087890625,3846.64990234375,3813.219970703125,3829.25,3829.25,3030300000.0,0.0,0.0,2022-12-27,79.45,2022-12-27,EFFR,4.33,4.3,4.32,4.34,4.6,109.0,4.25,4.5,,,,,,,,,,2022-12-27,,
2022-12-28,1813.19,1814.39,1796.92,1804.13,79554,0,25,104.33000183105467,104.55999755859376,103.8499984741211,104.45999908447266,104.45999908447266,0.0,0.0,0.0,2022-12-28,3829.56005859375,3848.320068359375,3780.780029296875,3783.219970703125,3783.219970703125,3083520000.0,0.0,0.0,2022-12-28,78.89,2022-12-28,EFFR,4.33,4.3,4.32,4.34,4.6,99.0,4.25,4.5,,,,,,,,,,2022-12-28,,
2022-12-29,1803.82,1820.05,1803.57,1814.72,83330,0,25,104.37000274658205,104.4499969482422,103.77999877929688,103.83999633789062,103.83999633789062,0.0,0.0,0.0,2022-12-29,3805.449951171875,3858.18994140625,3805.449951171875,3849.280029296875,3849.280029296875,3003680000.0,0.0,0.0,2022-12-29,78.43,2022-12-29,EFFR,4.33,4.3,4.31,4.34,4.6,94.0,4.25,4.5,,,,,,,,,,2022-12-29,,
2022-12-30,1813.89,1826.0,1813.22,1823.55,102184,0,25,103.9499969482422,104.0999984741211,103.38999938964844,103.5199966430664,103.5199966430664,0.0,0.0,0.0,2022-12-30,3829.06005859375,3839.85009765625,3800.340087890625,3839.5,3839.5,2979870000.0,0.0,0.0,2022-12-30,80.16,2022-12-30,EFFR,4.33,4.3,4.32,4.34,4.6,67.0,4.25,4.5,,,,,,,,,,2022-12-30,,
2023-01-03,1826.63,1849.88,1823.58,1839.32,128619,0,25,103.66000366210938,104.86000061035156,103.47000122070312,104.5199966430664,104.5199966430664,0.0,0.0,0.0,2023-01-03,3853.2900390625,3878.4599609375,3794.330078125,3824.139892578125,3824.139892578125,3959140000.0,0.0,0.0,2023-01-03,76.87,2023-01-03,EFFR,4.33,4.3,4.32,4.33,4.6,105.0,4.25,4.5,,,,,,,,,,2023-01-03,,
2023-01-04,1838.42,1865.01,1836.02,1854.5,140586,0,25,104.58000183105467,104.5999984741211,103.83000183105467,104.25,104.25,0.0,0.0,0.0,2023-01-04,3840.360107421875,3873.159912109375,3815.77001953125,3852.969970703125,3852.969970703125,4414080000.0,0.0,0.0,2023-01-04,72.82,2023-01-04,EFFR,4.33,4.3,4.32,4.33,4.65,108.0,4.25,4.5,,,,,,,,,,2023-01-04,,
2023-01-05,1854.22,1858.84,1824.95,1832.85,129753,0,25,104.06999969482422,105.2699966430664,103.98999786376952,105.04000091552734,105.04000091552734,0.0,0.0,0.0,2023-01-05,3839.739990234375,3839.739990234375,3802.419921875,3808.10009765625,3808.10009765625,3893450000.0,0.0,0.0,2023-01-05,73.61,2023-01-05,EFFR,4.33,4.3,4.32,4.33,4.6,107.0,4.25,4.5,,,,,,,,,,2023-01-05,,
2023-01-06,1830.04,1869.75,1830.03,1865.75,124170,0,25,105.0500030517578,105.62999725341795,103.87000274658205,103.87999725341795,103.87999725341795,0.0,0.0,0.0,2023-01-06,3823.3701171875,3906.18994140625,3809.56005859375,3895.080078125,3895.080078125,3923560000.0,0.0,0.0,2023-01-06,73.77,2023-01-06,EFFR,4.33,4.3,4.32,4.33,4.6,114.0,4.25,4.5,,,,,,,,,,2023-01-06,,
2023-01-09,1867.25,1881.36,1866.18,1871.56,115745,0,25,103.91000366210938,103.94000244140624,102.94000244140624,103.0,103.0,0.0,0.0,0.0,2023-01-09,3910.820068359375,3950.570068359375,3890.419921875,3892.090087890625,3892.090087890625,4311770000.0,0.0,0.0,2023-01-09,74.69,2023-01-09,EFFR,4.33,4.3,4.32,4.34,4.6,106.0,4.25,4.5,,,,,,,,,,2023-01-09,,
2023-01-10,1871.25,1880.59,1867.63,1876.78,119460,0,25,103.29000091552734,103.48999786376952,103.02999877929688,103.23999786376952,103.23999786376952,0.0,0.0,0.0,2023-01-10,3888.570068359375,3919.830078125,3877.2900390625,3919.25,3919.25,3851030000.0,0.0,0.0,2023-01-10,75.11,2023-01-10,EFFR,4.33,4.3,4.32,4.33,4.6,109.0,4.25,4.5,,,,,,,,,,2023-01-10,,
2023-01-11,1876.52,1886.47,1866.96,1875.58,116475,0,25,103.22000122070312,103.4800033569336,103.11000061035156,103.19000244140624,103.19000244140624,0.0,0.0,0.0,2023-01-11,3932.35009765625,3970.070068359375,3928.5400390625,3969.610107421875,3969.610107421875,4303360000.0,0.0,0.0,2023-01-11,77.46,2023-01-11,EFFR,4.33,4.3,4.32,4.33,4.6,110.0,4.25,4.5,,,,,,,,,,2023-01-11,,
2023-01-12,1875.0,1901.48,1870.41,1896.66,143384,0,25,103.05999755859376,103.29000091552734,102.08000183105467,102.25,102.25,0.0,0.0,0.0,2023-01-12,3977.570068359375,3997.760009765625,3937.56005859375,3983.169921875,3983.169921875,4440260000.0,0.0,0.0,2023-01-12,78.32,2023-01-12,EFFR,4.33,4.3,4.32,4.34,4.61,107.0,4.25,4.5,,,,,,,,,,2023-01-12,,
2023-01-13,1895.88,1921.84,1892.15,1920.12,135025,0,25,102.20999908447266,102.6500015258789,101.98999786376952,102.1999969482422,102.1999969482422,0.0,0.0,0.0,2023-01-13,3960.60009765625,4003.949951171875,3947.669921875,3999.090087890625,3999.090087890625,3939700000.0,0.0,0.0,2023-01-13,79.9,2023-01-13,EFFR,4.33,4.3,4.32,4.34,4.6,110.0,4.25,4.5,,,,,,,,,,2023-01-13,,
2023-01-16,1919.03,1928.78,1910.75,1915.41,81430,0,25,,,,,,,,,,,,,,,,,,,,2023-01-16,,,,,,,,,,,,,,,,,,,,,
2023-01-17,1914.84,1918.93,1903.66,1908.4,122910,0,25,102.31999969482422,102.55999755859376,101.94000244140624,102.38999938964844,102.38999938964844,0.0,0.0,0.0,2023-01-17,3999.280029296875,4015.389892578125,3984.570068359375,3990.969970703125,3990.969970703125,4235560000.0,0.0,0.0,2023-01-17,80.25,2023-01-17,EFFR,4.33,4.3,4.31,4.34,4.61,94.0,4.25,4.5,,,,,,,,,,2023-01-17,,
2023-01-18,1908.4,1925.79,1896.43,1904.12,149912,0,25,102.47000122070312,102.9000015258789,101.52999877929688,102.36000061035156,102.36000061035156,0.0,0.0,0.0,2023-01-18,4002.25,4014.159912109375,3926.590087890625,3928.860107421875,3928.860107421875,4298710000.0,0.0,0.0,2023-01-18,79.53,2023-01-18,EFFR,4.33,4.3,4.32,4.34,4.62,106.0,4.25,4.5,,,,,,,,,,2023-01-18,,
2023-01-19,1904.39,1935.08,1900.84,1932.03,138936,0,25,102.37999725341795,102.4800033569336,101.98999786376952,102.05999755859376,102.05999755859376,0.0,0.0,0.0,2023-01-19,3911.840087890625,3922.93994140625,3885.5400390625,3898.85009765625,3898.85009765625,3991500000.0,0.0,0.0,2023-01-19,80.31,2023-01-19,EFFR,4.33,4.3,4.32,4.34,4.63,100.0,4.25,4.5,,,,,,,,,,2023-01-19,,
2023-01-20,1931.84,1937.37,1920.56,1925.75,122200,0,25,102.08000183105467,102.5500030517578,101.94000244140624,102.01000213623048,102.01000213623048,0.0,0.0,0.0,2023-01-20,3909.0400390625,3972.9599609375,3897.860107421875,3972.610107421875,3972.610107421875,4013360000.0,0.0,0.0,2023-01-20,81.27,2023-01-20,EFFR,4.33,4.3,4.32,4.34,4.65,99.0,4.25,4.5,,,,,,,,,,2023-01-20,,
2023-01-23,1925.74,1935.36,1911.33,1930.78,93885,0,25,101.98999786376952,102.27999877929688,101.58999633789062,102.13999938964844,102.13999938964844,0.0,0.0,0.0,2023-01-23,3978.139892578125,4039.31005859375,3971.639892578125,4019.81005859375,4019.81005859375,3945210000.0,0.0,0.0,2023-01-23,81.62,2023-01-23,EFFR,4.33,4.3,4.32,4.34,4.65,96.0,4.25,4.5,,,,,,,,,,2023-01-23,,
2023-01-24,1930.91,1942.34,1917.03,1937.13,114753,0,25,101.98999786376952,102.43000030517578,101.72000122070312,101.91999816894533,101.91999816894533,0.0,0.0,0.0,2023-01-24,4001.739990234375,4023.919921875,3989.7900390625,4016.949951171875,4016.949951171875,3320430000.0,0.0,0.0,2023-01-24,79.86,2023-01-24,EFFR,4.33,4.3,4.32,4.34,4.65,104.0,4.25,4.5,,,,,,,,,,2023-01-24,,
2023-01-25,1936.99,1947.93,1919.75,1945.98,118419,0,25,102.01000213623048,102.12000274658205,101.58000183105467,101.63999938964844,101.63999938964844,0.0,0.0,0.0,2023-01-25,3982.7099609375,4019.550048828125,3949.06005859375,4016.219970703125,4016.219970703125,3724020000.0,0.0,0.0,2023-01-25,79.78,2023-01-25,EFFR,4.33,4.3,4.32,4.34,4.65,111.0,4.25,4.5,,,,,,,,,,2023-01-25,,
2023-01-26,1946.43,1949.03,1918.46,1928.95,120859,0,25,101.58000183105467,102.18000030517578,101.5,101.83999633789062,101.83999633789062,0.0,0.0,0.0,2023-01-26,4036.080078125,4061.570068359375,4013.2900390625,4060.429931640625,4060.429931640625,3809590000.0,0.0,0.0,2023-01-26,80.64,2023-01-26,EFFR,4.33,4.3,4.32,4.34,4.65,113.0,4.25,4.5,,,,,,,,,,2023-01-26,,
2023-01-27,1927.9,1934.9,1916.59,1928.0,106581,0,25,101.72000122070312,102.19000244140624,101.68000030517578,101.93000030517578,101.93000030517578,0.0,0.0,0.0,2023-01-27,4053.719970703125,4094.2099609375,4048.699951171875,4070.56005859375,4070.56005859375,3907760000.0,0.0,0.0,2023-01-27,79.73,2023-01-27,EFFR,4.33,4.3,4.32,4.33,4.65,120.0,4.25,4.5,,,,,,,,,,2023-01-27,,
2023-01-30,1927.74,1934.32,1920.55,1923.03,108345,0,25,101.91999816894533,102.30999755859376,101.66000366210938,102.27999877929688,102.27999877929688,0.0,0.0,0.0,2023-01-30,4049.27001953125,4063.85009765625,4015.550048828125,4017.77001953125,4017.77001953125,3802000000.0,0.0,0.0,2023-01-30,77.97,2023-01-30,EFFR,4.33,4.3,4.32,4.33,4.65,109.0,4.25,4.5,,,,,,,,,,2023-01-30,,
2023-01-31,1922.42,1931.03,1900.73,1928.01,123772,0,25,102.19000244140624,102.61000061035156,102.01000213623048,102.0999984741211,102.0999984741211,0.0,0.0,0.0,2023-01-31,4020.85009765625,4077.159912109375,4020.43994140625,4076.60009765625,4076.60009765625,4679320000.0,0.0,0.0,2023-01-31,78.95,2023-01-31,EFFR,4.33,4.29,4.32,4.34,4.65,98.0,4.25,4.5,,,,,,,,,,2023-01-31,,
2023-02-01,1928.15,1954.4,1920.37,1949.87,130868,0,25,102.0999984741211,102.19000244140624,101.04000091552734,101.22000122070312,101.22000122070312,0.0,0.0,0.0,2023-02-01,4070.070068359375,4148.9501953125,4037.199951171875,4119.2099609375,4119.2099609375,4856930000.0,0.0,0.0,2023-02-01,76.34,2023-02-01,EFFR,4.33,4.3,4.32,4.34,4.65,106.0,4.25,4.5,,,,,,,,,,2023-02-01,301.45,2023-02-01
2023-02-02,1951.03,1959.67,1911.17,1912.51,154147,0,25,100.8499984741211,101.91000366210938,100.81999969482422,101.75,101.75,0.0,0.0,0.0,2023-02-02,4158.68017578125,4195.43994140625,4141.8798828125,4179.759765625,4179.759765625,5624360000.0,0.0,0.0,2023-02-02,75.87,2023-02-02,EFFR,4.58,4.55,4.57,4.59,4.9,99.0,4.5,4.75,,,,,,,,,,2023-02-02,,
2023-02-03,1911.79,1918.52,1861.27,1865.52,151379,0,25,101.83000183105467,103.01000213623048,101.5500030517578,102.91999816894533,102.91999816894533,0.0,0.0,0.0,2023-02-03,4136.68994140625,4182.35986328125,4123.35986328125,4136.47998046875,4136.47998046875,4694510000.0,0.0,0.0,2023-02-03,73.4,2023-02-03,EFFR,4.58,4.55,4.57,4.59,4.9,104.0,4.5,4.75,,,,,,,,,,2023-02-03,,
2023-02-06,1861.25,1881.24,1859.54,1867.49,137261,0,25,103.01000213623048,103.7699966430664,103.01000213623048,103.62000274658205,103.62000274658205,0.0,0.0,0.0,2023-02-06,4119.56982421875,4124.6298828125,4093.3798828125,4111.080078125,4111.080078125,4114240000.0,0.0,0.0,2023-02-06,74.11,2023-02-06,EFFR,4.58,4.55,4.57,4.59,4.85,99.0,4.5,4.75,,,,,,,,,,2023-02-06,,
2023-02-07,1867.17,1884.32,1864.88,1873.58,139069,0,25,103.54000091552734,103.95999908447266,103.0,103.43000030517578,103.43000030517578,0.0,0.0,0.0,2023-02-07,4105.35009765625,4176.5400390625,4088.389892578125,4164.0,4164.0,4355860000.0,0.0,0.0,2023-02-07,77.17,2023-02-07,EFFR,4.58,4.55,4.57,4.59,4.85,103.0,4.5,4.75,,,,,,,,,,2023-02-07,,
2023-02-08,1872.99,1886.29,1868.89,1875.33,113813,0,25,103.2699966430664,103.5199966430664,103.0,103.41000366210938,103.41000366210938,0.0,0.0,0.0,2023-02-08,4153.47021484375,4156.85009765625,4111.669921875,4117.85986328125,4117.85986328125,4029820000.0,0.0,0.0,2023-02-08,78.47,2023-02-08,EFFR,4.58,4.55,4.57,4.59,4.85,106.0,4.5,4.75,,,,,,,,,,2023-02-08,,
2023-02-09,1875.41,1890.11,1858.79,1861.51,121816,0,25,103.43000030517578,103.5500030517578,102.63999938964844,103.22000122070312,103.22000122070312,0.0,0.0,0.0,2023-02-09,4144.25,4156.22998046875,4069.669921875,4081.5,4081.5,4270200000.0,0.0,0.0,2023-02-09,78.04,2023-02-09,EFFR,4.57,4.55,4.57,4.59,4.85,111.0,4.5,4.75,,,,,,,,,,2023-02-09,,
2023-02-10,1861.77,1872.18,1852.62,1865.17,128368,0,25,103.26000213623048,103.68000030517578,102.9000015258789,103.62999725341795,103.62999725341795,0.0,0.0,0.0,2023-02-10,4068.919921875,4094.360107421875,4060.7900390625,4090.4599609375,4090.4599609375,3891520000.0,0.0,0.0,2023-02-10,79.74,2023-02-10,EFFR,4.58,4.55,4.57,4.59,4.85,112.0,4.5,4.75,,,,,,,,,,2023-02-10,,
2023-02-13,1864.6,1866.53,1850.38,1853.37,103037,0,25,103.58000183105467,103.83999633789062,103.23999786376952,103.3499984741211,103.3499984741211,0.0,0.0,0.0,2023-02-13,4096.6201171875,4138.89990234375,4092.669921875,4137.2900390625,4137.2900390625,3448620000.0,0.0,0.0,2023-02-13,80.14,2023-02-13,EFFR,4.58,4.55,4.57,4.59,4.85,107.0,4.5,4.75,,,,,,,,,,2023-02-13,,
2023-02-14,1853.25,1870.52,1843.13,1854.28,136774,0,25,103.22000122070312,103.5199966430664,102.58999633789062,103.2300033569336,103.2300033569336,0.0,0.0,0.0,2023-02-14,4126.7001953125,4159.77001953125,4095.010009765625,4136.1298828125,4136.1298828125,3929200000.0,0.0,0.0,2023-02-14,79.08,2023-02-14,EFFR,4.58,4.55,4.57,4.59,4.85,105.0,4.5,4.75,,,,,,,,,,2023-02-14,,
2023-02-15,1854.08,1859.96,1830.27,1835.74,117348,0,25,103.20999908447266,104.11000061035156,103.16000366210938,103.91999816894533,103.91999816894533,0.0,0.0,0.0,2023-02-15,4119.5,4148.10986328125,4103.97998046875,4147.60009765625,4147.60009765625,4075980000.0,0.0,0.0,2023-02-15,78.57,2023-02-15,EFFR,4.58,4.55,4.57,4.59,4.85,111.0,4.5,4.75,,,,,,,,,,2023-02-15,,
2023-02-16,1835.94,1845.15,1827.48,1836.28,118143,0,25,103.87999725341795,104.2300033569336,103.52999877929688,103.86000061035156,103.86000061035156,0.0,0.0,0.0,2023-02-16,4114.75,4136.5400390625,4089.489990234375,4090.409912109375,4090.409912109375,4143660000.0,0.0,0.0,2023-02-16,78.45,2023-02-16,EFFR,4.58,4.55,4.57,4.59,4.85,105.0,4.5,4.75,,,,,,,,,,2023-02-16,,
2023-02-17,1836.54,1843.51,1818.82,1842.28,112280,0,25,104.1999969482422,104.66999816894533,103.83999633789062,103.86000061035156,103.86000061035156,0.0,0.0,0.0,2023-02-17,4077.389892578125,4081.510009765625,4047.949951171875,4079.090087890625,4079.090087890625,4045480000.0,0.0,0.0,2023-02-17,76.31,2023-02-17,EFFR,4.58,4.55,4.57,4.59,4.9,107.0,4.5,4.75,,,,,,,,,,2023-02-17,,
2023-02-20,1840.62,1847.38,1837.21,1841.07,62619,0,25,,,,,,,,,,,,,,,,,,,,2023-02-20,,,,,,,,,,,,,,,,,,,,,
2023-02-21,1841.41,1843.7,1830.11,1834.8,106664,0,25,103.91000366210938,104.26000213623048,103.7699966430664,104.18000030517578,104.18000030517578,0.0,0.0,0.0,2023-02-21,4052.35009765625,4052.35009765625,3995.18994140625,3997.340087890625,3997.340087890625,4121590000.0,0.0,0.0,2023-02-21,76.28,2023-02-21,EFFR,4.58,4.55,4.57,4.59,4.9,100.0,4.5,4.75,,,,,,,,,,2023-02-21,,
2023-02-22,1834.47,1845.88,1823.43,1825.08,116009,0,25,104.12999725341795,104.5999984741211,104.01000213623048,104.58999633789062,104.58999633789062,0.0,0.0,0.0,2023-02-22,4001.830078125,4017.3701171875,3976.89990234375,3991.050048828125,3991.050048828125,4079320000.0,0.0,0.0,2023-02-22,73.95,2023-02-22,EFFR,4.58,4.55,4.57,4.59,4.9,109.0,4.5,4.75,,,,,,,,,,2023-02-22,,
2023-02-23,1824.92,1833.71,1817.28,1822.14,104526,0,25,104.5,104.77999877929688,104.30999755859376,104.5999984741211,104.5999984741211,0.0,0.0,0.0,2023-02-23,4018.60009765625,4028.300048828125,3969.18994140625,4012.320068359375,4012.320068359375,3952940000.0,0.0,0.0,2023-02-23,75.26,2023-02-23,EFFR,4.58,4.55,4.57,4.59,4.9,106.0,4.5,4.75,,,,,,,,,,2023-02-23,,
2023-02-24,1822.26,1827.68,1808.84,1810.59,115975,0,25,104.55999755859376,105.31999969482422,104.41999816894533,105.20999908447266,105.20999908447266,0.0,0.0,0.0,2023-02-24,3973.239990234375,3978.25,3943.080078125,3970.0400390625,3970.0400390625,3877700000.0,0.0,0.0,2023-02-24,76.19,2023-02-24,EFFR,4.58,4.55,4.57,4.59,4.9,109.0,4.5,4.75,,,,,,,,,,2023-02-24,,
2023-02-27,1810.53,1820.07,1806.45,1817.09,103872,0,25,105.26000213623048,105.36000061035156,104.5500030517578,104.66999816894533,104.66999816894533,0.0,0.0,0.0,2023-02-27,3992.360107421875,4018.050048828125,3973.550048828125,3982.239990234375,3982.239990234375,3836950000.0,0.0,0.0,2023-02-27,75.57,2023-02-27,EFFR,4.57,4.55,4.57,4.59,4.9,108.0,4.5,4.75,,,,,,,,,,2023-02-27,,
2023-02-28,1816.8,1831.06,1804.6,1826.61,104711,0,25,104.62999725341795,105.0,104.41999816894533,104.87000274658205,104.87000274658205,0.0,0.0,0.0,2023-02-28,3977.18994140625,3997.5,3968.97998046875,3970.14990234375,3970.14990234375,5043400000.0,0.0,0.0,2023-02-28,76.88,2023-02-28,EFFR,4.57,4.54,4.57,4.59,4.9,103.0,4.5,4.75,,,,,,,,,,2023-02-28,,
2023-03-01,1826.69,1844.41,1822.94,1836.47,111994,0,25,105.04000091552734,105.08999633789062,104.08999633789062,104.4800033569336,104.4800033569336,0.0,0.0,0.0,2023-03-01,3963.340087890625,3971.72998046875,3939.050048828125,3951.389892578125,3951.389892578125,4249480000.0,0.0,0.0,2023-03-01,77.57,2023-03-01,EFFR,4.58,4.55,4.57,4.58,4.9,117.0,4.5,4.75,,,,,,,,,,2023-03-01,301.821,2023-03-01
2023-03-02,1836.59,1838.83,1829.81,1835.49,101683,0,25,104.38999938964844,105.18000030517578,104.38999938964844,105.02999877929688,105.02999877929688,0.0,0.0,0.0,2023-03-02,3938.679931640625,3990.840087890625,3928.159912109375,3981.35009765625,3981.35009765625,4244900000.0,0.0,0.0,2023-03-02,78.05,2023-03-02,EFFR,4.57,4.55,4.57,4.59,4.9,108.0,4.5,4.75,,,,,,,,,,2023-03-02,,
2023-03-03,1835.54,1856.25,1835.41,1855.13,94191,0,27,104.94000244140624,105.0,104.48999786376952,104.5199966430664,104.5199966430664,0.0,0.0,0.0,2023-03-03,3998.02001953125,4048.2900390625,3995.169921875,4045.639892578125,4045.639892578125,4084730000.0,0.0,0.0,2023-03-03,79.62,2023-03-03,EFFR,4.57,4.55,4.57,4.59,4.9,114.0,4.5,4.75,,,,,,,,,,2023-03-03,,
2023-03-06,1854.56,1858.15,1845.01,1846.51,92203,0,27,104.52999877929688,104.69000244140624,104.16000366210938,104.3499984741211,104.3499984741211,0.0,0.0,0.0,2023-03-06,4055.14990234375,4078.489990234375,4044.610107421875,4048.419921875,4048.419921875,4000870000.0,0.0,0.0,2023-03-06,80.39,2023-03-06,EFFR,4.57,4.55,4.56,4.59,4.9,114.0,4.5,4.75,,,,,,,,,,2023-03-06,,
2023-03-07,1846.55,1851.51,1812.55,1812.87,111613,0,27,104.3000030517578,105.6500015258789,104.12000274658205,105.62000274658205,105.62000274658205,0.0,0.0,0.0,2023-03-07,4048.260009765625,4050.0,3980.31005859375,3986.3701171875,3986.3701171875,3922500000.0,0.0,0.0,2023-03-07,77.45,2023-03-07,EFFR,4.57,4.55,4.56,4.58,4.9,118.0,4.5,4.75,,,,,,,,,,2023-03-07,,
2023-03-08,1813.35,1824.13,1809.26,1813.6,101772,0,27,105.66999816894533,105.87999725341795,105.37000274658205,105.66000366210938,105.66000366210938,0.0,0.0,0.0,2023-03-08,3987.550048828125,4000.409912109375,3969.760009765625,3992.010009765625,3992.010009765625,3535570000.0,0.0,0.0,2023-03-08,76.56,2023-03-08,EFFR,4.57,4.55,4.56,4.58,4.9,107.0,4.5,4.75,,,,,,,,,,2023-03-08,,
2023-03-09,1813.32,1835.57,1811.76,1830.66,101909,0,27,105.62000274658205,105.7300033569336,105.1500015258789,105.30999755859376,105.30999755859376,0.0,0.0,0.0,2023-03-09,3998.659912109375,4017.81005859375,3908.699951171875,3918.320068359375,3918.320068359375,4445260000.0,0.0,0.0,2023-03-09,75.6,2023-03-09,EFFR,4.57,4.55,4.56,4.59,4.9,115.0,4.5,4.75,,,,,,,,,,2023-03-09,,
2023-03-10,1831.08,1870.01,1827.59,1866.85,149870,0,27,105.12999725341795,105.3499984741211,104.04000091552734,104.58000183105467,104.58000183105467,0.0,0.0,0.0,2023-03-10,3912.77001953125,3934.050048828125,3846.320068359375,3861.590087890625,3861.590087890625,5518190000.0,0.0,0.0,2023-03-10,76.55,2023-03-10,EFFR,4.57,4.55,4.56,4.59,4.9,81.0,4.5,4.75,,,,,,,,,,2023-03-10,,
2023-03-13,1881.12,1914.46,1871.41,1913.29,215553,0,25,104.38999938964844,104.38999938964844,103.4800033569336,103.5999984741211,103.5999984741211,0.0,0.0,0.0,2023-03-13,3835.1201171875,3905.050048828125,3808.860107421875,3855.760009765625,3855.760009765625,6558020000.0,0.0,0.0,2023-03-13,74.68,2023-03-13,EFFR,4.58,4.55,4.58,4.59,4.9,41.0,4.5,4.75,,,,,,,,,,2023-03-13,,
2023-03-14,1913.45,1913.99,1895.28,1903.76,158468,0,25,103.66999816894533,104.0500030517578,103.5,103.5999984741211,103.5999984741211,0.0,0.0,0.0,2023-03-14,3894.010009765625,3937.2900390625,3873.6298828125,3919.2900390625,3919.2900390625,5665870000.0,0.0,0.0,2023-03-14,71.18,2023-03-14,EFFR,4.58,4.55,4.58,4.59,4.9,79.0,4.5,4.75,,,,,,,,,,2023-03-14,,
2023-03-15,1903.69,1937.22,1885.59,1918.02,177778,0,25,103.73999786376952,105.0999984741211,103.44000244140624,104.6500015258789,104.6500015258789,0.0,0.0,0.0,2023-03-15,3876.739990234375,3894.260009765625,3838.239990234375,3891.929931640625,3891.929931640625,6594010000.0,0.0,0.0,2023-03-15,67.38,2023-03-15,EFFR,4.58,4.55,4.58,4.59,4.9,89.0,4.5,4.75,,,,,,,,,,2023-03-15,,
2023-03-16,1918.02,1933.34,1907.39,1919.25,166536,0,25,104.62000274658205,104.73999786376952,104.1999969482422,104.41999816894533,104.41999816894533,0.0,0.0,0.0,2023-03-16,3878.929931640625,3964.4599609375,3864.110107421875,3960.280029296875,3960.280029296875,5695790000.0,0.0,0.0,2023-03-16,68.15,2023-03-16,EFFR,4.58,4.55,4.58,4.59,4.9,83.0,4.5,4.75,,,,,,,,,,2023-03-16,,
2023-03-17,1920.49,1987.63,1918.12,1984.84,151553,0,25,104.41000366210938,104.4499969482422,103.69000244140624,103.70999908447266,103.70999908447266,0.0,0.0,0.0,2023-03-17,3958.68994140625,3958.909912109375,3901.27001953125,3916.639892578125,3916.639892578125,9354280000.0,0.0,0.0,2023-03-17,66.61,2023-03-17,EFFR,4.58,4.55,4.58,4.59,4.9,85.0,4.5,4.75,,,,,,,,,,2023-03-17,,
2023-03-20,1984.49,2009.65,1965.64,1978.54,173328,0,25,103.86000061035156,103.95999908447266,103.27999877929688,103.27999877929688,103.27999877929688,0.0,0.0,0.0,2023-03-20,3917.469970703125,3956.6201171875,3916.889892578125,3951.570068359375,3951.570068359375,5347140000.0,0.0,0.0,2023-03-20,67.56,2023-03-20,EFFR,4.58,4.55,4.58,4.59,4.9,92.0,4.5,4.75,,,,,,,,,,2023-03-20,,
2023-03-21,1978.29,1985.07,1935.26,1940.45,125467,0,25,103.30999755859376,103.5199966430664,103.0,103.26000213623048,103.26000213623048,0.0,0.0,0.0,2023-03-21,3975.889892578125,4009.080078125,3971.18994140625,4002.8701171875,4002.8701171875,4920240000.0,0.0,0.0,2023-03-21,69.4,2023-03-21,EFFR,4.58,4.55,4.58,4.59,4.9,92.0,4.5,4.75,,,,,,,,,,2023-03-21,,
2023-03-22,1939.43,1978.63,1934.06,1969.57,135924,0,25,103.1999969482422,103.2699966430664,102.06999969482422,102.3499984741211,102.3499984741211,0.0,0.0,0.0,2023-03-22,4002.0400390625,4039.489990234375,3936.169921875,3936.969970703125,3936.969970703125,4533010000.0,0.0,0.0,2023-03-22,70.71,2023-03-22,EFFR,4.58,4.55,4.58,4.59,4.9,100.0,4.5,4.75,,,,,,,,,,2023-03-22,,
2023-03-23,1969.96,2003.17,1964.35,1993.68,150006,0,25,102.5,102.63999938964844,101.91999816894533,102.52999877929688,102.52999877929688,0.0,0.0,0.0,2023-03-23,3959.2099609375,4007.659912109375,3919.050048828125,3948.719970703125,3948.719970703125,4991600000.0,0.0,0.0,2023-03-23,69.77,2023-03-23,EFFR,4.83,4.8,4.83,4.84,5.15,92.0,4.75,5.0,,,,,,,,,,2023-03-23,,
2023-03-24,1992.69,2002.8,1975.08,1978.6,146423,0,25,102.5999984741211,103.36000061035156,102.5,103.12000274658205,103.12000274658205,0.0,0.0,0.0,2023-03-24,3939.2099609375,3972.739990234375,3909.159912109375,3970.989990234375,3970.989990234375,4583970000.0,0.0,0.0,2023-03-24,69.22,2023-03-24,EFFR,4.83,4.8,4.83,4.84,5.15,92.0,4.75,5.0,,,,,,,,,,2023-03-24,,
2023-03-27,1975.93,1979.23,1943.86,1956.27,118466,0,25,103.12000274658205,103.2300033569336,102.83000183105467,102.86000061035156,102.86000061035156,0.0,0.0,0.0,2023-03-27,3982.929931640625,4003.830078125,3970.489990234375,3977.530029296875,3977.530029296875,4233540000.0,0.0,0.0,2023-03-27,72.87,2023-03-27,EFFR,4.83,4.8,4.83,4.84,5.15,92.0,4.75,5.0,,,,,,,,,,2023-03-27,,
2023-03-28,1956.35,1975.16,1948.99,1973.46,107607,0,25,102.75,102.76000213623048,102.37999725341795,102.43000030517578,102.43000030517578,0.0,0.0,0.0,2023-03-28,3974.1298828125,3979.199951171875,3951.530029296875,3971.27001953125,3971.27001953125,4014600000.0,0.0,0.0,2023-03-28,73.12,2023-03-28,EFFR,4.83,4.8,4.83,4.84,5.15,98.0,4.75,5.0,,,,,,,,,,2023-03-28,,
2023-03-29,1973.3,1974.25,1958.53,1964.31,94787,0,25,102.48999786376952,102.79000091552734,102.37000274658205,102.63999938964844,102.63999938964844,0.0,0.0,0.0,2023-03-29,3999.530029296875,4030.590087890625,3999.530029296875,4027.81005859375,4027.81005859375,4145250000.0,0.0,0.0,2023-03-29,72.95,2023-03-29,EFFR,4.83,4.8,4.83,4.84,5.15,97.0,4.75,5.0,,,,,,,,,,2023-03-29,,
2023-03-30,1963.79,1984.2,1955.17,1980.1,102388,0,25,102.62000274658205,102.77999877929688,102.06999969482422,102.13999938964844,102.13999938964844,0.0,0.0,0.0,2023-03-30,4046.739990234375,4057.85009765625,4032.10009765625,4050.830078125,4050.830078125,3930860000.0,0.0,0.0,2023-03-30,74.32,2023-03-30,EFFR,4.83,4.8,4.82,4.84,5.15,95.0,4.75,5.0,,,,,,,,,,2023-03-30,,
2023-03-31,1980.05,1987.47,1966.73,1969.13,110273,0,25,102.1999969482422,102.62999725341795,102.0500030517578,102.51000213623048,102.51000213623048,0.0,0.0,0.0,2023-03-31,4056.179931640625,4110.75,4056.179931640625,4109.31005859375,4109.31005859375,4525120000.0,0.0,0.0,2023-03-31,75.68,2023-03-31,EFFR,4.83,4.8,4.82,4.84,5.15,86.0,4.75,5.0,,,,,,,,,,2023-03-31,,
2023-04-03,1969.99,1990.4,1949.61,1984.31,115685,0,25,102.58999633789062,103.05999755859376,101.9800033569336,102.08999633789062,102.08999633789062,0.0,0.0,0.0,2023-04-03,4102.2001953125,4127.66015625,4098.7900390625,4124.509765625,4124.509765625,4234700000.0,0.0,0.0,2023-04-03,80.4,2023-04-03,EFFR,4.83,4.8,4.82,4.84,5.15,105.0,4.75,5.0,,,,,,,,,,2023-04-03,,
2023-04-04,1984.23,2024.87,1976.77,2020.45,109787,0,25,102.01000213623048,102.27999877929688,101.45999908447266,101.58999633789062,101.58999633789062,0.0,0.0,0.0,2023-04-04,4128.02978515625,4133.1298828125,4086.8701171875,4100.60009765625,4100.60009765625,4227800000.0,0.0,0.0,2023-04-04,80.7,2023-04-04,EFFR,4.83,4.8,4.82,4.84,5.15,103.0,4.75,5.0,,,,,,,,,,2023-04-04,,
2023-04-05,2019.99,2032.03,2009.84,2020.62,108336,0,25,101.5199966430664,101.98999786376952,101.41999816894533,101.8499984741211,101.8499984741211,0.0,0.0,0.0,2023-04-05,4094.5,4099.68994140625,4072.56005859375,4090.3798828125,4090.3798828125,3968020000.0,0.0,0.0,2023-04-05,80.69,2023-04-05,EFFR,4.83,4.8,4.82,4.84,5.15,102.0,4.75,5.0,,,,,,,,,,2023-04-05,,
2023-04-06,2020.55,2021.23,2000.72,2006.99,90734,0,25,101.83000183105467,102.13999938964844,101.76000213623048,101.81999969482422,101.81999969482422,0.0,0.0,0.0,2023-04-06,4081.14990234375,4107.31982421875,4069.840087890625,4105.02001953125,4105.02001953125,3486690000.0,0.0,0.0,2023-04-06,80.7,2023-04-06,EFFR,4.83,4.8,4.82,4.84,5.15,98.0,4.75,5.0,,,,,,,,,,2023-04-06,,
2023-04-10,1989.63,2006.35,1981.52,1991.1,85676,0,25,102.0999984741211,102.80999755859376,101.98999786376952,102.58000183105467,102.58000183105467,0.0,0.0,0.0,2023-04-10,4085.199951171875,4109.5,4072.550048828125,4109.10986328125,4109.10986328125,3423650000.0,0.0,0.0,2023-04-10,79.79,2023-04-10,EFFR,4.83,4.8,4.82,4.84,5.15,106.0,4.75,5.0,,,,,,,,,,2023-04-10,,
2023-04-11,1990.94,2007.36,1988.66,2003.47,85144,0,25,102.5199966430664,102.5199966430664,102.01000213623048,102.1999969482422,102.1999969482422,0.0,0.0,0.0,2023-04-11,4110.2900390625,4124.259765625,4102.60986328125,4108.93994140625,4108.93994140625,3665830000.0,0.0,0.0,2023-04-11,81.54,2023-04-11,EFFR,4.83,4.8,4.82,4.84,5.15,108.0,4.75,5.0,,,,,,,,,,2023-04-11,,
2023-04-12,2003.15,2028.13,2001.16,2014.77,114294,0,25,102.12999725341795,102.16000366210938,101.4499969482422,101.5,101.5,0.0,0.0,0.0,2023-04-12,4121.72021484375,4134.3701171875,4086.93994140625,4091.949951171875,4091.949951171875,3633120000.0,0.0,0.0,2023-04-12,83.26,2023-04-12,EFFR,4.83,4.8,4.82,4.84,5.15,114.0,4.75,5.0,,,,,,,,,,2023-04-12,,
2023-04-13,2014.4,2048.63,2013.62,2039.89,101273,0,25,101.47000122070312,101.5999984741211,100.8499984741211,101.01000213623048,101.01000213623048,0.0,0.0,0.0,2023-04-13,4100.0400390625,4150.259765625,4099.39990234375,4146.22021484375,4146.22021484375,3596590000.0,0.0,0.0,2023-04-13,82.16,2023-04-13,EFFR,4.83,4.8,4.82,4.84,5.15,109.0,4.75,5.0,,,,,,,,,,2023-04-13,,
2023-04-14,2040.09,2047.26,1992.25,2004.08,115051,0,25,101.0,101.75,100.79000091552734,101.5500030517578,101.5500030517578,0.0,0.0,0.0,2023-04-14,4140.10986328125,4163.18994140625,4113.2001953125,4137.64013671875,4137.64013671875,3575690000.0,0.0,0.0,2023-04-14,82.58,2023-04-14,EFFR,4.83,4.8,4.82,4.84,5.15,113.0,4.75,5.0,,,,,,,,,,2023-04-14,,
2023-04-17,1998.14,2014.89,1981.03,1994.98,107026,0,25,101.58000183105467,102.2300033569336,101.52999877929688,102.0999984741211,102.0999984741211,0.0,0.0,0.0,2023-04-17,4137.169921875,4151.72021484375,4123.18017578125,4151.31982421875,4151.31982421875,3611180000.0,0.0,0.0,2023-04-17,80.93,2023-04-17,EFFR,4.83,4.8,4.82,4.84,5.15,106.0,4.75,5.0,,,,,,,,,,2023-04-17,,
2023-04-18,1994.7,2011.71,1991.13,2005.15,94522,0,25,102.0999984741211,102.13999938964844,101.63999938964844,101.75,101.75,0.0,0.0,0.0,2023-04-18,4164.259765625,4169.47998046875,4140.35986328125,4154.8701171875,4154.8701171875,3536640000.0,0.0,0.0,2023-04-18,80.85,2023-04-18,EFFR,4.83,4.8,4.82,4.84,5.15,112.0,4.75,5.0,,,,,,,,,,2023-04-18,,
2023-04-19,2005.05,2008.03,1969.09,1994.55,112910,0,25,101.70999908447266,102.2300033569336,101.66000366210938,101.97000122070312,101.97000122070312,0.0,0.0,0.0,2023-04-19,4139.330078125,4162.56982421875,4134.490234375,4154.52001953125,4154.52001953125,3572560000.0,0.0,0.0,2023-04-19,79.18,2023-04-19,EFFR,4.83,4.8,4.82,4.84,5.15,109.0,4.75,5.0,,,,,,,,,,2023-04-19,,
2023-04-20,1993.93,2012.19,1990.33,2004.62,106432,0,25,101.98999786376952,102.12999725341795,101.62999725341795,101.83999633789062,101.83999633789062,0.0,0.0,0.0,2023-04-20,4130.47998046875,4148.56982421875,4114.56982421875,4129.7900390625,4129.7900390625,3772080000.0,0.0,0.0,2023-04-20,77.27,2023-04-20,EFFR,4.83,4.8,4.82,4.84,5.15,115.0,4.75,5.0,,,,,,,,,,2023-04-20,,
2023-04-21,2003.81,2005.43,1971.49,1982.67,108938,0,25,101.8000030517578,102.12000274658205,101.6500015258789,101.81999969482422,101.81999969482422,0.0,0.0,0.0,2023-04-21,4132.14013671875,4138.02001953125,4113.85986328125,4133.52001953125,4133.52001953125,3611750000.0,0.0,0.0,2023-04-21,77.86,2023-04-21,EFFR,4.83,4.8,4.82,4.84,5.15,114.0,4.75,5.0,,,,,,,,,,2023-04-21,,
2023-04-24,1981.04,1990.71,1973.99,1988.9,98461,0,25,101.72000122070312,101.91000366210938,101.33000183105467,101.3499984741211,101.3499984741211,0.0,0.0,0.0,2023-04-24,4132.06982421875,4142.41015625,4117.77001953125,4137.0400390625,4137.0400390625,3290940000.0,0.0,0.0,2023-04-24,78.64,2023-04-24,EFFR,4.83,4.8,4.81,4.84,5.15,110.0,4.75,5.0,,,,,,,,,,2023-04-24,,
2023-04-25,1988.85,2003.7,1975.96,1996.95,112289,0,25,101.26000213623048,101.9499969482422,101.1999969482422,101.86000061035156,101.86000061035156,0.0,0.0,0.0,2023-04-25,4126.43017578125,4126.43017578125,4071.3798828125,4071.6298828125,4071.6298828125,3978640000.0,0.0,0.0,2023-04-25,77.05,2023-04-25,EFFR,4.83,4.8,4.82,4.84,5.15,112.0,4.75,5.0,,,,,,,,,,2023-04-25,,
2023-04-26,1996.79,2009.19,1983.19,1989.2,124154,0,25,101.81999969482422,101.88999938964844,101.01000213623048,101.47000122070312,101.47000122070312,0.0,0.0,0.0,2023-04-26,4087.780029296875,4089.669921875,4049.35009765625,4055.989990234375,4055.989990234375,3837030000.0,0.0,0.0,2023-04-26,74.33,2023-04-26,EFFR,4.83,4.8,4.82,4.84,5.15,115.0,4.75,5.0,,,,,,,,,,2023-04-26,,
2023-04-27,1989.51,2003.21,1974.05,1987.67,114791,0,25,101.4000015258789,101.8000030517578,101.27999877929688,101.5,101.5,0.0,0.0,0.0,2023-04-27,4075.2900390625,4138.240234375,4075.2900390625,4135.35009765625,4135.35009765625,3750550000.0,0.0,0.0,2023-04-27,74.77,2023-04-27,EFFR,4.83,4.8,4.81,4.84,5.15,119.0,4.75,5.0,,,,,,,,,,2023-04-27,,
2023-04-28,1987.52,1994.88,1976.17,1989.22,114193,0,25,101.47000122070312,102.16999816894533,101.41999816894533,101.66999816894533,101.66999816894533,0.0,0.0,0.0,2023-04-28,4129.6298828125,4170.06005859375,4127.18017578125,4169.47998046875,4169.47998046875,4087800000.0,0.0,0.0,2023-04-28,76.78,2023-04-28,EFFR,4.83,4.8,4.82,4.84,5.15,113.0,4.75,5.0,,,,,,,,,,2023-04-28,,
2023-05-01,1991.19,2005.9,1976.96,1982.39,99321,0,25,101.66999816894533,102.19000244140624,101.62000274658205,102.1500015258789,102.1500015258789,0.0,0.0,0.0,2023-05-01,4166.7900390625,4186.919921875,4164.1201171875,4167.8701171875,4167.8701171875,3321370000.0,0.0,0.0,2023-05-01,75.65,2023-05-01,EFFR,4.83,4.8,4.81,4.84,5.15,117.0,4.75,5.0,,,,,,,,,,2023-05-01,303.334,2023-05-01
2023-05-02,1981.72,2019.25,1978.36,2016.5,114152,0,25,102.1500015258789,102.4000015258789,101.87999725341795,101.95999908447266,101.95999908447266,0.0,0.0,0.0,2023-05-02,4164.10009765625,4164.10009765625,4089.719970703125,4119.580078125,4119.580078125,4486130000.0,0.0,0.0,2023-05-02,71.71,2023-05-02,EFFR,4.83,4.8,4.81,4.84,5.15,118.0,4.75,5.0,,,,,,,,,,2023-05-02,,
2023-05-03,2016.54,2040.27,2006.85,2038.3,110117,0,25,101.86000061035156,101.91999816894533,101.06999969482422,101.33999633789062,101.33999633789062,0.0,0.0,0.0,2023-05-03,4122.25,4148.2998046875,4088.860107421875,4090.75,4090.75,4246510000.0,0.0,0.0,2023-05-03,68.62,2023-05-03,EFFR,4.83,4.8,4.82,4.84,5.15,115.0,4.75,5.0,,,,,,,,,,2023-05-03,,
2023-05-04,2045.0,2079.08,2030.18,2050.02,169418,0,25,101.1999969482422,101.63999938964844,101.02999877929688,101.4000015258789,101.4000015258789,0.0,0.0,0.0,2023-05-04,4082.550048828125,4082.610107421875,4048.280029296875,4061.219970703125,4061.219970703125,4920090000.0,0.0,0.0,2023-05-04,68.52,2023-05-04,EFFR,5.08,5.05,5.06,5.09,5.4,114.0,5.0,5.25,,,,,,,,,,2023-05-04,,
2023-05-05,2050.03,2052.82,1999.37,2016.5,123054,0,25,101.33999633789062,101.77999877929688,101.12000274658205,101.20999908447266,101.20999908447266,0.0,0.0,0.0,2023-05-05,4084.72998046875,4147.02001953125,4084.72998046875,4136.25,4136.25,4186270000.0,0.0,0.0,2023-05-05,71.32,2023-05-05,EFFR,5.08,5.05,5.07,5.09,5.4,112.0,5.0,5.25,,,,,,,,,,2023-05-05,,
2023-05-08,2015.52,2029.25,2014.12,2021.28,91546,0,25,101.27999877929688,101.41999816894533,101.04000091552734,101.37000274658205,101.37000274658205,0.0,0.0,0.0,2023-05-08,4136.97998046875,4142.2998046875,4123.81005859375,4138.1201171875,4138.1201171875,3641640000.0,0.0,0.0,2023-05-08,73.13,2023-05-08,EFFR,5.08,5.05,5.07,5.09,5.4,111.0,5.0,5.25,,,,,,,,,,2023-05-08,,
2023-05-09,2020.84,2037.48,2019.42,2034.3,92943,0,25,101.4000015258789,101.83999633789062,101.36000061035156,101.63999938964844,101.63999938964844,0.0,0.0,0.0,2023-05-09,4124.25,4130.35009765625,4116.64990234375,4119.169921875,4119.169921875,3810140000.0,0.0,0.0,2023-05-09,73.68,2023-05-09,EFFR,5.08,5.05,5.07,5.09,5.4,112.0,5.0,5.25,,,,,,,,,,2023-05-09,,
2023-05-10,2034.09,2048.1,2021.4,2030.07,116488,0,25,101.62000274658205,101.80999755859376,101.22000122070312,101.4800033569336,101.4800033569336,0.0,0.0,0.0,2023-05-10,4143.740234375,4154.27978515625,4098.919921875,4137.64013671875,4137.64013671875,4057160000.0,0.0,0.0,2023-05-10,72.53,2023-05-10,EFFR,5.08,5.05,5.07,5.08,5.4,120.0,5.0,5.25,,,,,,,,,,2023-05-10,,
2023-05-11,2029.92,2040.98,2011.04,2014.89,125084,0,25,101.41000366210938,102.1500015258789,101.3000030517578,102.05999755859376,102.05999755859376,0.0,0.0,0.0,2023-05-11,4132.240234375,4132.7998046875,4109.2900390625,4130.6201171875,4130.6201171875,3752900000.0,0.0,0.0,2023-05-11,70.81,2023-05-11,EFFR,5.08,5.05,5.07,5.09,5.4,117.0,5.0,5.25,,,,,,,,,,2023-05-11,,
2023-05-12,2014.78,2022.44,2000.76,2010.74,112363,0,25,102.0999984741211,102.70999908447266,101.94000244140624,102.68000030517578,102.68000030517578,0.0,0.0,0.0,2023-05-12,4138.5400390625,4143.740234375,4099.1201171875,4124.080078125,4124.080078125,3533740000.0,0.0,0.0,2023-05-12,70.02,2023-05-12,EFFR,5.08,5.05,5.07,5.09,5.35,124.0,5.0,5.25,,,,,,,,,,2023-05-12,,
2023-05-15,2007.35,2022.06,2007.1,2016.24,96621,0,25,102.70999908447266,102.75,102.37999725341795,102.43000030517578,102.43000030517578,0.0,0.0,0.0,2023-05-15,4126.64990234375,4141.25,4110.27001953125,4136.27978515625,4136.27978515625,3562170000.0,0.0,0.0,2023-05-15,71.07,2023-05-15,EFFR,5.08,5.05,5.07,5.08,5.35,126.0,5.0,5.25,,,,,,,,,,2023-05-15,,
2023-05-16,2015.79,2018.2,1985.34,1988.72,123196,0,25,102.43000030517578,102.69000244140624,102.1999969482422,102.55999755859376,102.55999755859376,0.0,0.0,0.0,2023-05-16,4127.9501953125,4135.5400390625,4109.85986328125,4109.89990234375,4109.89990234375,3654200000.0,0.0,0.0,2023-05-16,70.85,2023-05-16,EFFR,5.08,5.05,5.07,5.08,5.35,124.0,5.0,5.25,,,,,,,,,,2023-05-16,,
2023-05-17,1988.94,1992.89,1974.9,1981.42,113215,0,25,102.61000061035156,103.11000061035156,102.54000091552734,102.87999725341795,102.87999725341795,0.0,0.0,0.0,2023-05-17,4122.85009765625,4164.669921875,4113.6201171875,4158.77001953125,4158.77001953125,4039080000.0,0.0,0.0,2023-05-17,72.78,2023-05-17,EFFR,5.08,5.05,5.07,5.08,5.35,130.0,5.0,5.25,,,,,,,,,,2023-05-17,,
2023-05-18,1980.83,1985.9,1951.82,1957.28,116855,0,25,102.91000366210938,103.62000274658205,102.8000030517578,103.58000183105467,103.58000183105467,0.0,0.0,0.0,2023-05-18,4157.68017578125,4202.2001953125,4153.5,4198.0498046875,4198.0498046875,3980500000.0,0.0,0.0,2023-05-18,71.82,2023-05-18,EFFR,5.08,5.05,5.06,5.08,5.35,127.0,5.0,5.25,,,,,,,,,,2023-05-18,,
2023-05-19,1957.09,1984.07,1953.87,1977.53,132557,0,25,103.51000213623048,103.62000274658205,103.0,103.1999969482422,103.1999969482422,0.0,0.0,0.0,2023-05-19,4204.14990234375,4212.91015625,4180.2001953125,4191.97998046875,4191.97998046875,4041900000.0,0.0,0.0,2023-05-19,71.57,2023-05-19,EFFR,5.08,5.05,5.06,5.08,5.35,132.0,5.0,5.25,,,,,,,,,,2023-05-19,,
2023-05-22,1977.25,1982.52,1968.76,1971.58,109785,0,25,103.19000244140624,103.37000274658205,102.95999908447266,103.1999969482422,103.1999969482422,0.0,0.0,0.0,2023-05-22,4190.77978515625,4209.22021484375,4179.68017578125,4192.6298828125,4192.6298828125,3728520000.0,0.0,0.0,2023-05-22,71.81,2023-05-22,EFFR,5.08,5.05,5.06,5.09,5.35,124.0,5.0,5.25,,,,,,,,,,2023-05-22,,
2023-05-23,1971.61,1977.58,1954.11,1974.8,122947,0,25,103.2699966430664,103.6500015258789,103.16000366210938,103.48999786376952,103.48999786376952,0.0,0.0,0.0,2023-05-23,4176.7998046875,4185.68017578125,4142.5400390625,4145.580078125,4145.580078125,4155320000.0,0.0,0.0,2023-05-23,72.87,2023-05-23,EFFR,5.08,5.05,5.06,5.09,5.35,126.0,5.0,5.25,,,,,,,,,,2023-05-23,,
2023-05-24,1974.95,1985.19,1956.62,1957.08,114753,0,25,103.54000091552734,103.91000366210938,103.3499984741211,103.88999938964844,103.88999938964844,0.0,0.0,0.0,2023-05-24,4132.9599609375,4132.9599609375,4103.97998046875,4115.240234375,4115.240234375,0.0,0.0,0.0,2023-05-24,74.37,2023-05-24,EFFR,5.08,5.05,5.06,5.08,5.35,126.0,5.0,5.25,,,,,,,,,,2023-05-24,,
2023-05-25,1957.24,1964.66,1938.77,1940.6,118864,0,25,103.86000061035156,104.30999755859376,103.83999633789062,104.20999908447266,104.20999908447266,0.0,0.0,0.0,2023-05-25,4155.7099609375,4165.740234375,4129.72998046875,4151.27978515625,4151.27978515625,4147760000.0,0.0,0.0,2023-05-25,71.68,2023-05-25,EFFR,5.08,5.05,5.06,5.08,5.35,131.0,5.0,5.25,,,,,,,,,,2023-05-25,,
2023-05-26,1940.15,1957.15,1936.64,1946.58,107297,0,25,104.2300033569336,104.41999816894533,103.8499984741211,104.20999908447266,104.20999908447266,0.0,0.0,0.0,2023-05-26,4156.16015625,4212.8701171875,4156.16015625,4205.4501953125,4205.4501953125,3715460000.0,0.0,0.0,2023-05-26,72.35,2023-05-26,EFFR,5.08,5.05,5.06,5.08,5.35,136.0,5.0,5.25,,,,,,,,,,2023-05-26,,
2023-05-29,1941.47,1949.6,1940.12,1943.07,55236,0,25,,,,,,,,,,,,,,,,,,,,2023-05-29,,,,,,,,,,,,,,,,,,,,,
2023-05-30,1942.89,1963.4,1931.86,1959.17,125523,0,25,104.3000030517578,104.52999877929688,103.87999725341795,104.16999816894533,104.16999816894533,0.0,0.0,0.0,2023-05-30,4226.7099609375,4231.10009765625,4192.18017578125,4205.52001953125,4205.52001953125,4228510000.0,0.0,0.0,2023-05-30,69.45,2023-05-30,EFFR,5.08,5.05,5.06,5.08,5.35,127.0,5.0,5.25,,,,,,,,,,2023-05-30,,
2023-05-31,1959.04,1974.71,1953.53,1962.42,122907,0,25,104.0500030517578,104.6999969482422,104.01000213623048,104.31999969482422,104.31999969482422,0.0,0.0,0.0,2023-05-31,4190.740234375,4195.43994140625,4166.14990234375,4179.830078125,4179.830078125,5980670000.0,0.0,0.0,2023-05-31,68.11,2023-05-31,EFFR,5.08,5.05,5.06,5.08,5.4,118.0,5.0,5.25,,,,,,,,,,2023-05-31,,
2023-06-01,1962.13,1982.99,1953.25,1977.34,123093,0,25,104.1500015258789,104.5,103.5,103.55999755859376,103.55999755859376,0.0,0.0,0.0,2023-06-01,4183.02978515625,4232.43017578125,4171.64013671875,4221.02001953125,4221.02001953125,4391860000.0,0.0,0.0,2023-06-01,70.09,2023-06-01,EFFR,5.08,5.05,5.06,5.08,5.35,131.0,5.0,5.25,,,,,,,,,,2023-06-01,304.014,2023-06-01
2023-06-02,1977.22,1983.31,1947.44,1947.9,121843,0,25,103.55999755859376,104.08999633789062,103.37999725341795,104.0199966430664,104.0199966430664,0.0,0.0,0.0,2023-06-02,4241.009765625,4290.669921875,4241.009765625,4282.3701171875,4282.3701171875,4454200000.0,0.0,0.0,2023-06-02,71.76,2023-06-02,EFFR,5.08,5.05,5.06,5.08,5.3,141.0,5.0,5.25,,,,,,,,,,2023-06-02,,
2023-06-05,1946.76,1963.91,1938.0,1961.67,114987,0,25,104.04000091552734,104.4000015258789,103.93000030517578,104.0,104.0,0.0,0.0,0.0,2023-06-05,4282.990234375,4299.27978515625,4266.81982421875,4273.7900390625,4273.7900390625,3813290000.0,0.0,0.0,2023-06-05,72.14,2023-06-05,EFFR,5.08,5.05,5.06,5.08,5.3,136.0,5.0,5.25,,,,,,,,,,2023-06-05,,
2023-06-06,1961.49,1966.29,1954.22,1963.15,105414,0,25,104.01000213623048,104.37000274658205,103.81999969482422,104.12999725341795,104.12999725341795,0.0,0.0,0.0,2023-06-06,4271.33984375,4288.330078125,4263.08984375,4283.85009765625,4283.85009765625,3996560000.0,0.0,0.0,2023-06-06,71.71,2023-06-06,EFFR,5.08,5.05,5.06,5.08,5.3,144.0,5.0,5.25,,,,,,,,,,2023-06-06,,
2023-06-07,1962.99,1970.08,1939.62,1939.79,112510,0,25,104.12000274658205,104.3000030517578,103.66000366210938,104.0999984741211,104.0999984741211,0.0,0.0,0.0,2023-06-07,4285.47021484375,4299.18994140625,4263.9599609375,4267.52001953125,4267.52001953125,4537800000.0,0.0,0.0,2023-06-07,72.52,2023-06-07,EFFR,5.08,5.05,5.06,5.08,5.3,137.0,5.0,5.25,,,,,,,,,,2023-06-07,,
2023-06-08,1940.16,1970.39,1939.4,1965.45,114050,0,25,104.06999969482422,104.06999969482422,103.3000030517578,103.33999633789062,103.33999633789062,0.0,0.0,0.0,2023-06-08,4268.68994140625,4298.009765625,4261.06982421875,4293.93017578125,4293.93017578125,3826740000.0,0.0,0.0,2023-06-08,71.28,2023-06-08,EFFR,5.08,5.05,5.06,5.08,5.3,136.0,5.0,5.25,,,,,,,,,,2023-06-08,,
2023-06-09,1965.51,1972.93,1956.48,1960.43,100537,0,25,103.3000030517578,103.61000061035156,103.3000030517578,103.55999755859376,103.55999755859376,0.0,0.0,0.0,2023-06-09,4304.8798828125,4322.6201171875,4291.7001953125,4298.85986328125,4298.85986328125,3786510000.0,0.0,0.0,2023-06-09,70.16,2023-06-09,EFFR,5.08,5.05,5.06,5.08,5.3,133.0,5.0,5.25,,,,,,,,,,2023-06-09,,
2023-06-12,1959.73,1966.88,1949.07,1957.31,112523,0,25,103.5500030517578,103.76000213623048,103.23999786376952,103.62999725341795,103.62999725341795,0.0,0.0,0.0,2023-06-12,4308.31982421875,4340.1298828125,4304.3701171875,4338.93017578125,4338.93017578125,3945670000.0,0.0,0.0,2023-06-12,67.08,2023-06-12,EFFR,5.08,5.05,5.06,5.08,5.3,134.0,5.0,5.25,,,,,,,,,,2023-06-12,,
2023-06-13,1956.97,1970.7,1939.91,1943.36,123647,0,25,103.58000183105467,103.62000274658205,103.0500030517578,103.33999633789062,103.33999633789062,0.0,0.0,0.0,2023-06-13,4352.60986328125,4375.3701171875,4349.31005859375,4369.009765625,4369.009765625,4275400000.0,0.0,0.0,2023-06-13,69.39,2023-06-13,EFFR,5.08,5.05,5.06,5.08,5.3,131.0,5.0,5.25,,,,,,,,,,2023-06-13,,
2023-06-14,1942.97,1960.12,1939.53,1941.66,121643,0,25,103.31999969482422,103.4000015258789,102.66000366210938,103.01000213623048,103.01000213623048,0.0,0.0,0.0,2023-06-14,4366.2900390625,4391.81982421875,4337.85009765625,4372.58984375,4372.58984375,4252110000.0,0.0,0.0,2023-06-14,68.22,2023-06-14,EFFR,5.08,5.05,5.06,5.08,5.35,128.0,5.0,5.25,,,,,,,,,,2023-06-14,,
2023-06-15,1941.35,1960.15,1924.53,1957.85,137298,0,25,102.95999908447266,103.37999725341795,102.08999633789062,102.12000274658205,102.12000274658205,0.0,0.0,0.0,2023-06-15,4365.330078125,4439.2001953125,4362.60009765625,4425.83984375,4425.83984375,4176690000.0,0.0,0.0,2023-06-15,70.61,2023-06-15,EFFR,5.07,5.05,5.06,5.08,5.35,128.0,5.0,5.25,,,,,,,,,,2023-06-15,,
2023-06-16,1957.55,1967.79,1953.14,1957.27,124358,0,25,102.12000274658205,102.43000030517578,102.01000213623048,102.3000030517578,102.3000030517578,0.0,0.0,0.0,2023-06-16,4440.9501953125,4448.47021484375,4407.43994140625,4409.58984375,4409.58984375,6848600000.0,0.0,0.0,2023-06-16,71.81,2023-06-16,EFFR,5.08,5.05,5.06,5.08,5.3,129.0,5.0,5.25,,,,,,,,,,2023-06-16,,
2023-06-19,1957.41,1958.6,1947.62,1950.11,66201,0,25,,,,,,,,,,,,,,,,,,,,2023-06-19,,,,,,,,,,,,,,,,,,,,,
2023-06-20,1950.23,1956.64,1929.66,1936.05,123135,0,25,102.4800033569336,102.79000091552734,102.31999969482422,102.54000091552734,102.54000091552734,0.0,0.0,0.0,2023-06-20,4396.10986328125,4400.14990234375,4367.18994140625,4388.7099609375,4388.7099609375,4055790000.0,0.0,0.0,2023-06-20,70.94,2023-06-20,EFFR,5.07,5.05,5.06,5.08,5.3,134.0,5.0,5.25,,,,,,,,,,2023-06-20,,
2023-06-21,1935.3,1939.39,1919.0,1932.53,121393,0,25,102.5,102.70999908447266,102.0199966430664,102.06999969482422,102.06999969482422,0.0,0.0,0.0,2023-06-21,4380.009765625,4386.22021484375,4360.14013671875,4365.68994140625,4365.68994140625,3709330000.0,0.0,0.0,2023-06-21,72.55,2023-06-21,EFFR,5.07,5.05,5.06,5.08,5.3,130.0,5.0,5.25,,,,,,,,,,2023-06-21,,
2023-06-22,1932.14,1934.83,1912.24,1913.58,109272,0,25,102.02999877929688,102.47000122070312,101.91999816894533,102.38999938964844,102.38999938964844,0.0,0.0,0.0,2023-06-22,4355.39990234375,4382.25,4351.81982421875,4381.89013671875,4381.89013671875,3511000000.0,0.0,0.0,2023-06-22,69.22,2023-06-22,EFFR,5.07,5.05,5.06,5.08,5.35,132.0,5.0,5.25,,,,,,,,,,2023-06-22,,
2023-06-23,1913.48,1937.19,1909.93,1921.02,116276,0,25,102.37999725341795,103.16999816894533,102.37999725341795,102.9000015258789,102.9000015258789,0.0,0.0,0.0,2023-06-23,4354.169921875,4366.5498046875,4341.33984375,4348.330078125,4348.330078125,6053620000.0,0.0,0.0,2023-06-23,68.91,2023-06-23,EFFR,5.07,5.05,5.06,5.08,5.35,135.0,5.0,5.25,,,,,,,,,,2023-06-23,,
2023-06-26,1924.87,1933.23,1921.4,1922.93,102201,0,25,102.83000183105467,102.83000183105467,102.61000061035156,102.69000244140624,102.69000244140624,0.0,0.0,0.0,2023-06-26,4344.83984375,4362.06005859375,4328.080078125,4328.81982421875,4328.81982421875,3415030000.0,0.0,0.0,2023-06-26,69.09,2023-06-26,EFFR,5.07,5.05,5.06,5.08,5.3,138.0,5.0,5.25,,,,,,,,,,2023-06-26,,
2023-06-27,1922.67,1930.56,1910.74,1913.48,106004,0,25,102.73999786376952,102.8000030517578,102.31999969482422,102.48999786376952,102.48999786376952,0.0,0.0,0.0,2023-06-27,4337.35986328125,4384.419921875,4335.0,4378.41015625,4378.41015625,3573500000.0,0.0,0.0,2023-06-27,67.68,2023-06-27,EFFR,5.07,5.05,5.06,5.08,5.4,132.0,5.0,5.25,,,,,,,,,,2023-06-27,,
2023-06-28,1913.43,1917.09,1902.69,1907.27,105384,0,25,102.51000213623048,103.1500015258789,102.47000122070312,102.91000366210938,102.91000366210938,0.0,0.0,0.0,2023-06-28,4367.47998046875,4390.35009765625,4360.22021484375,4376.85986328125,4376.85986328125,3739330000.0,0.0,0.0,2023-06-28,69.54,2023-06-28,EFFR,5.07,5.05,5.06,5.08,5.3,140.0,5.0,5.25,,,,,,,,,,2023-06-28,,
2023-06-29,1907.36,1912.98,1892.83,1908.06,119079,0,25,102.95999908447266,103.44000244140624,102.77999877929688,103.33999633789062,103.33999633789062,0.0,0.0,0.0,2023-06-29,4374.93994140625,4398.39013671875,4371.97021484375,4396.43994140625,4396.43994140625,3696660000.0,0.0,0.0,2023-06-29,69.85,2023-06-29,EFFR,5.07,5.05,5.06,5.08,5.3,135.0,5.0,5.25,,,,,,,,,,2023-06-29,,
2023-06-30,1907.73,1922.66,1900.42,1919.19,119728,0,25,103.3499984741211,103.54000091552734,102.75,102.91000366210938,102.91000366210938,0.0,0.0,0.0,2023-06-30,4422.43994140625,4458.47998046875,4422.43994140625,4450.3798828125,4450.3798828125,3923450000.0,0.0,0.0,2023-06-30,70.66,2023-06-30,EFFR,5.08,5.05,5.07,5.09,5.4,97.0,5.0,5.25,,,,,,,,,,2023-06-30,,
2023-07-03,1918.76,1930.85,1909.89,1921.32,98014,0,25,102.91999816894533,103.2699966430664,102.75,102.98999786376952,102.98999786376952,0.0,0.0,0.0,2023-07-03,4450.47998046875,4456.4599609375,4442.2900390625,4455.58984375,4455.58984375,2034280000.0,0.0,0.0,2023-07-03,69.71,2023-07-03,EFFR,5.08,5.05,5.06,5.08,5.3,124.0,5.0,5.25,,,,,,,,,,2023-07-03,,
2023-07-04,1920.78,1930.6,1919.71,1925.57,57204,0,25,,,,,,,,,,,,,,,,,,,,2023-07-04,,,,,,,,,,,,,,,,,,,,,
2023-07-05,1925.43,1934.96,1914.65,1915.03,108662,0,25,103.08000183105467,103.38999938964844,102.95999908447266,103.37000274658205,103.37000274658205,0.0,0.0,0.0,2023-07-05,4442.0400390625,4454.06005859375,4436.60986328125,4446.81982421875,4446.81982421875,3482620000.0,0.0,0.0,2023-07-05,71.78,2023-07-05,EFFR,5.08,5.05,5.06,5.08,5.3,123.0,5.0,5.25,,,,,,,,,,2023-07-05,,
2023-07-06,1914.57,1927.51,1902.5,1910.72,120078,0,25,103.3499984741211,103.56999969482422,102.91999816894533,103.16999816894533,103.16999816894533,0.0,0.0,0.0,2023-07-06,4422.6201171875,4422.6201171875,4385.0498046875,4411.58984375,4411.58984375,3682020000.0,0.0,0.0,2023-07-06,71.76,2023-07-06,EFFR,5.08,5.05,5.06,5.08,5.35,119.0,5.0,5.25,,,,,,,,,,2023-07-06,,
2023-07-07,1910.45,1934.73,1909.43,1925.24,115734,0,25,103.08000183105467,103.19000244140624,102.2300033569336,102.2699966430664,102.2699966430664,0.0,0.0,0.0,2023-07-07,4404.5400390625,4440.39013671875,4397.39990234375,4398.9501953125,4398.9501953125,3630480000.0,0.0,0.0,2023-07-07,73.91,2023-07-07,EFFR,5.08,5.05,5.06,5.08,5.3,127.0,5.0,5.25,,,,,,,,,,2023-07-07,,
2023-07-10,1924.51,1928.01,1912.55,1925.13,99374,0,25,102.29000091552734,102.55999755859376,101.9499969482422,101.97000122070312,101.97000122070312,0.0,0.0,0.0,2023-07-10,4394.22998046875,4412.60009765625,4389.919921875,4409.52978515625,4409.52978515625,3429600000.0,0.0,0.0,2023-07-10,73.05,2023-07-10,EFFR,5.07,5.05,5.06,5.08,5.3,125.0,5.0,5.25,,,,,,,,,,2023-07-10,,
2023-07-11,1924.83,1938.41,1924.26,1932.08,100678,0,25,101.94000244140624,101.97000122070312,101.6500015258789,101.7300033569336,101.7300033569336,0.0,0.0,0.0,2023-07-11,4415.5498046875,4443.64013671875,4408.4599609375,4439.259765625,4439.259765625,3624220000.0,0.0,0.0,2023-07-11,74.87,2023-07-11,EFFR,5.08,5.05,5.06,5.08,5.35,121.0,5.0,5.25,,,,,,,,,,2023-07-11,,
2023-07-12,1932.07,1959.57,1932.04,1957.25,117620,0,25,101.58999633789062,101.61000061035156,100.51000213623048,100.5199966430664,100.5199966430664,0.0,0.0,0.0,2023-07-12,4467.68994140625,4488.33984375,4463.22998046875,4472.16015625,4472.16015625,3920290000.0,0.0,0.0,2023-07-12,75.77,2023-07-12,EFFR,5.08,5.05,5.06,5.08,5.4,116.0,5.0,5.25,,,,,,,,,,2023-07-12,,
2023-07-13,1956.38,1963.44,1952.26,1960.24,117444,0,25,100.5199966430664,100.61000061035156,99.73999786376952,99.7699966430664,99.7699966430664,0.0,0.0,0.0,2023-07-13,4491.5,4517.3798828125,4489.35986328125,4510.0400390625,4510.0400390625,3839530000.0,0.0,0.0,2023-07-13,76.86,2023-07-13,EFFR,5.08,5.05,5.06,5.08,5.4,122.0,5.0,5.25,,,,,,,,,,2023-07-13,,
2023-07-14,1959.69,1963.7,1950.77,1955.14,111557,0,25,99.75,100.0199966430664,99.58000183105467,99.91000366210938,99.91000366210938,0.0,0.0,0.0,2023-07-14,4514.60986328125,4527.759765625,4499.56005859375,4505.419921875,4505.419921875,3647450000.0,0.0,0.0,2023-07-14,75.44,2023-07-14,EFFR,5.08,5.05,5.06,5.08,5.4,115.0,5.0,5.25,,,,,,,,,,2023-07-14,,
2023-07-17,1954.57,1959.74,1945.64,1954.68,89446,0,25,99.95999908447266,100.18000030517578,99.75,99.83999633789062,99.83999633789062,0.0,0.0,0.0,2023-07-17,4508.85986328125,4532.85009765625,4504.89990234375,4522.7900390625,4522.7900390625,3538240000.0,0.0,0.0,2023-07-17,74.17,2023-07-17,EFFR,5.08,5.05,5.06,5.08,5.4,112.0,5.0,5.25,,,,,,,,,,2023-07-17,,
2023-07-18,1954.05,1984.25,1954.05,1978.67,116291,0,25,99.88999938964844,100.11000061035156,99.58999633789062,99.94000244140624,99.94000244140624,0.0,0.0,0.0,2023-07-18,4521.77978515625,4562.2998046875,4514.58984375,4554.97998046875,4554.97998046875,4090010000.0,0.0,0.0,2023-07-18,75.76,2023-07-18,EFFR,5.08,5.05,5.07,5.08,5.4,106.0,5.0,5.25,,,,,,,,,,2023-07-18,,
2023-07-19,1978.34,1980.88,1969.62,1976.74,99446,0,25,99.9800033569336,100.54000091552734,99.93000030517578,100.27999877929688,100.27999877929688,0.0,0.0,0.0,2023-07-19,4563.8701171875,4578.43017578125,4557.47998046875,4565.72021484375,4565.72021484375,4115670000.0,0.0,0.0,2023-07-19,75.4,2023-07-19,EFFR,5.08,5.05,5.07,5.08,5.4,106.0,5.0,5.25,,,,,,,,,,2023-07-19,,
2023-07-20,1976.08,1987.32,1965.23,1969.32,104997,0,25,100.27999877929688,100.97000122070312,100.0199966430664,100.87999725341795,100.87999725341795,0.0,0.0,0.0,2023-07-20,4554.3798828125,4564.740234375,4527.56005859375,4534.8701171875,4534.8701171875,3761770000.0,0.0,0.0,2023-07-20,75.65,2023-07-20,EFFR,5.08,5.05,5.06,5.08,5.4,111.0,5.0,5.25,,,,,,,,,,2023-07-20,,
2023-07-21,1969.33,1973.63,1956.68,1961.65,95268,0,25,100.77999877929688,101.19000244140624,100.72000122070312,101.06999969482422,101.06999969482422,0.0,0.0,0.0,2023-07-21,4550.16015625,4555.0,4535.7900390625,4536.33984375,4536.33984375,3570190000.0,0.0,0.0,2023-07-21,77.06,2023-07-21,EFFR,5.08,5.05,5.06,5.08,5.4,110.0,5.0,5.25,,,,,,,,,,2023-07-21,,
2023-07-24,1961.32,1967.78,1953.36,1954.66,93332,0,25,101.08999633789062,101.43000030517578,100.88999938964844,101.3499984741211,101.3499984741211,0.0,0.0,0.0,2023-07-24,4543.39013671875,4563.41015625,4541.2900390625,4554.64013671875,4554.64013671875,3856250000.0,0.0,0.0,2023-07-24,78.81,2023-07-24,EFFR,5.08,5.05,5.06,5.08,5.4,101.0,5.0,5.25,,,,,,,,,,2023-07-24,,
2023-07-25,1954.33,1965.58,1951.16,1964.74,87805,0,25,101.41999816894533,101.6500015258789,101.19000244140624,101.3499984741211,101.3499984741211,0.0,0.0,0.0,2023-07-25,4555.18994140625,4580.6201171875,4552.419921875,4567.4599609375,4567.4599609375,3812470000.0,0.0,0.0,2023-07-25,79.76,2023-07-25,EFFR,5.08,5.05,5.07,5.08,5.4,89.0,5.0,5.25,,,,,,,,,1.0,2023-07-25,,
2023-07-26,1964.77,1978.22,1961.91,1971.98,103713,0,25,101.31999969482422,101.44000244140624,100.86000061035156,100.88999938964844,100.88999938964844,0.0,0.0,0.0,2023-07-26,4558.9599609375,4582.47021484375,4547.580078125,4566.75,4566.75,3990290000.0,0.0,0.0,2023-07-26,79.11,2023-07-26,EFFR,5.08,5.05,5.07,5.09,5.4,98.0,5.0,5.25,,,,,,,,,,2023-07-26,,
2023-07-27,1971.83,1982.03,1942.45,1945.38,117609,0,25,101.11000061035156,101.83999633789062,100.5500030517578,101.7699966430664,101.7699966430664,0.0,0.0,0.0,2023-07-27,4598.259765625,4607.06982421875,4528.56005859375,4537.41015625,4537.41015625,4553210000.0,0.0,0.0,2023-07-27,80.17,2023-07-27,EFFR,5.33,5.3,5.32,5.33,5.65,105.0,5.25,5.5,,,,,,,,,,2023-07-27,,
2023-07-28,1945.9,1963.38,1945.25,1959.06,113587,0,25,101.69000244140624,102.04000091552734,101.36000061035156,101.62000274658205,101.62000274658205,0.0,0.0,0.0,2023-07-28,4565.75,4590.16015625,4564.009765625,4582.22998046875,4582.22998046875,3981010000.0,0.0,0.0,2023-07-28,80.55,2023-07-28,EFFR,5.33,5.3,5.32,5.33,5.65,106.0,5.25,5.5,,,,,,,,,,2023-07-28,,
2023-07-31,1958.53,1972.26,1950.83,1965.33,89148,0,25,101.6999969482422,101.91000366210938,101.52999877929688,101.86000061035156,101.86000061035156,0.0,0.0,0.0,2023-07-31,4584.81982421875,4594.22021484375,4573.14013671875,4588.9599609375,4588.9599609375,4503600000.0,0.0,0.0,2023-07-31,81.8,2023-07-31,EFFR,5.33,5.3,5.32,5.34,5.65,103.0,5.25,5.5,,,,,,,,,,2023-07-31,,
2023-08-01,1965.35,1965.83,1941.15,1943.96,93838,0,25,101.87000274658205,102.43000030517578,101.8499984741211,102.3000030517578,102.3000030517578,0.0,0.0,0.0,2023-08-01,4578.830078125,4584.6201171875,4567.52978515625,4576.72998046875,4576.72998046875,4042370000.0,0.0,0.0,2023-08-01,81.37,2023-08-01,EFFR,5.33,5.3,5.32,5.33,5.65,108.0,5.25,5.5,,,,,,,,,,2023-08-01,306.082,2023-08-01
2023-08-02,1949.2,1954.65,1932.89,1934.63,92252,0,25,101.95999908447266,102.77999877929688,101.95999908447266,102.58999633789062,102.58999633789062,0.0,0.0,0.0,2023-08-02,4550.93017578125,4550.93017578125,4505.75,4513.39013671875,4513.39013671875,4270710000.0,0.0,0.0,2023-08-02,79.5,2023-08-02,EFFR,5.33,5.3,5.32,5.33,5.65,105.0,5.25,5.5,,,,,,,,,,2023-08-02,,
2023-08-03,1933.92,1938.78,1929.38,1933.95,93770,0,25,102.58999633789062,102.83999633789062,102.37000274658205,102.54000091552734,102.54000091552734,0.0,0.0,0.0,2023-08-03,4494.27001953125,4519.490234375,4485.5400390625,4501.89013671875,4501.89013671875,4149120000.0,0.0,0.0,2023-08-03,81.56,2023-08-03,EFFR,5.33,5.3,5.32,5.33,5.65,105.0,5.25,5.5,,,,,,,,,,2023-08-03,,
2023-08-04,1933.85,1946.66,1924.99,1942.34,87914,0,25,102.4499969482422,102.62000274658205,101.73999786376952,102.0199966430664,102.0199966430664,0.0,0.0,0.0,2023-08-04,4513.9599609375,4540.33984375,4474.5498046875,4478.02978515625,4478.02978515625,4143310000.0,0.0,0.0,2023-08-04,82.76,2023-08-04,EFFR,5.33,5.3,5.32,5.33,5.65,112.0,5.25,5.5,,,,,,,,,,2023-08-04,,
2023-08-07,1941.7,1946.63,1931.35,1936.39,70127,0,25,102.01000213623048,102.37999725341795,101.97000122070312,102.0500030517578,102.0500030517578,0.0,0.0,0.0,2023-08-07,4491.580078125,4519.83984375,4491.14990234375,4518.43994140625,4518.43994140625,3493920000.0,0.0,0.0,2023-08-07,81.94,2023-08-07,EFFR,5.33,5.3,5.32,5.33,5.65,106.0,5.25,5.5,,,,,,,,,,2023-08-07,,
2023-08-08,1935.88,1937.97,1922.66,1924.93,85275,0,25,102.06999969482422,102.8000030517578,102.06999969482422,102.52999877929688,102.52999877929688,0.0,0.0,0.0,2023-08-08,4498.02978515625,4503.31005859375,4464.39013671875,4499.3798828125,4499.3798828125,3884910000.0,0.0,0.0,2023-08-08,82.94,2023-08-08,EFFR,5.33,5.3,5.32,5.33,5.65,110.0,5.25,5.5,,,,,,,,,,2023-08-08,,
2023-08-09,1924.7,1932.21,1913.89,1914.53,73153,0,25,102.5500030517578,102.58000183105467,102.29000091552734,102.48999786376952,102.48999786376952,0.0,0.0,0.0,2023-08-09,4501.56982421875,4502.43994140625,4461.330078125,4467.7099609375,4467.7099609375,3803100000.0,0.0,0.0,2023-08-09,84.35,2023-08-09,EFFR,5.33,5.3,5.31,5.33,5.65,111.0,5.25,5.5,,,,,,,,,,2023-08-09,,
2023-08-10,1914.27,1929.93,1911.98,1912.2,96415,0,25,102.4800033569336,102.6500015258789,101.77999877929688,102.5199966430664,102.5199966430664,0.0,0.0,0.0,2023-08-10,4487.16015625,4527.3701171875,4457.919921875,4468.830078125,4468.830078125,4504370000.0,0.0,0.0,2023-08-10,82.81,2023-08-10,EFFR,5.33,5.3,5.32,5.33,5.65,108.0,5.25,5.5,,,,,,,,,,2023-08-10,,
2023-08-11,1911.96,1920.8,1910.63,1913.63,81379,0,25,102.62000274658205,102.91000366210938,102.41999816894533,102.83999633789062,102.83999633789062,0.0,0.0,0.0,2023-08-11,4450.68994140625,4476.22998046875,4443.97998046875,4464.0498046875,4464.0498046875,3753290000.0,0.0,0.0,2023-08-11,83.17,2023-08-11,EFFR,5.33,5.3,5.31,5.33,5.65,105.0,5.25,5.5,,,,,,,,,,2023-08-11,,
2023-08-14,1912.63,1916.12,1902.57,1907.26,81364,0,25,102.8499984741211,103.45999908447266,102.7699966430664,103.19000244140624,103.19000244140624,0.0,0.0,0.0,2023-08-14,4458.1298828125,4490.330078125,4453.43994140625,4489.72021484375,4489.72021484375,3896410000.0,0.0,0.0,2023-08-14,82.5,2023-08-14,EFFR,5.33,5.3,5.32,5.33,5.65,103.0,5.25,5.5,,,,,,,,,,2023-08-14,,
2023-08-15,1906.95,1911.56,1896.22,1901.73,101538,0,25,103.1500015258789,103.2699966430664,102.81999969482422,103.20999908447266,103.20999908447266,0.0,0.0,0.0,2023-08-15,4478.8701171875,4478.8701171875,4432.18994140625,4437.85986328125,4437.85986328125,3832250000.0,0.0,0.0,2023-08-15,81.06,2023-08-15,EFFR,5.33,5.3,5.32,5.33,5.65,102.0,5.25,5.5,,,,,,,,,,2023-08-15,,
2023-08-16,1900.76,1907.09,1891.65,1891.72,86123,0,25,103.20999908447266,103.52999877929688,102.94000244140624,103.41999816894533,103.41999816894533,0.0,0.0,0.0,2023-08-16,4433.7900390625,4449.9501953125,4403.5498046875,4404.330078125,4404.330078125,3753910000.0,0.0,0.0,2023-08-16,79.4,2023-08-16,EFFR,5.33,5.3,5.32,5.34,5.65,96.0,5.25,5.5,,,,,,,,,,2023-08-16,,
2023-08-17,1891.26,1903.34,1884.84,1889.17,96849,0,25,103.4800033569336,103.5999984741211,103.05999755859376,103.44000244140624,103.44000244140624,0.0,0.0,0.0,2023-08-17,4416.31982421875,4421.169921875,4364.830078125,4370.35986328125,4370.35986328125,3943700000.0,0.0,0.0,2023-08-17,80.43,2023-08-17,EFFR,5.33,5.3,5.32,5.33,5.6,98.0,5.25,5.5,,,,,,,,,,2023-08-17,,
2023-08-18,1888.99,1896.74,1886.68,1889.4,80150,0,25,103.4000015258789,103.68000030517578,103.2300033569336,103.37999725341795,103.37999725341795,0.0,0.0,0.0,2023-08-18,4344.8798828125,4381.81982421875,4335.31005859375,4369.7099609375,4369.7099609375,3940400000.0,0.0,0.0,2023-08-18,81.25,2023-08-18,EFFR,5.33,5.3,5.32,5.33,5.55,100.0,5.25,5.5,,,,,,,,,,2023-08-18,,
2023-08-21,1889.29,1898.67,1884.64,1894.56,88417,0,25,103.43000030517578,103.5,103.13999938964844,103.33000183105467,103.33000183105467,0.0,0.0,0.0,2023-08-21,4380.27978515625,4407.5498046875,4360.2998046875,4399.77001953125,4399.77001953125,3726850000.0,0.0,0.0,2023-08-21,80.71,2023-08-21,EFFR,5.33,5.3,5.32,5.33,5.55,100.0,5.25,5.5,,,,,,,,,,2023-08-21,,
2023-08-22,1893.99,1904.34,1888.99,1897.22,82704,0,25,103.33000183105467,103.72000122070312,103.01000213623048,103.55999755859376,103.55999755859376,0.0,0.0,0.0,2023-08-22,4415.330078125,4418.58984375,4382.77001953125,4387.5498046875,4387.5498046875,3522760000.0,0.0,0.0,2023-08-22,80.25,2023-08-22,EFFR,5.33,5.3,5.32,5.33,5.55,101.0,5.25,5.5,,,,,,,,,,2023-08-22,,
2023-08-23,1897.23,1920.27,1897.11,1915.32,89963,0,25,103.58000183105467,103.9800033569336,103.3000030517578,103.36000061035156,103.36000061035156,0.0,0.0,0.0,2023-08-23,4396.43994140625,4443.18017578125,4396.43994140625,4436.009765625,4436.009765625,3837270000.0,0.0,0.0,2023-08-23,78.91,2023-08-23,EFFR,5.33,5.3,5.32,5.33,5.55,105.0,5.25,5.5,,,,,,,,,,2023-08-23,,
2023-08-24,1915.35,1923.25,1911.64,1916.65,89155,0,25,103.36000061035156,104.02999877929688,103.2699966430664,103.9800033569336,103.9800033569336,0.0,0.0,0.0,2023-08-24,4455.16015625,4458.2998046875,4375.5498046875,4376.31005859375,4376.31005859375,3723470000.0,0.0,0.0,2023-08-24,79.52,2023-08-24,EFFR,5.33,5.3,5.32,5.33,5.5,105.0,5.25,5.5,,,,,,,,,,2023-08-24,,
2023-08-25,1916.69,1922.29,1903.65,1914.16,89530,0,25,104.0999984741211,104.4499969482422,103.73999786376952,104.08000183105467,104.08000183105467,0.0,0.0,0.0,2023-08-25,4389.3798828125,4418.4599609375,4356.2900390625,4405.7099609375,4405.7099609375,3296180000.0,0.0,0.0,2023-08-25,80.47,2023-08-25,EFFR,5.33,5.3,5.32,5.33,5.5,103.0,5.25,5.5,,,,,,,,,,2023-08-25,,
2023-08-28,1914.58,1925.94,1912.65,1920.06,69177,0,25,104.19000244140624,104.20999908447266,103.9800033569336,104.05999755859376,104.05999755859376,0.0,0.0,0.0,2023-08-28,4426.02978515625,4439.56005859375,4414.97998046875,4433.31005859375,4433.31005859375,2957230000.0,0.0,0.0,2023-08-28,80.65,2023-08-28,EFFR,5.33,5.3,5.31,5.33,5.5,107.0,5.25,5.5,,,,,,,,,,2023-08-28,,
2023-08-29,1919.39,1938.04,1914.31,1937.26,84547,0,25,103.91999816894533,104.36000061035156,103.37000274658205,103.5500030517578,103.5500030517578,0.0,0.0,0.0,2023-08-29,4432.75,4500.14013671875,4431.68017578125,4497.6298828125,4497.6298828125,3354820000.0,0.0,0.0,2023-08-29,81.14,2023-08-29,EFFR,5.33,5.3,5.32,5.33,5.55,102.0,5.25,5.5,,,,,,,,,,2023-08-29,,
2023-08-30,1936.69,1948.94,1934.85,1942.14,90990,0,25,103.44000244140624,103.6999969482422,102.94000244140624,103.16000366210938,103.16000366210938,0.0,0.0,0.0,2023-08-30,4500.33984375,4521.64990234375,4493.58984375,4514.8701171875,4514.8701171875,3064110000.0,0.0,0.0,2023-08-30,81.64,2023-08-30,EFFR,5.33,5.3,5.32,5.33,5.5,100.0,5.25,5.5,,,,,,,,,,2023-08-30,,
2023-08-31,1941.75,1947.75,1938.94,1939.97,81696,0,25,103.0999984741211,103.73999786376952,103.01000213623048,103.62000274658205,103.62000274658205,0.0,0.0,0.0,2023-08-31,4517.009765625,4532.259765625,4507.39013671875,4507.66015625,4507.66015625,3946360000.0,0.0,0.0,2023-08-31,83.55,2023-08-31,EFFR,5.33,5.3,5.32,5.33,5.5,97.0,5.25,5.5,,,,,,,,,,2023-08-31,,
2023-09-01,1939.22,1952.79,1934.29,1939.59,92260,0,25,103.62000274658205,104.29000091552734,103.2699966430664,104.23999786376952,104.23999786376952,0.0,0.0,0.0,2023-09-01,4530.60009765625,4541.25,4501.35009765625,4515.77001953125,4515.77001953125,3246260000.0,0.0,0.0,2023-09-01,85.52,2023-09-01,EFFR,5.33,5.3,5.32,5.34,5.5,104.0,5.25,5.5,,,,,,,,,,2023-09-01,307.276,2023-09-01
2023-09-04,1940.07,1946.18,1936.69,1938.4,45002,0,25,,,,,,,,,,,,,,,,,,,,2023-09-04,,,,,,,,,,,,,,,,,,,,,
2023-09-05,1938.13,1938.84,1925.22,1925.88,86813,0,25,104.12999725341795,104.91000366210938,104.11000061035156,104.80999755859376,104.80999755859376,0.0,0.0,0.0,2023-09-05,4510.06005859375,4514.2900390625,4496.009765625,4496.830078125,4496.830078125,3526250000.0,0.0,0.0,2023-09-05,86.74,2023-09-05,EFFR,5.33,5.3,5.32,5.33,5.5,102.0,5.25,5.5,,,,,,,,,,2023-09-05,,
2023-09-06,1925.79,1929.05,1915.17,1916.34,84490,0,25,104.75,105.0199966430664,104.58999633789062,104.86000061035156,104.86000061035156,0.0,0.0,0.0,2023-09-06,4490.35009765625,4490.35009765625,4442.3798828125,4465.47998046875,4465.47998046875,3418850000.0,0.0,0.0,2023-09-06,87.55,2023-09-06,EFFR,5.33,5.3,5.32,5.33,5.5,100.0,5.25,5.5,,,,,,,,,,2023-09-06,,
2023-09-07,1916.24,1923.48,1916.1,1919.51,71078,0,25,104.86000061035156,105.16000366210938,104.8000030517578,105.05999755859376,105.05999755859376,0.0,0.0,0.0,2023-09-07,4434.5498046875,4457.81005859375,4430.4599609375,4451.14013671875,4451.14013671875,3763760000.0,0.0,0.0,2023-09-07,86.87,2023-09-07,EFFR,5.33,5.3,5.32,5.33,5.5,105.0,5.25,5.5,,,,,,,,,,2023-09-07,,
2023-09-08,1919.14,1929.61,1917.23,1918.85,72055,0,25,105.05999755859376,105.0999984741211,104.66000366210938,105.08999633789062,105.08999633789062,0.0,0.0,0.0,2023-09-08,4451.2998046875,4473.52978515625,4448.3798828125,4457.490234375,4457.490234375,3259290000.0,0.0,0.0,2023-09-08,87.51,2023-09-08,EFFR,5.33,5.3,5.32,5.33,5.5,104.0,5.25,5.5,,,,,,,,,,2023-09-08,,
2023-09-11,1919.41,1930.59,1916.54,1922.2,77103,0,25,104.94000244140624,104.94000244140624,104.41999816894533,104.56999969482422,104.56999969482422,0.0,0.0,0.0,2023-09-11,4480.97998046875,4490.77001953125,4467.89013671875,4487.4599609375,4487.4599609375,3369920000.0,0.0,0.0,2023-09-11,87.3,2023-09-11,EFFR,5.33,5.3,5.32,5.33,5.5,105.0,5.25,5.5,,,,,,,,,,2023-09-11,,
2023-09-12,1922.67,1924.4,1907.44,1913.22,73529,0,25,104.55999755859376,104.91999816894533,104.45999908447266,104.70999908447266,104.70999908447266,0.0,0.0,0.0,2023-09-12,4473.27001953125,4487.10986328125,4456.830078125,4461.89990234375,4461.89990234375,3435740000.0,0.0,0.0,2023-09-12,88.87,2023-09-12,EFFR,5.33,5.3,5.32,5.33,5.5,108.0,5.25,5.5,,,,,,,,,,2023-09-12,,
2023-09-13,1912.67,1915.61,1905.43,1908.0,88095,0,25,104.58000183105467,104.97000122070312,104.51000213623048,104.7699966430664,104.7699966430664,0.0,0.0,0.0,2023-09-13,4462.64990234375,4479.39013671875,4453.52001953125,4467.43994140625,4467.43994140625,3529430000.0,0.0,0.0,2023-09-13,88.59,2023-09-13,EFFR,5.33,5.3,5.32,5.33,5.55,104.0,5.25,5.5,,,,,,,,,,2023-09-13,,
2023-09-14,1908.14,1912.77,1900.84,1910.41,116535,0,25,104.73999786376952,105.44000244140624,104.55999755859376,105.41000366210938,105.41000366210938,0.0,0.0,0.0,2023-09-14,4487.77978515625,4511.990234375,4478.68994140625,4505.10009765625,4505.10009765625,3648720000.0,0.0,0.0,2023-09-14,90.13,2023-09-14,EFFR,5.33,5.3,5.32,5.34,5.55,92.0,5.25,5.5,,,,,,,,,,2023-09-14,,
2023-09-15,1910.12,1930.29,1909.63,1923.58,107719,0,25,105.37999725341795,105.41000366210938,105.08000183105467,105.31999969482422,105.31999969482422,0.0,0.0,0.0,2023-09-15,4497.97998046875,4497.97998046875,4447.2099609375,4450.31982421875,4450.31982421875,6932230000.0,0.0,0.0,2023-09-15,90.83,2023-09-15,EFFR,5.33,5.3,5.32,5.33,5.5,96.0,5.25,5.5,,,,,,,,,,2023-09-15,,
2023-09-18,1923.84,1934.1,1922.34,1933.48,88699,0,26,105.3000030517578,105.36000061035156,105.0199966430664,105.1999969482422,105.1999969482422,0.0,0.0,0.0,2023-09-18,4445.1298828125,4466.35986328125,4442.10986328125,4453.52978515625,4453.52978515625,3161230000.0,0.0,0.0,2023-09-18,91.47,2023-09-18,EFFR,5.33,5.3,5.32,5.34,5.53,94.0,5.25,5.5,,,,,,,,,,2023-09-18,,
2023-09-19,1932.94,1937.23,1929.66,1931.18,72290,0,26,105.08000183105467,105.20999908447266,104.81999969482422,105.1999969482422,105.1999969482422,0.0,0.0,0.0,2023-09-19,4445.41015625,4449.85009765625,4416.60986328125,4443.9501953125,4443.9501953125,3614880000.0,0.0,0.0,2023-09-19,91.16,2023-09-19,EFFR,5.33,5.3,5.32,5.34,5.55,90.0,5.25,5.5,,,,,,,,,,2023-09-19,,
2023-09-20,1931.62,1947.31,1927.81,1930.22,104077,0,26,105.11000061035156,105.44000244140624,104.66999816894533,105.16000366210938,105.16000366210938,0.0,0.0,0.0,2023-09-20,4452.81005859375,4461.02978515625,4401.3798828125,4402.2001953125,4402.2001953125,3308450000.0,0.0,0.0,2023-09-20,89.2,2023-09-20,EFFR,5.33,5.3,5.32,5.34,5.55,89.0,5.25,5.5,,,,,,,,,,2023-09-20,,
2023-09-21,1930.24,1931.4,1913.77,1919.89,107249,0,26,105.44000244140624,105.73999786376952,105.27999877929688,105.36000061035156,105.36000061035156,0.0,0.0,0.0,2023-09-21,4374.35986328125,4375.7001953125,4329.169921875,4330.0,4330.0,3662340000.0,0.0,0.0,2023-09-21,89.56,2023-09-21,EFFR,5.33,5.3,5.32,5.34,5.55,87.0,5.25,5.5,,,,,,,,,,2023-09-21,,
2023-09-22,1919.63,1928.99,1919.0,1925.17,80250,0,26,105.37999725341795,105.77999877929688,105.31999969482422,105.58000183105467,105.58000183105467,0.0,0.0,0.0,2023-09-22,4341.740234375,4357.39990234375,4316.490234375,4320.06005859375,4320.06005859375,3349570000.0,0.0,0.0,2023-09-22,90.0,2023-09-22,EFFR,5.33,5.3,5.32,5.34,5.55,94.0,5.25,5.5,,,,,,,,,,2023-09-22,,
2023-09-25,1924.52,1927.05,1915.02,1915.65,77916,0,26,105.56999969482422,106.0999984741211,105.5199966430664,106.0,106.0,0.0,0.0,0.0,2023-09-25,4310.6201171875,4338.509765625,4302.7001953125,4337.43994140625,4337.43994140625,3195650000.0,0.0,0.0,2023-09-25,89.68,2023-09-25,EFFR,5.33,5.3,5.32,5.34,5.55,93.0,5.25,5.5,,,,,,,,,,2023-09-25,,
2023-09-26,1915.9,1916.69,1899.0,1900.44,87063,0,26,105.94000244140624,106.26000213623048,105.86000061035156,106.2300033569336,106.2300033569336,0.0,0.0,0.0,2023-09-26,4312.8798828125,4313.009765625,4265.97998046875,4273.52978515625,4273.52978515625,3472340000.0,0.0,0.0,2023-09-26,91.43,2023-09-26,EFFR,5.33,5.3,5.32,5.34,5.55,96.0,5.25,5.5,,,,,,,,,,2023-09-26,,
2023-09-27,1900.04,1903.79,1872.4,1874.85,96232,0,26,106.22000122070312,106.83999633789062,106.16999816894533,106.66999816894533,106.66999816894533,0.0,0.0,0.0,2023-09-27,4282.6298828125,4292.06982421875,4238.6298828125,4274.509765625,4274.509765625,3875880000.0,0.0,0.0,2023-09-27,93.67,2023-09-27,EFFR,5.33,5.3,5.32,5.34,5.55,99.0,5.25,5.5,,,,,,,,,,2023-09-27,,
2023-09-28,1875.0,1879.52,1857.53,1864.71,105947,0,26,106.68000030517578,106.76000213623048,106.0199966430664,106.22000122070312,106.22000122070312,0.0,0.0,0.0,2023-09-28,4269.64990234375,4317.27001953125,4264.3798828125,4299.7001953125,4299.7001953125,3846230000.0,0.0,0.0,2023-09-28,91.65,2023-09-28,EFFR,5.33,5.3,5.32,5.34,5.44,104.0,5.25,5.5,,,,,,,,,,2023-09-28,,
2023-09-29,1864.59,1879.72,1846.18,1848.59,108679,0,26,106.1500015258789,106.23999786376952,105.66000366210938,106.16999816894533,106.16999816894533,0.0,0.0,0.0,2023-09-29,4328.18017578125,4333.14990234375,4274.85986328125,4288.0498046875,4288.0498046875,3865960000.0,0.0,0.0,2023-09-29,90.77,2023-09-29,EFFR,5.33,5.3,5.32,5.34,5.55,86.0,5.25,5.5,,,,,,,,,,2023-09-29,,
2023-10-02,1847.65,1850.72,1827.06,1827.66,108913,0,26,106.16999816894533,107.02999877929688,106.04000091552734,106.9000015258789,106.9000015258789,0.0,0.0,0.0,2023-10-02,4284.52001953125,4300.580078125,4260.2099609375,4288.39013671875,4288.39013671875,3938660000.0,0.0,0.0,2023-10-02,88.81,2023-10-02,EFFR,5.33,5.3,5.32,5.34,5.55,89.0,5.25,5.5,,,,,,,,,,2023-10-02,,
2023-10-03,1829.05,1833.24,1815.06,1822.81,135902,0,26,107.02999877929688,107.3499984741211,106.91000366210938,107.0,107.0,0.0,0.0,0.0,2023-10-03,4269.75,4281.14990234375,4216.4501953125,4229.4501953125,4229.4501953125,3953830000.0,0.0,0.0,2023-10-03,89.26,2023-10-03,EFFR,5.33,5.3,5.32,5.34,5.55,94.0,5.25,5.5,,,,,,,,,,2023-10-03,,
2023-10-04,1822.72,1830.44,1816.46,1820.94,129612,0,26,107.05999755859376,107.23999786376952,106.51000213623048,106.8000030517578,106.8000030517578,0.0,0.0,0.0,2023-10-04,4233.830078125,4268.5,4220.47998046875,4263.75,4263.75,3777600000.0,0.0,0.0,2023-10-04,84.32,2023-10-04,EFFR,5.33,5.3,5.32,5.34,5.53,103.0,5.25,5.5,,,,,,,,,,2023-10-04,,
2023-10-05,1821.5,1829.04,1812.93,1820.01,111936,0,26,106.7699966430664,106.86000061035156,106.31999969482422,106.33000183105467,106.33000183105467,0.0,0.0,0.0,2023-10-05,4259.31005859375,4267.1298828125,4225.91015625,4258.18994140625,4258.18994140625,3581470000.0,0.0,0.0,2023-10-05,82.3,2023-10-05,EFFR,5.33,5.3,5.32,5.34,5.55,102.0,5.25,5.5,,,,,,,,,,2023-10-05,,
2023-10-06,1820.23,1834.73,1810.31,1831.76,122726,0,26,106.36000061035156,106.97000122070312,105.9499969482422,106.04000091552734,106.04000091552734,0.0,0.0,0.0,2023-10-06,4234.7900390625,4324.10009765625,4219.5498046875,4308.5,4308.5,3902030000.0,0.0,0.0,2023-10-06,82.83,2023-10-06,EFFR,5.33,5.3,5.32,5.33,5.53,100.0,5.25,5.5,,,,,,,,,,2023-10-06,,
2023-10-09,1847.02,1863.37,1844.08,1861.2,109542,0,26,106.0999984741211,106.5999984741211,106.0199966430664,106.08000183105467,106.08000183105467,0.0,0.0,0.0,2023-10-09,4289.02001953125,4341.72998046875,4283.7900390625,4335.66015625,4335.66015625,3174630000.0,0.0,0.0,2023-10-09,,2023-10-09,,,,,,,,,,,,,,,,,,,,,
2023-10-10,1861.07,1865.29,1852.87,1860.28,125825,0,26,106.02999877929688,106.25,105.66000366210938,105.83000183105467,105.83000183105467,0.0,0.0,0.0,2023-10-10,4339.75,4385.4599609375,4339.64013671875,4358.240234375,4358.240234375,3520240000.0,0.0,0.0,2023-10-10,85.89,2023-10-10,EFFR,5.33,5.3,5.32,5.34,5.55,95.0,5.25,5.5,,,,,,,,,,2023-10-10,,
2023-10-11,1859.73,1877.09,1858.49,1874.13,115383,0,26,105.7300033569336,106.01000213623048,105.55999755859376,105.81999969482422,105.81999969482422,0.0,0.0,0.0,2023-10-11,4366.58984375,4378.64013671875,4345.33984375,4376.9501953125,4376.9501953125,3601660000.0,0.0,0.0,2023-10-11,83.7,2023-10-11,EFFR,5.33,5.3,5.32,5.34,5.55,94.0,5.25,5.5,,,,,,,,,,2023-10-11,,
2023-10-12,1873.86,1884.85,1867.78,1868.6,117832,0,26,105.66999816894533,106.5999984741211,105.54000091552734,106.56999969482422,106.56999969482422,0.0,0.0,0.0,2023-10-12,4380.93994140625,4385.85009765625,4325.43017578125,4349.60986328125,4349.60986328125,3713140000.0,0.0,0.0,2023-10-12,82.87,2023-10-12,EFFR,5.33,5.3,5.32,5.33,5.53,103.0,5.25,5.5,,,,,,,,,,2023-10-12,,
2023-10-13,1868.95,1932.53,1868.86,1932.12,132150,0,26,106.5199966430664,106.79000091552734,106.29000091552734,106.6500015258789,106.6500015258789,0.0,0.0,0.0,2023-10-13,4360.490234375,4377.10009765625,4311.97021484375,4327.77978515625,4327.77978515625,3566560000.0,0.0,0.0,2023-10-13,87.67,2023-10-13,EFFR,5.33,5.3,5.32,5.33,5.5,99.0,5.25,5.5,,,,,,,,,,2023-10-13,,
2023-10-16,1928.02,1928.08,1908.03,1920.02,119737,0,26,106.58000183105467,106.62999725341795,106.18000030517578,106.23999786376952,106.23999786376952,0.0,0.0,0.0,2023-10-16,4342.3701171875,4383.330078125,4342.3701171875,4373.6298828125,4373.6298828125,3409960000.0,0.0,0.0,2023-10-16,86.65,2023-10-16,EFFR,5.33,5.3,5.32,5.34,5.55,96.0,5.25,5.5,,,,,,,,,,2023-10-16,,
2023-10-17,1919.64,1931.45,1912.25,1922.93,121110,0,26,106.26000213623048,106.52999877929688,106.0199966430664,106.25,106.25,0.0,0.0,0.0,2023-10-17,4345.22998046875,4393.56982421875,4337.5400390625,4373.2001953125,4373.2001953125,3794850000.0,0.0,0.0,2023-10-17,86.66,2023-10-17,EFFR,5.33,5.3,5.32,5.34,5.55,93.0,5.25,5.5,,,,,,,,,,2023-10-17,,
2023-10-18,1922.78,1962.49,1922.78,1947.43,139712,0,26,106.22000122070312,106.63999938964844,106.01000213623048,106.56999969482422,106.56999969482422,0.0,0.0,0.0,2023-10-18,4357.35009765625,4364.2001953125,4303.83984375,4314.60009765625,4314.60009765625,3686030000.0,0.0,0.0,2023-10-18,88.35,2023-10-18,EFFR,5.33,5.3,5.32,5.34,5.55,89.0,5.25,5.5,,,,,,,,,,2023-10-18,,
2023-10-19,1946.95,1977.58,1945.07,1974.2,147401,0,26,106.54000091552734,106.66999816894533,105.9800033569336,106.25,106.25,0.0,0.0,0.0,2023-10-19,4321.35986328125,4339.5400390625,4269.68994140625,4278.0,4278.0,3969730000.0,0.0,0.0,2023-10-19,89.35,2023-10-19,EFFR,5.33,5.3,5.32,5.34,5.55,90.0,5.25,5.5,,,,,,,,,,2023-10-19,,
2023-10-20,1974.2,1997.01,1971.85,1980.63,147731,0,26,106.26000213623048,106.41999816894533,106.06999969482422,106.16000366210938,106.16000366210938,0.0,0.0,0.0,2023-10-20,4273.85009765625,4276.56005859375,4223.02978515625,4224.16015625,4224.16015625,4004030000.0,0.0,0.0,2023-10-20,89.12,2023-10-20,EFFR,5.33,5.3,5.32,5.34,5.55,87.0,5.25,5.5,,,,,,,,,,2023-10-20,,
2023-10-23,1962.22,1982.68,1962.22,1972.62,131995,0,26,106.16000366210938,106.33000183105467,105.5199966430664,105.54000091552734,105.54000091552734,0.0,0.0,0.0,2023-10-23,4210.39990234375,4255.83984375,4189.22021484375,4217.0400390625,4217.0400390625,3776100000.0,0.0,0.0,2023-10-23,85.49,2023-10-23,EFFR,5.33,5.3,5.32,5.34,5.55,88.0,5.25,5.5,,,,,,,,,,2023-10-23,,
2023-10-24,1972.28,1980.73,1953.46,1970.87,125874,0,26,105.61000061035156,106.31999969482422,105.36000061035156,106.2699966430664,106.2699966430664,0.0,0.0,0.0,2023-10-24,4235.7900390625,4259.3798828125,4219.43017578125,4247.68017578125,4247.68017578125,3821820000.0,0.0,0.0,2023-10-24,84.58,2023-10-24,EFFR,5.33,5.3,5.32,5.34,5.55,83.0,5.25,5.5,,,,,,,,,,2023-10-24,,
2023-10-25,1971.18,1987.07,1962.07,1979.37,111126,0,26,106.25,106.56999969482422,106.13999938964844,106.52999877929688,106.52999877929688,0.0,0.0,0.0,2023-10-25,4232.419921875,4232.419921875,4181.419921875,4186.77001953125,4186.77001953125,3869370000.0,0.0,0.0,2023-10-25,86.07,2023-10-25,EFFR,5.33,5.3,5.32,5.34,5.55,93.0,5.25,5.5,,,,,,,,,,2023-10-25,,
2023-10-26,1979.32,1993.31,1971.65,1984.77,138863,0,26,106.58000183105467,106.88999938964844,106.52999877929688,106.5999984741211,106.5999984741211,0.0,0.0,0.0,2023-10-26,4175.990234375,4183.60009765625,4127.89990234375,4137.22998046875,4137.22998046875,4277640000.0,0.0,0.0,2023-10-26,83.8,2023-10-26,EFFR,5.33,5.3,5.32,5.34,5.5,100.0,5.25,5.5,,,,,,,,,,2023-10-26,,
2023-10-27,1984.4,2009.32,1976.69,2005.86,128201,0,26,106.58999633789062,106.8000030517578,106.31999969482422,106.55999755859376,106.55999755859376,0.0,0.0,0.0,2023-10-27,4152.93017578125,4156.7001953125,4103.77978515625,4117.3701171875,4117.3701171875,4019500000.0,0.0,0.0,2023-10-27,86.04,2023-10-27,EFFR,5.33,5.3,5.32,5.34,5.55,94.0,5.25,5.5,,,,,,,,,,2023-10-27,,
2023-10-30,2003.2,2006.62,1990.81,1996.0,120597,0,26,106.58000183105467,106.6999969482422,106.05999755859376,106.12000274658205,106.12000274658205,0.0,0.0,0.0,2023-10-30,4139.39013671875,4177.47021484375,4132.93994140625,4166.81982421875,4166.81982421875,3911140000.0,0.0,0.0,2023-10-30,83.03,2023-10-30,EFFR,5.33,5.3,5.32,5.33,5.5,97.0,5.25,5.5,,,,,,,,,,2023-10-30,,
2023-10-31,1994.7,2007.84,1978.65,1983.83,125779,0,26,106.16000366210938,106.86000061035156,105.91000366210938,106.66000366210938,106.66000366210938,0.0,0.0,0.0,2023-10-31,4171.330078125,4195.5498046875,4153.1201171875,4193.7998046875,4193.7998046875,4249470000.0,0.0,0.0,2023-10-31,81.64,2023-10-31,EFFR,5.33,5.3,5.32,5.34,5.55,86.0,5.25,5.5,,,,,,,,,,2023-10-31,,
2023-11-01,1983.65,1991.94,1969.71,1982.56,125771,0,26,106.66999816894533,107.11000061035156,106.61000061035156,106.87999725341795,106.87999725341795,0.0,0.0,0.0,2023-11-01,4201.27001953125,4245.64013671875,4197.740234375,4237.85986328125,4237.85986328125,4224900000.0,0.0,0.0,2023-11-01,81.05,2023-11-01,EFFR,5.33,5.3,5.32,5.34,5.53,92.0,5.25,5.5,,,,,,,,,,2023-11-01,308.148,2023-11-01
2023-11-02,1982.67,1990.9,1978.68,1985.7,111992,0,26,106.5,106.51000213623048,105.80999755859376,106.12000274658205,106.12000274658205,0.0,0.0,0.0,2023-11-02,4268.259765625,4319.72021484375,4268.259765625,4317.77978515625,4317.77978515625,4669780000.0,0.0,0.0,2023-11-02,83.04,2023-11-02,EFFR,5.33,5.3,5.32,5.33,5.55,99.0,5.25,5.5,,,,,,,,,,2023-11-02,,
2023-11-03,1985.9,2003.96,1983.08,1992.4,114141,0,26,106.1999969482422,106.22000122070312,104.94000244140624,105.0199966430664,105.0199966430664,0.0,0.0,0.0,2023-11-03,4334.22998046875,4373.6201171875,4334.22998046875,4358.33984375,4358.33984375,4570960000.0,0.0,0.0,2023-11-03,81.19,2023-11-03,EFFR,5.33,5.3,5.32,5.33,5.5,102.0,5.25,5.5,,,,,,,,,,2023-11-03,,
2023-11-06,1991.96,1992.97,1977.27,1977.67,106267,0,26,105.06999969482422,105.29000091552734,104.8499984741211,105.22000122070312,105.22000122070312,0.0,0.0,0.0,2023-11-06,4364.27001953125,4372.2099609375,4347.52978515625,4365.97998046875,4365.97998046875,3656340000.0,0.0,0.0,2023-11-06,81.54,2023-11-06,EFFR,5.33,5.3,5.32,5.33,5.5,101.0,5.25,5.5,,,,,,,,,,2023-11-06,,
2023-11-07,1977.65,1978.15,1956.55,1968.98,105800,0,26,105.2699966430664,105.77999877929688,105.2699966430664,105.54000091552734,105.54000091552734,0.0,0.0,0.0,2023-11-07,4366.2099609375,4386.259765625,4355.41015625,4378.3798828125,4378.3798828125,3791230000.0,0.0,0.0,2023-11-07,77.96,2023-11-07,EFFR,5.33,5.3,5.32,5.33,5.53,104.0,5.25,5.5,,,,,,,,,,2023-11-07,,
2023-11-08,1968.33,1970.84,1947.29,1950.06,112315,0,26,105.54000091552734,105.87000274658205,105.4499969482422,105.58999633789062,105.58999633789062,0.0,0.0,0.0,2023-11-08,4384.3701171875,4391.2001953125,4359.759765625,4382.77978515625,4382.77978515625,3729510000.0,0.0,0.0,2023-11-08,75.85,2023-11-08,EFFR,5.33,5.3,5.32,5.33,5.5,101.0,5.25,5.5,,,,,,,,,,2023-11-08,,
2023-11-09,1949.56,1965.46,1944.3,1958.35,112759,0,26,105.52999877929688,105.97000122070312,105.37999725341795,105.91000366210938,105.91000366210938,0.0,0.0,0.0,2023-11-09,4391.41015625,4393.39990234375,4343.93994140625,4347.35009765625,4347.35009765625,3900780000.0,0.0,0.0,2023-11-09,76.34,2023-11-09,EFFR,5.33,5.3,5.32,5.33,5.5,105.0,5.25,5.5,,,,,,,,,,2023-11-09,,
2023-11-10,1958.11,1960.7,1932.86,1938.15,108181,0,26,105.93000030517578,106.01000213623048,105.73999786376952,105.86000061035156,105.86000061035156,0.0,0.0,0.0,2023-11-10,4364.14990234375,4418.02978515625,4353.33984375,4415.240234375,4415.240234375,3665080000.0,0.0,0.0,2023-11-10,,2023-11-10,EFFR,5.33,5.3,5.32,5.33,5.5,106.0,5.25,5.5,,,,,,,,,,2023-11-10,,
2023-11-13,1938.19,1949.07,1931.48,1946.03,95215,0,26,105.8000030517578,105.95999908447266,105.58999633789062,105.66000366210938,105.66000366210938,0.0,0.0,0.0,2023-11-13,4406.66015625,4421.759765625,4393.81982421875,4411.5498046875,4411.5498046875,3326240000.0,0.0,0.0,2023-11-13,78.86,2023-11-13,EFFR,5.33,5.3,5.32,5.33,5.5,102.0,5.25,5.5,,,,,,,,,,2023-11-13,,
2023-11-14,1945.87,1970.67,1943.59,1962.93,108482,0,26,105.6500015258789,105.7300033569336,103.98999786376952,104.11000061035156,104.11000061035156,0.0,0.0,0.0,2023-11-14,4458.97021484375,4508.669921875,4458.97021484375,4495.7001953125,4495.7001953125,4700350000.0,0.0,0.0,2023-11-14,78.9,2023-11-14,EFFR,5.33,5.3,5.32,5.33,5.5,102.0,5.25,5.5,,,,,,,,,,2023-11-14,,
2023-11-15,1962.43,1975.09,1955.28,1959.12,113962,0,26,104.37999725341795,104.51000213623048,103.9800033569336,104.38999938964844,104.38999938964844,0.0,0.0,0.0,2023-11-15,4505.2998046875,4521.169921875,4495.31005859375,4502.8798828125,4502.8798828125,4347170000.0,0.0,0.0,2023-11-15,77.15,2023-11-15,EFFR,5.33,5.3,5.32,5.33,5.5,96.0,5.25,5.5,,,,,,,,,,2023-11-15,,
2023-11-16,1959.49,1987.85,1956.32,1981.11,104931,0,26,104.36000061035156,104.55999755859376,104.01000213623048,104.37000274658205,104.37000274658205,0.0,0.0,0.0,2023-11-16,4497.080078125,4511.990234375,4487.830078125,4508.240234375,4508.240234375,3964520000.0,0.0,0.0,2023-11-16,73.5,2023-11-16,EFFR,5.33,5.3,5.32,5.33,5.5,99.0,5.25,5.5,,,,,,,,,,2023-11-16,,
2023-11-17,1980.41,1993.24,1978.49,1980.46,103201,0,26,104.4000015258789,104.5500030517578,103.80999755859376,103.81999969482422,103.81999969482422,0.0,0.0,0.0,2023-11-17,4509.5498046875,4520.1201171875,4499.66015625,4514.02001953125,4514.02001953125,3777240000.0,0.0,0.0,2023-11-17,76.47,2023-11-17,EFFR,5.33,5.3,5.32,5.33,5.5,98.0,5.25,5.5,,,,,,,,,,2023-11-17,,
2023-11-20,1977.99,1985.01,1965.28,1977.53,117004,0,26,103.81999969482422,103.97000122070312,103.37999725341795,103.47000122070312,103.47000122070312,0.0,0.0,0.0,2023-11-20,4511.7001953125,4557.10986328125,4510.35986328125,4547.3798828125,4547.3798828125,3644790000.0,0.0,0.0,2023-11-20,78.1,2023-11-20,EFFR,5.33,5.3,5.32,5.33,5.5,101.0,5.25,5.5,,,,,,,,,,2023-11-20,,
2023-11-21,1977.17,2007.41,1977.17,1998.2,137473,0,26,103.47000122070312,103.70999908447266,103.18000030517578,103.58999633789062,103.58999633789062,0.0,0.0,0.0,2023-11-21,4538.77001953125,4542.14013671875,4525.509765625,4538.18994140625,4538.18994140625,3511080000.0,0.0,0.0,2023-11-21,78.35,2023-11-21,EFFR,5.33,5.3,5.32,5.33,5.5,102.0,5.25,5.5,,,,,,,,,,2023-11-21,,
2023-11-22,1998.38,2006.3,1986.79,1989.72,120449,0,26,103.5500030517578,104.20999908447266,103.4800033569336,103.91999816894533,103.91999816894533,0.0,0.0,0.0,2023-11-22,4553.0400390625,4568.43017578125,4545.0498046875,4556.6201171875,4556.6201171875,3042810000.0,0.0,0.0,2023-11-22,76.8,2023-11-22,EFFR,5.33,5.3,5.32,5.33,5.5,102.0,5.25,5.5,,,,,,,,,,2023-11-22,,
2023-11-23,1988.56,1998.42,1988.56,1992.3,60853,0,26,,,,,,,,,,,,,,,,,,,,2023-11-23,,,,,,,,,,,,,,,,,,,,,
2023-11-24,1992.45,2003.44,1991.31,2001.65,76452,0,26,103.75,103.83999633789062,103.36000061035156,103.4000015258789,103.4000015258789,0.0,0.0,0.0,2023-11-24,4555.83984375,4560.31005859375,4552.7998046875,4559.33984375,4559.33984375,1639500000.0,0.0,0.0,2023-11-24,74.83,2023-11-24,EFFR,5.33,5.3,5.32,5.33,5.5,101.0,5.25,5.5,,,,,,,,,,2023-11-24,,
2023-11-27,2006.5,2017.91,2000.36,2014.05,121198,0,26,103.41999816894533,103.52999877929688,103.19000244140624,103.1999969482422,103.1999969482422,0.0,0.0,0.0,2023-11-27,4554.85986328125,4560.52001953125,4546.31982421875,4550.43017578125,4550.43017578125,3403990000.0,0.0,0.0,2023-11-27,74.46,2023-11-27,EFFR,5.33,5.3,5.32,5.33,5.5,97.0,5.25,5.5,,,,,,,,,,2023-11-27,,
2023-11-28,2013.67,2042.86,2011.51,2041.07,112814,0,26,103.12999725341795,103.31999969482422,102.61000061035156,102.75,102.75,0.0,0.0,0.0,2023-11-28,4545.5498046875,4568.14013671875,4540.509765625,4554.89013671875,4554.89013671875,3586240000.0,0.0,0.0,2023-11-28,76.09,2023-11-28,EFFR,5.33,5.3,5.32,5.33,5.5,97.0,5.25,5.5,,,,,,,,,,2023-11-28,,
2023-11-29,2040.76,2051.83,2035.23,2044.07,136736,0,26,102.6500015258789,103.01000213623048,102.47000122070312,102.7699966430664,102.7699966430664,0.0,0.0,0.0,2023-11-29,4571.83984375,4587.64013671875,4547.14990234375,4550.580078125,4550.580078125,4418760000.0,0.0,0.0,2023-11-29,77.56,2023-11-29,EFFR,5.33,5.3,5.32,5.33,5.5,96.0,5.25,5.5,,,,,,,,,,2023-11-29,,
2023-11-30,2044.74,2047.12,2031.24,2035.9,146795,0,26,102.83000183105467,103.58999633789062,102.72000122070312,103.5,103.5,0.0,0.0,0.0,2023-11-30,4554.8701171875,4569.89013671875,4537.240234375,4567.7998046875,4567.7998046875,5399300000.0,0.0,0.0,2023-11-30,75.66,2023-11-30,EFFR,5.33,5.3,5.32,5.34,5.5,91.0,5.25,5.5,,,,,,,,,,2023-11-30,,
2023-12-01,2036.48,2075.21,2033.8,2071.53,151934,0,26,103.36000061035156,103.72000122070312,103.12000274658205,103.2699966430664,103.2699966430664,0.0,0.0,0.0,2023-12-01,4559.43017578125,4599.39013671875,4554.7099609375,4594.6298828125,4594.6298828125,4397120000.0,0.0,0.0,2023-12-01,73.7,2023-12-01,EFFR,5.33,5.3,5.32,5.33,5.44,107.0,5.25,5.5,,,,,,,,,,2023-12-01,308.741,2023-12-01
2023-12-04,2072.82,2144.63,2019.9,2028.91,187534,0,26,103.19000244140624,103.8499984741211,103.05999755859376,103.63999938964844,103.63999938964844,0.0,0.0,0.0,2023-12-04,4564.3701171875,4572.3701171875,4546.72021484375,4569.77978515625,4569.77978515625,4369910000.0,0.0,0.0,2023-12-04,72.73,2023-12-04,EFFR,5.33,5.3,5.32,5.33,5.45,103.0,5.25,5.5,,,,,,,,,,2023-12-04,,
2023-12-05,2029.15,2041.06,2009.7,2019.18,139337,0,26,103.55999755859376,104.08999633789062,103.5500030517578,104.0500030517578,104.0500030517578,0.0,0.0,0.0,2023-12-05,4557.25,4578.56005859375,4551.68017578125,4567.18017578125,4567.18017578125,3909950000.0,0.0,0.0,2023-12-05,71.95,2023-12-05,EFFR,5.33,5.3,5.32,5.33,5.45,103.0,5.25,5.5,,,,,,,,,,2023-12-05,,
2023-12-06,2018.77,2035.72,2017.0,2025.2,118450,0,26,103.98999786376952,104.2300033569336,103.87000274658205,104.1500015258789,104.1500015258789,0.0,0.0,0.0,2023-12-06,4586.22998046875,4590.740234375,4546.5,4549.33984375,4549.33984375,4245680000.0,0.0,0.0,2023-12-06,68.98,2023-12-06,EFFR,5.33,5.3,5.32,5.33,5.45,103.0,5.25,5.5,,,,,,,,,,2023-12-06,,
2023-12-07,2025.56,2039.79,2020.09,2028.39,125141,0,26,104.11000061035156,104.1999969482422,103.2699966430664,103.54000091552734,103.54000091552734,0.0,0.0,0.0,2023-12-07,4568.83984375,4590.919921875,4565.22021484375,4585.58984375,4585.58984375,3818880000.0,0.0,0.0,2023-12-07,69.0,2023-12-07,EFFR,5.33,5.3,5.31,5.34,5.45,102.0,5.25,5.5,,,,,,,,,,2023-12-07,,
2023-12-08,2028.26,2033.93,1994.5,2004.2,143962,0,26,103.63999938964844,104.26000213623048,103.44000244140624,104.01000213623048,104.01000213623048,0.0,0.0,0.0,2023-12-08,4576.2001953125,4609.22998046875,4574.06005859375,4604.3701171875,4604.3701171875,3707010000.0,0.0,0.0,2023-12-08,70.87,2023-12-08,EFFR,5.33,5.3,5.32,5.33,5.45,101.0,5.25,5.5,,,,,,,,,,2023-12-08,,
2023-12-11,2002.69,2007.59,1975.68,1981.64,119565,0,26,103.9800033569336,104.26000213623048,103.93000030517578,104.0999984741211,104.0999984741211,0.0,0.0,0.0,2023-12-11,4593.39013671875,4623.7099609375,4593.39013671875,4622.43994140625,4622.43994140625,3823210000.0,0.0,0.0,2023-12-11,70.95,2023-12-11,EFFR,5.33,5.3,5.32,5.33,5.45,102.0,5.25,5.5,,,,,,,,,,2023-12-11,,
2023-12-12,1981.47,1996.62,1977.08,1979.27,110386,0,26,104.02999877929688,104.0999984741211,103.48999786376952,103.87000274658205,103.87000274658205,0.0,0.0,0.0,2023-12-12,4618.2998046875,4643.93017578125,4608.08984375,4643.7001953125,4643.7001953125,3808380000.0,0.0,0.0,2023-12-12,68.27,2023-12-12,EFFR,5.33,5.3,5.31,5.33,5.44,106.0,5.25,5.5,,,,,,,,,,2023-12-12,,
2023-12-13,1979.53,2027.65,1972.9,2027.17,117613,0,26,103.81999969482422,104.02999877929688,102.77999877929688,102.87000274658205,102.87000274658205,0.0,0.0,0.0,2023-12-13,4646.2001953125,4709.68994140625,4643.22998046875,4707.08984375,4707.08984375,5063650000.0,0.0,0.0,2023-12-13,69.09,2023-12-13,EFFR,5.33,5.3,5.31,5.33,5.45,106.0,5.25,5.5,,,,,,,,,,2023-12-13,,
2023-12-14,2027.68,2047.77,2023.72,2036.23,168941,0,26,102.77999877929688,102.8000030517578,101.7699966430664,101.95999908447266,101.95999908447266,0.0,0.0,0.0,2023-12-14,4721.0400390625,4738.56982421875,4694.33984375,4719.5498046875,4719.5498046875,6314040000.0,0.0,0.0,2023-12-14,71.21,2023-12-14,EFFR,5.33,5.3,5.31,5.33,5.35,108.0,5.25,5.5,,,,,,,,,,2023-12-14,,
2023-12-15,2035.86,2044.76,2015.49,2019.34,127680,0,26,102.0999984741211,102.63999938964844,101.83999633789062,102.5500030517578,102.5500030517578,0.0,0.0,0.0,2023-12-15,4714.22998046875,4725.52978515625,4704.68994140625,4719.18994140625,4719.18994140625,8218980000.0,0.0,0.0,2023-12-15,71.05,2023-12-15,EFFR,5.33,5.3,5.32,5.33,5.4,101.0,5.25,5.5,,,,,,,,,,2023-12-15,,
2023-12-18,2019.07,2033.56,2015.87,2027.05,90278,0,26,102.58999633789062,102.62999725341795,102.37999725341795,102.51000213623048,102.51000213623048,0.0,0.0,0.0,2023-12-18,4725.580078125,4749.52001953125,4725.580078125,4740.56005859375,4740.56005859375,4060340000.0,0.0,0.0,2023-12-18,72.16,2023-12-18,EFFR,5.33,5.3,5.32,5.33,5.45,95.0,5.25,5.5,,,,,,,,,,2023-12-18,,
2023-12-19,2027.05,2046.85,2021.59,2040.03,94948,0,26,102.47000122070312,102.62999725341795,102.06999969482422,102.16999816894533,102.16999816894533,0.0,0.0,0.0,2023-12-19,4743.72021484375,4768.68994140625,4743.72021484375,4768.3701171875,4768.3701171875,4026970000.0,0.0,0.0,2023-12-19,73.23,2023-12-19,EFFR,5.33,5.3,5.32,5.33,5.4,96.0,5.25,5.5,,,,,,,,,,2023-12-19,,
2023-12-20,2039.75,2043.36,2027.32,2031.18,93793,0,26,102.19000244140624,102.54000091552734,102.16000366210938,102.41000366210938,102.41000366210938,0.0,0.0,0.0,2023-12-20,4764.72998046875,4778.009765625,4697.81982421875,4698.35009765625,4698.35009765625,4201320000.0,0.0,0.0,2023-12-20,73.87,2023-12-20,EFFR,5.33,5.3,5.32,5.33,5.4,97.0,5.25,5.5,,,,,,,,,,2023-12-20,,
2023-12-21,2031.15,2045.89,2031.15,2045.62,98908,0,26,102.38999938964844,102.4499969482422,101.73999786376952,101.83999633789062,101.83999633789062,0.0,0.0,0.0,2023-12-21,4724.2900390625,4748.7099609375,4708.35009765625,4746.75,4746.75,3431180000.0,0.0,0.0,2023-12-21,73.59,2023-12-21,EFFR,5.33,5.3,5.32,5.33,5.45,101.0,5.25,5.5,,,,,,,,,,2023-12-21,,
2023-12-22,2045.34,2070.46,2045.34,2052.94,110354,0,26,101.76000213623048,101.9000015258789,101.43000030517578,101.6999969482422,101.6999969482422,0.0,0.0,0.0,2023-12-22,4753.919921875,4772.93994140625,4736.77001953125,4754.6298828125,4754.6298828125,3046770000.0,0.0,0.0,2023-12-22,73.29,2023-12-22,EFFR,5.33,5.3,5.32,5.33,5.4,90.0,5.25,5.5,,,,,,,,,,2023-12-22,,
2023-12-26,2052.96,2068.91,2052.34,2067.61,60219,0,26,101.6500015258789,101.7699966430664,101.4499969482422,101.47000122070312,101.47000122070312,0.0,0.0,0.0,2023-12-26,4758.85986328125,4784.72021484375,4758.4501953125,4774.75,4774.75,2513910000.0,0.0,0.0,2023-12-26,75.84,2023-12-26,EFFR,5.33,5.3,5.32,5.33,5.5,96.0,5.25,5.5,,,,,,,,,,2023-12-26,,
2023-12-27,2067.75,2084.33,2061.35,2077.47,79152,0,26,101.5500030517578,101.56999969482422,100.83000183105467,100.98999786376952,100.98999786376952,0.0,0.0,0.0,2023-12-27,4773.4501953125,4785.39013671875,4768.89990234375,4781.580078125,4781.580078125,2748450000.0,0.0,0.0,2023-12-27,74.31,2023-12-27,EFFR,5.33,5.3,5.32,5.33,5.5,88.0,5.25,5.5,,,,,,,,,,2023-12-27,,
2023-12-28,2077.25,2088.31,2064.5,2065.24,96180,0,26,100.87000274658205,101.3000030517578,100.62000274658205,101.2300033569336,101.2300033569336,0.0,0.0,0.0,2023-12-28,4786.43994140625,4793.2998046875,4780.97998046875,4783.35009765625,4783.35009765625,2698860000.0,0.0,0.0,2023-12-28,72.02,2023-12-28,EFFR,5.33,5.3,5.32,5.34,5.5,81.0,5.25,5.5,,,,,,,,,,2023-12-28,,
2023-12-29,2065.63,2074.64,2058.08,2062.71,93566,0,26,101.1999969482422,101.41999816894533,101.06999969482422,101.33000183105467,101.33000183105467,0.0,0.0,0.0,2023-12-29,4782.8798828125,4788.43017578125,4751.990234375,4769.830078125,4769.830078125,3126060000.0,0.0,0.0,2023-12-29,71.89,2023-12-29,EFFR,5.33,5.31,5.32,5.35,5.55,59.0,5.25,5.5,,,,,,,,,,2023-12-29,,
2024-01-02,2062.73,2078.82,2055.72,2058.86,108844,0,26,101.41999816894533,102.25,101.33999633789062,102.1999969482422,102.1999969482422,0.0,0.0,0.0,2024-01-02,4745.2001953125,4754.330078125,4722.669921875,4742.830078125,4742.830078125,3743050000.0,0.0,0.0,2024-01-02,70.62,2024-01-02,EFFR,5.33,5.3,5.32,5.34,5.5,83.0,5.25,5.5,,,,,,,,,,2024-01-02,,
2024-01-03,2058.43,2065.87,2030.53,2041.29,126180,0,26,102.1500015258789,102.7300033569336,102.08000183105467,102.45999908447266,102.45999908447266,0.0,0.0,0.0,2024-01-03,4725.06982421875,4729.2900390625,4699.7099609375,4704.81005859375,4704.81005859375,3950760000.0,0.0,0.0,2024-01-03,72.97,2024-01-03,EFFR,5.33,5.3,5.32,5.34,5.48,87.0,5.25,5.5,,,,,,,,,,2024-01-03,,
2024-01-04,2040.86,2050.8,2036.12,2043.21,100994,0,26,102.45999908447266,102.52999877929688,102.1500015258789,102.41999816894533,102.41999816894533,0.0,0.0,0.0,2024-01-04,4697.419921875,4726.77978515625,4687.52978515625,4688.68017578125,4688.68017578125,3715480000.0,0.0,0.0,2024-01-04,72.38,2024-01-04,EFFR,5.33,5.3,5.32,5.34,5.48,86.0,5.25,5.5,,,,,,,,,,2024-01-04,,
2024-01-05,2043.28,2063.89,2024.35,2045.41,129975,0,26,102.4000015258789,103.0999984741211,101.91000366210938,102.41000366210938,102.41000366210938,0.0,0.0,0.0,2024-01-05,4690.56982421875,4721.490234375,4682.10986328125,4697.240234375,4697.240234375,3844370000.0,0.0,0.0,2024-01-05,74.0,2024-01-05,EFFR,5.33,5.3,5.32,5.34,5.45,84.0,5.25,5.5,,,,,,,,,,2024-01-05,,
2024-01-08,2043.85,2046.45,2016.68,2027.86,111614,0,26,102.44000244140624,102.62000274658205,102.08000183105467,102.20999908447266,102.20999908447266,0.0,0.0,0.0,2024-01-08,4703.7001953125,4764.5400390625,4699.81982421875,4763.5400390625,4763.5400390625,3742320000.0,0.0,0.0,2024-01-08,71.06,2024-01-08,EFFR,5.33,5.3,5.32,5.34,5.45,86.0,5.25,5.5,,,,,,,,,,2024-01-08,,
2024-01-09,2027.47,2041.81,2025.9,2030.08,104950,0,26,102.22000122070312,102.66000366210938,102.11000061035156,102.56999969482422,102.56999969482422,0.0,0.0,0.0,2024-01-09,4741.93017578125,4765.47021484375,4730.35009765625,4756.5,4756.5,3529960000.0,0.0,0.0,2024-01-09,72.43,2024-01-09,EFFR,5.33,5.3,5.32,5.33,5.45,91.0,5.25,5.5,,,,,,,,,,2024-01-09,,
2024-01-10,2029.88,2040.1,2020.32,2024.21,108491,0,26,102.4800033569336,102.63999938964844,102.33999633789062,102.36000061035156,102.36000061035156,0.0,0.0,0.0,2024-01-10,4759.93994140625,4790.7998046875,4756.2001953125,4783.4501953125,4783.4501953125,3498680000.0,0.0,0.0,2024-01-10,71.57,2024-01-10,EFFR,5.33,5.3,5.32,5.33,5.45,91.0,5.25,5.5,,,,,,,,,,2024-01-10,,
2024-01-11,2023.81,2046.62,2013.18,2028.51,137888,0,26,102.3000030517578,102.76000213623048,102.16000366210938,102.29000091552734,102.29000091552734,0.0,0.0,0.0,2024-01-11,4792.1298828125,4798.5,4739.580078125,4780.240234375,4780.240234375,3759890000.0,0.0,0.0,2024-01-11,72.15,2024-01-11,EFFR,5.33,5.3,5.32,5.33,5.4,96.0,5.25,5.5,,,,,,,,,,2024-01-11,,
2024-01-12,2028.21,2062.08,2028.21,2048.86,139391,0,26,102.3000030517578,102.58999633789062,102.08999633789062,102.4000015258789,102.4000015258789,0.0,0.0,0.0,2024-01-12,4791.18017578125,4802.39990234375,4768.97998046875,4783.830078125,4783.830078125,3486340000.0,0.0,0.0,2024-01-12,72.94,2024-01-12,EFFR,5.33,5.3,5.32,5.33,5.4,93.0,5.25,5.5,,,,,,,,,,2024-01-12,,
2024-01-15,2047.4,2058.49,2045.69,2053.96,65260,0,26,,,,,,,,,,,,,,,,,,,,2024-01-15,,,,,,,,,,,,,,,,,,,,,
2024-01-16,2054.5,2055.41,2024.14,2028.13,138887,0,27,102.73999786376952,103.43000030517578,102.73999786376952,103.36000061035156,103.36000061035156,0.0,0.0,0.0,2024-01-16,4772.35009765625,4782.33984375,4747.1201171875,4765.97998046875,4765.97998046875,4260550000.0,0.0,0.0,2024-01-16,72.63,2024-01-16,EFFR,5.33,5.3,5.32,5.34,5.45,85.0,5.25,5.5,,,,,,,,,,2024-01-16,,
2024-01-17,2027.52,2032.84,2001.7,2006.07,129867,0,27,103.36000061035156,103.69000244140624,103.26000213623048,103.4499969482422,103.4499969482422,0.0,0.0,0.0,2024-01-17,4739.1298828125,4744.22998046875,4714.81982421875,4739.2099609375,4739.2099609375,3928600000.0,0.0,0.0,2024-01-17,72.79,2024-01-17,EFFR,5.33,5.3,5.32,5.33,5.4,88.0,5.25,5.5,,,,,,,,,,2024-01-17,,
2024-01-18,2004.94,2023.21,2004.94,2022.88,107778,0,27,103.37000274658205,103.62999725341795,103.1500015258789,103.54000091552734,103.54000091552734,0.0,0.0,0.0,2024-01-18,4760.10009765625,4785.7900390625,4740.56982421875,4780.93994140625,4780.93994140625,4019000000.0,0.0,0.0,2024-01-18,74.32,2024-01-18,EFFR,5.33,5.31,5.32,5.34,5.45,87.0,5.25,5.5,,,,,,,,,,2024-01-18,,
2024-01-19,2023.3,2039.22,2020.22,2029.37,98756,0,27,103.37000274658205,103.5500030517578,103.23999786376952,103.29000091552734,103.29000091552734,0.0,0.0,0.0,2024-01-19,4796.27978515625,4842.06982421875,4785.8701171875,4839.81005859375,4839.81005859375,4287200000.0,0.0,0.0,2024-01-19,73.69,2024-01-19,EFFR,5.33,5.31,5.32,5.33,5.45,94.0,5.25,5.5,,,,,,,,,,2024-01-19,,
2024-01-22,2028.68,2032.01,2016.33,2021.55,102586,0,27,103.23999786376952,103.37000274658205,103.11000061035156,103.33000183105467,103.33000183105467,0.0,0.0,0.0,2024-01-22,4853.419921875,4868.41015625,4844.0498046875,4850.43017578125,4850.43017578125,4297610000.0,0.0,0.0,2024-01-22,75.26,2024-01-22,EFFR,5.33,5.31,5.32,5.33,5.45,92.0,5.25,5.5,,,,,,,,,,2024-01-22,,
2024-01-23,2021.59,2037.73,2019.45,2029.09,106519,0,27,103.3499984741211,103.81999969482422,102.9800033569336,103.62000274658205,103.62000274658205,0.0,0.0,0.0,2024-01-23,4856.7998046875,4866.47998046875,4844.3701171875,4864.60009765625,4864.60009765625,3912800000.0,0.0,0.0,2024-01-23,74.72,2024-01-23,EFFR,5.33,5.31,5.31,5.33,5.45,97.0,5.25,5.5,,,,,,,,,,2024-01-23,,
2024-01-24,2028.61,2036.5,2011.05,2013.45,116500,0,27,103.51000213623048,103.5500030517578,102.7699966430664,103.23999786376952,103.23999786376952,0.0,0.0,0.0,2024-01-24,4888.56005859375,4903.68017578125,4865.93994140625,4868.5498046875,4868.5498046875,4330030000.0,0.0,0.0,2024-01-24,75.48,2024-01-24,EFFR,5.33,5.3,5.32,5.33,5.45,96.0,5.25,5.5,,,,,,,,,,2024-01-24,,
2024-01-25,2014.15,2025.23,2009.03,2020.67,118697,0,27,103.3499984741211,103.68000030517578,103.12000274658205,103.56999969482422,103.56999969482422,0.0,0.0,0.0,2024-01-25,4886.66015625,4898.14990234375,4869.33984375,4894.16015625,4894.16015625,4020430000.0,0.0,0.0,2024-01-25,77.91,2024-01-25,EFFR,5.33,5.3,5.31,5.33,5.45,101.0,5.25,5.5,,,,,,,,,,2024-01-25,,
2024-01-26,2019.83,2026.63,2015.84,2018.32,84240,0,27,103.5199966430664,103.7300033569336,103.1500015258789,103.47000122070312,103.47000122070312,0.0,0.0,0.0,2024-01-26,4888.91015625,4906.68994140625,4881.47021484375,4890.97021484375,4890.97021484375,3353400000.0,0.0,0.0,2024-01-26,78.45,2024-01-26,EFFR,5.33,5.3,5.31,5.33,5.45,100.0,5.25,5.5,,,,,,,,,,2024-01-26,,
2024-01-29,2023.6,2037.43,2019.18,2032.68,84176,0,27,103.47000122070312,103.81999969482422,103.4000015258789,103.61000061035156,103.61000061035156,0.0,0.0,0.0,2024-01-29,4892.9501953125,4929.31005859375,4887.39990234375,4927.93017578125,4927.93017578125,3525160000.0,0.0,0.0,2024-01-29,77.25,2024-01-29,EFFR,5.33,5.31,5.32,5.33,5.45,92.0,5.25,5.5,,,,,,,,,,2024-01-29,,
2024-01-30,2032.83,2048.48,2028.95,2036.77,95040,0,27,103.44000244140624,103.61000061035156,103.30999755859376,103.4000015258789,103.4000015258789,0.0,0.0,0.0,2024-01-30,4925.89013671875,4931.08984375,4916.27001953125,4924.97021484375,4924.97021484375,3836130000.0,0.0,0.0,2024-01-30,78.3,2024-01-30,EFFR,5.33,5.31,5.32,5.33,5.5,92.0,5.25,5.5,,,,,,,,,,2024-01-30,,
2024-01-31,2036.87,2055.89,2030.7,2039.03,129956,0,27,103.41999816894533,103.73999786376952,102.94000244140624,103.2699966430664,103.2699966430664,0.0,0.0,0.0,2024-01-31,4899.18994140625,4906.75,4845.14990234375,4845.64990234375,4845.64990234375,4696120000.0,0.0,0.0,2024-01-31,76.28,2024-01-31,EFFR,5.33,5.3,5.32,5.34,5.5,75.0,5.25,5.5,,,,,,,,,,2024-01-31,,
2024-02-01,2039.36,2065.28,2029.91,2054.78,138211,0,27,103.51000213623048,103.80999755859376,103.0199966430664,103.0500030517578,103.0500030517578,0.0,0.0,0.0,2024-02-01,4861.10986328125,4906.97021484375,4853.52001953125,4906.18994140625,4906.18994140625,4386090000.0,0.0,0.0,2024-02-01,74.36,2024-02-01,EFFR,5.33,5.31,5.32,5.34,5.5,81.0,5.25,5.5,,,,,,,,,,2024-02-01,310.967,2024-02-01
2024-02-02,2054.48,2057.54,2027.75,2039.48,113759,0,27,102.98999786376952,104.04000091552734,102.9000015258789,103.91999816894533,103.91999816894533,0.0,0.0,0.0,2024-02-02,4916.06005859375,4975.2900390625,4907.990234375,4958.60986328125,4958.60986328125,3974350000.0,0.0,0.0,2024-02-02,72.72,2024-02-02,EFFR,5.33,5.31,5.32,5.33,5.5,91.0,5.25,5.5,,,,,,,,,,2024-02-02,,
2024-02-05,2039.51,2042.02,2014.77,2024.9,113754,0,27,103.98999786376952,104.5999984741211,103.98999786376952,104.4499969482422,104.4499969482422,0.0,0.0,0.0,2024-02-05,4957.18994140625,4957.18994140625,4918.08984375,4942.81005859375,4942.81005859375,4023640000.0,0.0,0.0,2024-02-05,73.21,2024-02-05,EFFR,5.33,5.31,5.32,5.33,5.5,96.0,5.25,5.5,,,,,,,,,,2024-02-05,,
2024-02-06,2024.85,2038.77,2022.75,2035.73,98057,0,27,104.44000244140624,104.58999633789062,104.13999938964844,104.18000030517578,104.18000030517578,0.0,0.0,0.0,2024-02-06,4950.16015625,4957.77001953125,4934.8798828125,4954.22998046875,4954.22998046875,4440880000.0,0.0,0.0,2024-02-06,73.83,2024-02-06,EFFR,5.33,5.31,5.32,5.33,5.45,97.0,5.25,5.5,,,,,,,,,,2024-02-06,,
2024-02-07,2035.62,2044.4,2030.46,2034.97,87680,0,27,104.1500015258789,104.16999816894533,103.94000244140624,104.04000091552734,104.04000091552734,0.0,0.0,0.0,2024-02-07,4973.0498046875,4999.89013671875,4969.0498046875,4995.06005859375,4995.06005859375,4895590000.0,0.0,0.0,2024-02-07,74.26,2024-02-07,EFFR,5.33,5.31,5.32,5.33,5.45,96.0,5.25,5.5,,,,,,,,,,2024-02-07,,
2024-02-08,2034.98,2038.56,2020.03,2034.16,93635,0,27,104.02999877929688,104.43000030517578,103.95999908447266,104.1500015258789,104.1500015258789,0.0,0.0,0.0,2024-02-08,4995.16015625,5000.39990234375,4987.08984375,4997.91015625,4997.91015625,4341860000.0,0.0,0.0,2024-02-08,76.67,2024-02-08,EFFR,5.33,5.31,5.31,5.33,5.4,96.0,5.25,5.5,,,,,,,,,,2024-02-08,,
2024-02-09,2034.38,2037.04,2020.17,2024.1,80265,0,27,104.13999938964844,104.26000213623048,103.9499969482422,104.08000183105467,104.08000183105467,0.0,0.0,0.0,2024-02-09,5004.169921875,5030.06005859375,5000.33984375,5026.60986328125,5026.60986328125,3912990000.0,0.0,0.0,2024-02-09,77.26,2024-02-09,EFFR,5.33,5.31,5.32,5.33,5.35,96.0,5.25,5.5,,,,,,,,,,2024-02-09,,
2024-02-12,2023.06,2027.46,2011.77,2019.83,72204,0,27,104.08000183105467,104.27999877929688,103.9000015258789,104.16999816894533,104.16999816894533,0.0,0.0,0.0,2024-02-12,5026.830078125,5048.39013671875,5016.830078125,5021.83984375,5021.83984375,3805740000.0,0.0,0.0,2024-02-12,77.34,2024-02-12,EFFR,5.33,5.31,5.32,5.33,5.35,93.0,5.25,5.5,,,,,,,,,,2024-02-12,,
2024-02-13,2019.78,2032.83,1990.02,1992.85,91031,0,27,104.18000030517578,104.95999908447266,103.97000122070312,104.95999908447266,104.95999908447266,0.0,0.0,0.0,2024-02-13,4967.93994140625,4971.2998046875,4920.31005859375,4953.169921875,4953.169921875,4302190000.0,0.0,0.0,2024-02-13,78.28,2024-02-13,EFFR,5.33,5.31,5.32,5.33,5.4,98.0,5.25,5.5,,,,,,,,,,2024-02-13,,
2024-02-14,1993.12,1996.04,1984.08,1992.04,83119,0,27,104.83999633789062,104.9800033569336,104.66000366210938,104.72000122070312,104.72000122070312,0.0,0.0,0.0,2024-02-14,4976.43994140625,5002.52001953125,4956.4501953125,5000.6201171875,5000.6201171875,3845600000.0,0.0,0.0,2024-02-14,77.09,2024-02-14,EFFR,5.33,5.31,5.31,5.33,5.4,107.0,5.25,5.5,,,,,,,,,,2024-02-14,,
2024-02-15,1991.76,2008.23,1990.15,2004.24,83612,0,27,104.66000366210938,104.70999908447266,104.18000030517578,104.3000030517578,104.3000030517578,0.0,0.0,0.0,2024-02-15,5003.14013671875,5032.72021484375,4999.43994140625,5029.72998046875,5029.72998046875,4137970000.0,0.0,0.0,2024-02-15,78.47,2024-02-15,EFFR,5.33,5.31,5.31,5.33,5.42,112.0,5.25,5.5,,,,,,,,,,2024-02-15,,
2024-02-16,2004.07,2015.02,1994.95,2013.29,84089,0,27,104.3000030517578,104.66999816894533,104.16999816894533,104.27999877929688,104.27999877929688,0.0,0.0,0.0,2024-02-16,5031.1298828125,5038.7001953125,4999.52001953125,5005.56982421875,5005.56982421875,3833270000.0,0.0,0.0,2024-02-16,79.65,2024-02-16,EFFR,5.33,5.31,5.31,5.33,5.4,110.0,5.25,5.5,,,,,,,,,,2024-02-16,,
2024-02-19,2013.96,2022.84,2010.88,2017.97,45545,0,27,,,,,,,,,,,,,,,,,,,,2024-02-19,,,,,,,,,,,,,,,,,,,,,
2024-02-20,2017.92,2030.82,2014.86,2024.07,74882,0,27,104.31999969482422,104.41000366210938,103.8000030517578,104.08000183105467,104.08000183105467,0.0,0.0,0.0,2024-02-20,4989.31982421875,4993.7099609375,4955.02001953125,4975.509765625,4975.509765625,4034880000.0,0.0,0.0,2024-02-20,78.72,2024-02-20,EFFR,5.33,5.31,5.31,5.33,5.45,104.0,5.25,5.5,,,,,,,,,,2024-02-20,,
2024-02-21,2024.0,2032.11,2019.92,2025.83,74776,0,27,104.04000091552734,104.20999908447266,103.94000244140624,104.01000213623048,104.01000213623048,0.0,0.0,0.0,2024-02-21,4963.02978515625,4983.2099609375,4946.0,4981.7998046875,4981.7998046875,3788390000.0,0.0,0.0,2024-02-21,78.89,2024-02-21,EFFR,5.33,5.31,5.31,5.33,5.45,101.0,5.25,5.5,,,,,,,,,,2024-02-21,,
2024-02-22,2026.08,2034.79,2019.47,2024.24,78433,0,27,103.91000366210938,104.12999725341795,103.43000030517578,103.95999908447266,103.95999908447266,0.0,0.0,0.0,2024-02-22,5038.830078125,5094.39013671875,5038.830078125,5087.02978515625,5087.02978515625,4051710000.0,0.0,0.0,2024-02-22,79.64,2024-02-22,EFFR,5.33,5.31,5.32,5.33,5.4,103.0,5.25,5.5,,,,,,,,,,2024-02-22,,
2024-02-23,2023.73,2041.22,2015.95,2035.3,75020,0,27,103.9499969482422,104.0500030517578,103.7699966430664,103.94000244140624,103.94000244140624,0.0,0.0,0.0,2024-02-23,5100.919921875,5111.06005859375,5081.4599609375,5088.7998046875,5088.7998046875,3672790000.0,0.0,0.0,2024-02-23,77.6,2024-02-23,EFFR,5.33,5.31,5.31,5.33,5.4,103.0,5.25,5.5,,,,,,,,,,2024-02-23,,
2024-02-26,2033.45,2036.85,2024.96,2030.95,79224,0,27,103.95999908447266,104.0199966430664,103.70999908447266,103.83000183105467,103.83000183105467,0.0,0.0,0.0,2024-02-26,5093.0,5097.66015625,5068.91015625,5069.52978515625,5069.52978515625,3683930000.0,0.0,0.0,2024-02-26,78.53,2024-02-26,EFFR,5.33,5.31,5.32,5.33,5.47,98.0,5.25,5.5,,,,,,,,,,2024-02-26,,
2024-02-27,2030.89,2039.33,2028.67,2030.12,77120,0,27,103.77999877929688,103.91999816894533,103.61000061035156,103.83000183105467,103.83000183105467,0.0,0.0,0.0,2024-02-27,5074.60009765625,5080.68994140625,5057.2900390625,5078.18017578125,5078.18017578125,3925950000.0,0.0,0.0,2024-02-27,79.8,2024-02-27,EFFR,5.33,5.31,5.32,5.33,5.47,96.0,5.25,5.5,,,,,,,,,,2024-02-27,,
2024-02-28,2030.39,2037.82,2024.34,2034.3,76730,0,27,103.83999633789062,104.23999786376952,103.80999755859376,103.9800033569336,103.9800033569336,0.0,0.0,0.0,2024-02-28,5067.2001953125,5077.3701171875,5058.35009765625,5069.759765625,5069.759765625,3789370000.0,0.0,0.0,2024-02-28,79.44,2024-02-28,EFFR,5.33,5.31,5.32,5.33,5.45,96.0,5.25,5.5,,,,,,,,,,2024-02-28,,
2024-02-29,2033.81,2050.57,2027.95,2043.95,97023,0,27,103.91999816894533,104.1999969482422,103.66000366210938,104.16000366210938,104.16000366210938,0.0,0.0,0.0,2024-02-29,5085.35986328125,5104.990234375,5061.89013671875,5096.27001953125,5096.27001953125,5219740000.0,0.0,0.0,2024-02-29,79.22,2024-02-29,EFFR,5.33,5.3,5.32,5.33,5.47,96.0,5.25,5.5,,,,,,,,,,2024-02-29,,
2024-03-01,2043.37,2088.16,2038.93,2082.85,124043,0,27,104.12999725341795,104.29000091552734,103.83999633789062,103.86000061035156,103.86000061035156,0.0,0.0,0.0,2024-03-01,5098.509765625,5140.330078125,5094.16015625,5137.080078125,5137.080078125,4748110000.0,0.0,0.0,2024-03-01,80.9,2024-03-01,EFFR,5.33,5.31,5.32,5.34,5.47,84.0,5.25,5.5,,,,,,,,,,2024-03-01,312.345,2024-03-01
2024-03-04,2082.37,2119.78,2079.34,2114.2,116923,0,27,103.88999938964844,103.95999908447266,103.7300033569336,103.83000183105467,103.83000183105467,0.0,0.0,0.0,2024-03-04,5130.990234375,5149.669921875,5127.18017578125,5130.9501953125,5130.9501953125,4758440000.0,0.0,0.0,2024-03-04,79.67,2024-03-04,EFFR,5.33,5.31,5.32,5.34,5.4,91.0,5.25,5.5,,,,,,,,,,2024-03-04,,
2024-03-05,2114.11,2141.62,2110.33,2127.71,140310,0,27,103.8499984741211,103.9499969482422,103.58000183105467,103.8000030517578,103.8000030517578,0.0,0.0,0.0,2024-03-05,5110.52001953125,5114.5400390625,5056.81982421875,5078.64990234375,5078.64990234375,4418410000.0,0.0,0.0,2024-03-05,79.11,2024-03-05,EFFR,5.33,5.31,5.32,5.33,5.4,101.0,5.25,5.5,,,,,,,,,,2024-03-05,,
2024-03-06,2127.82,2152.08,2123.49,2148.01,141406,0,27,103.80999755859376,103.88999938964844,103.1999969482422,103.37000274658205,103.37000274658205,0.0,0.0,0.0,2024-03-06,5108.02978515625,5127.97021484375,5092.22021484375,5104.759765625,5104.759765625,4559050000.0,0.0,0.0,2024-03-06,80.08,2024-03-06,EFFR,5.33,5.31,5.32,5.34,5.47,99.0,5.25,5.5,,,,,,,,,,2024-03-06,,
2024-03-07,2148.12,2164.63,2144.09,2159.78,141331,0,27,103.30999755859376,103.3499984741211,102.8000030517578,102.81999969482422,102.81999969482422,0.0,0.0,0.0,2024-03-07,5132.3798828125,5165.6201171875,5128.2099609375,5157.35986328125,5157.35986328125,4137980000.0,0.0,0.0,2024-03-07,79.81,2024-03-07,EFFR,5.33,5.31,5.32,5.34,5.35,98.0,5.25,5.5,,,,,,,,,,2024-03-07,,
2024-03-08,2159.2,2195.01,2153.89,2178.45,153442,0,27,102.7300033569336,102.9000015258789,102.36000061035156,102.73999786376952,102.73999786376952,0.0,0.0,0.0,2024-03-08,5164.4599609375,5189.259765625,5117.5,5123.68994140625,5123.68994140625,4208870000.0,0.0,0.0,2024-03-08,78.96,2024-03-08,EFFR,5.33,5.31,5.32,5.34,5.45,85.0,5.25,5.5,,,,,,,,,,2024-03-08,,
2024-03-11,2179.22,2188.86,2174.7,2182.65,123776,0,27,102.73999786376952,102.93000030517578,102.63999938964844,102.87000274658205,102.87000274658205,0.0,0.0,0.0,2024-03-11,5111.9599609375,5124.66015625,5091.14013671875,5117.93994140625,5117.93994140625,3896430000.0,0.0,0.0,2024-03-11,78.87,2024-03-11,EFFR,5.33,5.31,5.32,5.34,5.47,85.0,5.25,5.5,,,,,,,,,,2024-03-11,,
2024-03-12,2182.5,2184.66,2150.48,2158.17,144208,0,27,102.81999969482422,103.18000030517578,102.72000122070312,102.95999908447266,102.95999908447266,0.0,0.0,0.0,2024-03-12,5134.2998046875,5179.8701171875,5114.47998046875,5175.27001953125,5175.27001953125,4080510000.0,0.0,0.0,2024-03-12,78.51,2024-03-12,EFFR,5.33,5.31,5.32,5.34,5.47,86.0,5.25,5.5,,,,,,,,,,2024-03-12,,
2024-03-13,2158.24,2179.73,2155.67,2174.13,119173,0,27,102.93000030517578,103.0199966430664,102.66999816894533,102.79000091552734,102.79000091552734,0.0,0.0,0.0,2024-03-13,5173.490234375,5179.14013671875,5151.8798828125,5165.31005859375,5165.31005859375,4282890000.0,0.0,0.0,2024-03-13,80.67,2024-03-13,EFFR,5.33,5.31,5.32,5.34,5.45,89.0,5.25,5.5,,,,,,,,,,2024-03-13,,
2024-03-14,2173.85,2176.86,2152.63,2162.04,122027,0,27,102.76000213623048,103.4000015258789,102.73999786376952,103.36000061035156,103.36000061035156,0.0,0.0,0.0,2024-03-14,5175.14013671875,5176.85009765625,5123.2998046875,5150.47998046875,5150.47998046875,4687970000.0,0.0,0.0,2024-03-14,82.16,2024-03-14,EFFR,5.33,5.31,5.32,5.34,5.45,95.0,5.25,5.5,,,,,,,,,,2024-03-14,,
2024-03-15,2162.07,2172.59,2155.05,2155.94,113329,0,27,103.38999938964844,103.48999786376952,103.3000030517578,103.43000030517578,103.43000030517578,0.0,0.0,0.0,2024-03-15,5123.31005859375,5136.85986328125,5104.35009765625,5117.08984375,5117.08984375,7753670000.0,0.0,0.0,2024-03-15,81.94,2024-03-15,EFFR,5.33,5.31,5.32,5.34,5.45,90.0,5.25,5.5,,,,,,,,,,2024-03-15,,
2024-03-18,2155.06,2163.44,2145.99,2160.18,108150,0,27,103.4499969482422,103.6500015258789,103.33999633789062,103.58000183105467,103.58000183105467,0.0,0.0,0.0,2024-03-18,5154.77001953125,5175.60009765625,5145.47021484375,5149.419921875,5149.419921875,4036220000.0,0.0,0.0,2024-03-18,83.68,2024-03-18,EFFR,5.33,5.31,5.32,5.34,5.45,91.0,5.25,5.5,,,,,,,,,,2024-03-18,,
2024-03-19,2160.21,2162.72,2147.01,2157.46,116418,0,27,103.58999633789062,104.05999755859376,103.58000183105467,103.80999755859376,103.80999755859376,0.0,0.0,0.0,2024-03-19,5139.08984375,5180.31005859375,5131.58984375,5178.509765625,5178.509765625,4031760000.0,0.0,0.0,2024-03-19,84.39,2024-03-19,EFFR,5.33,5.31,5.32,5.34,5.45,89.0,5.25,5.5,,,,,,,,,,2024-03-19,,
2024-03-20,2157.74,2188.71,2149.49,2186.08,126486,0,27,103.83999633789062,104.1500015258789,103.37999725341795,103.41000366210938,103.41000366210938,0.0,0.0,0.0,2024-03-20,5181.68994140625,5226.18994140625,5171.5498046875,5224.6201171875,5224.6201171875,4064850000.0,0.0,0.0,2024-03-20,82.79,2024-03-20,EFFR,5.33,5.31,5.32,5.34,5.45,91.0,5.25,5.5,,,,,,,,,,2024-03-20,,
2024-03-21,2186.21,2222.61,2166.23,2181.11,171068,0,27,103.23999786376952,104.0500030517578,103.16999816894533,104.0,104.0,0.0,0.0,0.0,2024-03-21,5253.43017578125,5261.10009765625,5240.66015625,5241.52978515625,5241.52978515625,4207730000.0,0.0,0.0,2024-03-21,81.99,2024-03-21,EFFR,5.33,5.31,5.32,5.34,5.45,93.0,5.25,5.5,,,,,,,,,,2024-03-21,,
2024-03-22,2181.37,2185.96,2157.0,2165.04,138004,0,27,103.98999786376952,104.5,103.91999816894533,104.43000030517578,104.43000030517578,0.0,0.0,0.0,2024-03-22,5242.47998046875,5246.08984375,5229.8701171875,5234.18017578125,5234.18017578125,3374700000.0,0.0,0.0,2024-03-22,81.1,2024-03-22,EFFR,5.33,5.31,5.32,5.34,5.45,91.0,5.25,5.5,,,,,,,,,,2024-03-22,,
2024-03-25,2165.34,2181.17,2163.34,2171.51,118225,0,27,104.43000030517578,104.4800033569336,104.13999938964844,104.2300033569336,104.2300033569336,0.0,0.0,0.0,2024-03-25,5219.52001953125,5229.08984375,5216.08984375,5218.18994140625,5218.18994140625,3331360000.0,0.0,0.0,2024-03-25,82.41,2024-03-25,EFFR,5.33,5.31,5.32,5.34,5.46,85.0,5.25,5.5,,,,,,,,,,2024-03-25,,
2024-03-26,2171.47,2199.93,2167.43,2178.52,117940,0,27,104.22000122070312,104.33999633789062,104.01000213623048,104.29000091552734,104.29000091552734,0.0,0.0,0.0,2024-03-26,5228.85009765625,5235.16015625,5203.419921875,5203.580078125,5203.580078125,3871790000.0,0.0,0.0,2024-03-26,82.41,2024-03-26,EFFR,5.33,5.31,5.32,5.34,5.45,85.0,5.25,5.5,,,,,,,,,,2024-03-26,,
2024-03-27,2177.25,2197.48,2173.16,2194.66,110115,0,27,104.3000030517578,104.45999908447266,104.22000122070312,104.3499984741211,104.3499984741211,0.0,0.0,0.0,2024-03-27,5226.31005859375,5249.259765625,5213.919921875,5248.490234375,5248.490234375,3850500000.0,0.0,0.0,2024-03-27,82.15,2024-03-27,EFFR,5.33,5.3,5.32,5.34,5.45,82.0,5.25,5.5,,,,,,,,,,2024-03-27,,
2024-03-28,2193.26,2236.08,2187.23,2232.67,143717,0,27,104.44000244140624,104.7300033569336,104.30999755859376,104.5500030517578,104.5500030517578,0.0,0.0,0.0,2024-03-28,5248.02978515625,5264.85009765625,5245.81982421875,5254.35009765625,5254.35009765625,3998270000.0,0.0,0.0,2024-03-28,83.96,2024-03-28,EFFR,5.33,5.3,5.33,5.35,5.5,53.0,5.25,5.5,,,,,,,,,,2024-03-28,,
2024-04-01,2240.47,2265.53,2228.38,2251.17,149210,0,27,104.48999786376952,105.08000183105467,104.41999816894533,105.0199966430664,105.0199966430664,0.0,0.0,0.0,2024-04-01,5257.97021484375,5263.9501953125,5229.2001953125,5243.77001953125,5243.77001953125,3325930000.0,0.0,0.0,2024-04-01,84.54,2024-04-01,EFFR,5.33,5.31,5.32,5.34,5.45,93.0,5.25,5.5,,,,,,,,,,2024-04-01,313.023,2024-04-01
2024-04-02,2250.89,2280.95,2246.55,2280.3,166292,0,27,105.0,105.0999984741211,104.68000030517578,104.81999969482422,104.81999969482422,0.0,0.0,0.0,2024-04-02,5204.2900390625,5208.33984375,5184.0498046875,5205.81005859375,5205.81005859375,3886590000.0,0.0,0.0,2024-04-02,85.95,2024-04-02,EFFR,5.33,5.31,5.32,5.34,5.35,94.0,5.25,5.5,,,,,,,,,,2024-04-02,,
2024-04-03,2279.56,2300.98,2265.28,2299.52,164901,0,27,104.7699966430664,104.83999633789062,104.2300033569336,104.25,104.25,0.0,0.0,0.0,2024-04-03,5194.3701171875,5228.75,5194.3701171875,5211.490234375,5211.490234375,3703250000.0,0.0,0.0,2024-04-03,86.22,2024-04-03,EFFR,5.33,5.31,5.32,5.34,5.35,93.0,5.25,5.5,,,,,,,,,,2024-04-03,,
2024-04-04,2298.79,2305.44,2279.56,2290.73,147894,0,27,104.2300033569336,104.26000213623048,103.91999816894533,104.12000274658205,104.12000274658205,0.0,0.0,0.0,2024-04-04,5244.0498046875,5256.58984375,5146.06005859375,5147.2099609375,5147.2099609375,4075680000.0,0.0,0.0,2024-04-04,87.37,2024-04-04,EFFR,5.33,5.31,5.32,5.34,5.35,93.0,5.25,5.5,,,,,,,,,,2024-04-04,,
2024-04-05,2290.67,2330.31,2267.62,2329.23,182605,0,27,104.20999908447266,104.69000244140624,104.13999938964844,104.3000030517578,104.3000030517578,0.0,0.0,0.0,2024-04-05,5158.9501953125,5222.18017578125,5157.2099609375,5204.33984375,5204.33984375,3386780000.0,0.0,0.0,2024-04-05,87.69,2024-04-05,EFFR,5.33,5.31,5.32,5.34,5.35,88.0,5.25,5.5,,,,,,,,,,2024-04-05,,
2024-04-08,2323.32,2353.82,2302.79,2338.7,212295,0,27,104.29000091552734,104.44000244140624,104.0999984741211,104.13999938964844,104.13999938964844,0.0,0.0,0.0,2024-04-08,5211.3701171875,5219.56982421875,5197.35009765625,5202.39013671875,5202.39013671875,3278180000.0,0.0,0.0,2024-04-08,87.24,2024-04-08,EFFR,5.33,5.31,5.33,5.34,5.45,82.0,5.25,5.5,,,,,,,,,,2024-04-08,,
2024-04-09,2338.57,2365.18,2336.62,2352.06,187445,0,27,104.12000274658205,104.1999969482422,103.87999725341795,104.1500015258789,104.1500015258789,0.0,0.0,0.0,2024-04-09,5217.02978515625,5224.81005859375,5160.77978515625,5209.91015625,5209.91015625,3400680000.0,0.0,0.0,2024-04-09,86.04,2024-04-09,EFFR,5.33,5.31,5.33,5.34,5.35,85.0,5.25,5.5,,,,,,,,,,2024-04-09,,
2024-04-10,2352.04,2359.94,2319.25,2333.42,194651,0,27,104.0999984741211,105.3000030517578,104.0199966430664,105.25,105.25,0.0,0.0,0.0,2024-04-10,5167.8798828125,5178.43017578125,5138.7001953125,5160.64013671875,5160.64013671875,3845930000.0,0.0,0.0,2024-04-10,86.98,2024-04-10,EFFR,5.33,5.31,5.33,5.34,5.35,86.0,5.25,5.5,,,,,,,,,,2024-04-10,,
2024-04-11,2332.88,2377.61,2325.66,2372.27,182845,0,27,105.18000030517578,105.52999877929688,105.02999877929688,105.27999877929688,105.27999877929688,0.0,0.0,0.0,2024-04-11,5172.9501953125,5211.77978515625,5138.77001953125,5199.06005859375,5199.06005859375,3509380000.0,0.0,0.0,2024-04-11,85.79,2024-04-11,EFFR,5.33,5.31,5.32,5.34,5.35,92.0,5.25,5.5,,,,,,,,,,2024-04-11,,
2024-04-12,2371.51,2431.39,2333.76,2343.72,243835,0,27,105.27999877929688,106.11000061035156,105.23999786376952,106.04000091552734,106.04000091552734,0.0,0.0,0.0,2024-04-12,5171.509765625,5175.02978515625,5107.93994140625,5123.41015625,5123.41015625,3963220000.0,0.0,0.0,2024-04-12,86.46,2024-04-12,EFFR,5.33,5.31,5.32,5.34,5.35,88.0,5.25,5.5,,,,,,,,,,2024-04-12,,
2024-04-15,2354.45,2387.47,2324.13,2382.95,223874,0,27,106.01000213623048,106.25,105.83999633789062,106.20999908447266,106.20999908447266,0.0,0.0,0.0,2024-04-15,5149.669921875,5168.43017578125,5052.47021484375,5061.81982421875,5061.81982421875,3950210000.0,0.0,0.0,2024-04-15,86.21,2024-04-15,EFFR,5.33,5.31,5.33,5.34,5.46,83.0,5.25,5.5,,,,,,,,,,2024-04-15,,
2024-04-16,2382.32,2398.23,2362.9,2382.48,225876,0,27,106.16999816894533,106.5199966430664,106.06999969482422,106.26000213623048,106.26000213623048,0.0,0.0,0.0,2024-04-16,5064.58984375,5079.83984375,5039.830078125,5051.41015625,5051.41015625,4006200000.0,0.0,0.0,2024-04-16,86.15,2024-04-16,EFFR,5.33,5.31,5.32,5.34,5.46,83.0,5.25,5.5,,,,,,,,,,2024-04-16,,
2024-04-17,2380.86,2395.5,2354.34,2361.0,189714,0,27,106.33000183105467,106.44000244140624,105.87000274658205,105.9499969482422,105.9499969482422,0.0,0.0,0.0,2024-04-17,5068.97021484375,5077.9599609375,5007.25,5022.2099609375,5022.2099609375,3596130000.0,0.0,0.0,2024-04-17,83.58,2024-04-17,EFFR,5.33,5.31,5.32,5.34,5.45,80.0,5.25,5.5,,,,,,,,,,2024-04-17,,
2024-04-18,2361.75,2392.7,2361.16,2378.6,189954,0,27,105.93000030517578,106.18000030517578,105.73999786376952,106.1500015258789,106.1500015258789,0.0,0.0,0.0,2024-04-18,5031.52001953125,5056.66015625,5001.89013671875,5011.1201171875,5011.1201171875,3619760000.0,0.0,0.0,2024-04-18,83.5,2024-04-18,EFFR,5.33,5.31,5.32,5.34,5.46,82.0,5.25,5.5,,,,,,,,,,2024-04-18,,
2024-04-19,2378.35,2417.69,2372.69,2391.12,215262,0,27,106.19000244140624,106.3499984741211,105.8499984741211,106.1500015258789,106.1500015258789,0.0,0.0,0.0,2024-04-19,5005.43994140625,5019.02001953125,4953.56005859375,4967.22998046875,4967.22998046875,3878750000.0,0.0,0.0,2024-04-19,83.79,2024-04-19,EFFR,5.33,5.31,5.32,5.34,5.45,85.0,5.25,5.5,,,,,,,,,,2024-04-19,,
2024-04-22,2388.13,2388.27,2324.63,2327.0,179850,0,27,106.12000274658205,106.4000015258789,105.9800033569336,106.08000183105467,106.08000183105467,0.0,0.0,0.0,2024-04-22,4987.330078125,5038.83984375,4969.39990234375,5010.60009765625,5010.60009765625,3820250000.0,0.0,0.0,2024-04-22,83.82,2024-04-22,EFFR,5.33,5.31,5.32,5.34,5.46,79.0,5.25,5.5,,,,,,,,,,2024-04-22,,
2024-04-23,2327.51,2334.34,2291.21,2321.98,202881,0,27,106.12000274658205,106.23999786376952,105.61000061035156,105.69000244140624,105.69000244140624,0.0,0.0,0.0,2024-04-23,5028.85009765625,5076.1201171875,5027.9599609375,5070.5498046875,5070.5498046875,3751400000.0,0.0,0.0,2024-04-23,84.17,2024-04-23,EFFR,5.33,5.31,5.32,5.34,5.5,74.0,5.25,5.5,,,,,,,,,,2024-04-23,,
2024-04-24,2322.02,2337.18,2311.63,2315.82,158042,0,27,105.69000244140624,105.9499969482422,105.58999633789062,105.86000061035156,105.86000061035156,0.0,0.0,0.0,2024-04-24,5084.85986328125,5089.47998046875,5047.02001953125,5071.6298828125,5071.6298828125,3656740000.0,0.0,0.0,2024-04-24,84.09,2024-04-24,EFFR,5.33,5.31,5.33,5.34,5.55,71.0,5.25,5.5,,,,,,,,,,2024-04-24,,
2024-04-25,2315.48,2344.73,2304.89,2332.26,169027,0,27,105.81999969482422,106.0,105.51000213623048,105.5999984741211,105.5999984741211,0.0,0.0,0.0,2024-04-25,5019.8798828125,5057.75,4990.580078125,5048.419921875,5048.419921875,3958050000.0,0.0,0.0,2024-04-25,84.92,2024-04-25,EFFR,5.33,5.31,5.32,5.34,5.5,89.0,5.25,5.5,,,,,,,,,,2024-04-25,,
2024-04-26,2331.84,2352.4,2326.09,2337.52,150189,0,27,105.58000183105467,106.19000244140624,105.41000366210938,105.94000244140624,105.94000244140624,0.0,0.0,0.0,2024-04-26,5084.64990234375,5114.6201171875,5073.14013671875,5099.9599609375,5099.9599609375,3604140000.0,0.0,0.0,2024-04-26,85.38,2024-04-26,EFFR,5.33,5.31,5.32,5.34,5.5,94.0,5.25,5.5,,,,,,,,,,2024-04-26,,
2024-04-29,2336.12,2346.62,2319.6,2335.31,173751,0,27,106.08000183105467,106.08000183105467,105.45999908447266,105.58000183105467,105.58000183105467,0.0,0.0,0.0,2024-04-29,5114.1298828125,5123.490234375,5088.64990234375,5116.169921875,5116.169921875,3447450000.0,0.0,0.0,2024-04-29,84.26,2024-04-29,EFFR,5.33,5.31,5.32,5.34,5.5,78.0,5.25,5.5,,,,,,,,,,2024-04-29,,
2024-04-30,2334.95,2336.15,2284.95,2285.97,170419,0,27,105.66999816894533,106.3499984741211,105.66999816894533,106.22000122070312,106.22000122070312,0.0,0.0,0.0,2024-04-30,5103.77978515625,5110.830078125,5035.31005859375,5035.68994140625,5035.68994140625,4082470000.0,0.0,0.0,2024-04-30,83.49,2024-04-30,EFFR,5.33,5.3,5.32,5.34,5.5,82.0,5.25,5.5,,,,,,,,,,2024-04-30,,
2024-05-01,2286.03,2328.18,2281.52,2319.17,171679,0,30,106.31999969482422,106.48999786376952,105.44000244140624,105.76000213623048,105.76000213623048,0.0,0.0,0.0,2024-05-01,5029.02978515625,5096.1201171875,5013.4501953125,5018.39013671875,5018.39013671875,4544170000.0,0.0,0.0,2024-05-01,80.7,2024-05-01,EFFR,5.33,5.31,5.32,5.34,5.5,83.0,5.25,5.5,,,,,,,,,,2024-05-01,313.175,2024-05-01
2024-05-02,2320.18,2326.32,2285.38,2303.41,170308,0,30,105.7300033569336,105.9000015258789,105.3000030517578,105.3000030517578,105.3000030517578,0.0,0.0,0.0,2024-05-02,5049.31982421875,5073.2099609375,5011.0498046875,5064.2001953125,5064.2001953125,4381660000.0,0.0,0.0,2024-05-02,80.59,2024-05-02,EFFR,5.33,5.31,5.32,5.34,5.5,83.0,5.25,5.5,,,,,,,,,,2024-05-02,,
2024-05-03,2303.78,2320.52,2277.17,2301.6,144829,0,30,105.30999755859376,105.37000274658205,104.5199966430664,105.02999877929688,105.02999877929688,0.0,0.0,0.0,2024-05-03,5122.77978515625,5139.1201171875,5101.22021484375,5127.7900390625,5127.7900390625,3924990000.0,0.0,0.0,2024-05-03,79.65,2024-05-03,EFFR,5.33,5.31,5.32,5.34,5.5,82.0,5.25,5.5,,,,,,,,,,2024-05-03,,
2024-05-06,2303.12,2331.98,2291.65,2323.77,135035,0,30,105.08000183105467,105.1999969482422,104.87000274658205,105.0500030517578,105.0500030517578,0.0,0.0,0.0,2024-05-06,5142.419921875,5181.0,5142.419921875,5180.740234375,5180.740234375,3683250000.0,0.0,0.0,2024-05-06,80.1,2024-05-06,EFFR,5.33,5.31,5.32,5.34,5.5,75.0,5.25,5.5,,,,,,,,,,2024-05-06,,
2024-05-07,2323.51,2329.84,2309.85,2313.86,116992,0,30,105.13999938964844,105.4499969482422,105.02999877929688,105.41000366210938,105.41000366210938,0.0,0.0,0.0,2024-05-07,5187.2001953125,5200.22998046875,5178.9599609375,5187.7001953125,5187.7001953125,3987890000.0,0.0,0.0,2024-05-07,79.97,2024-05-07,EFFR,5.33,5.31,5.32,5.34,5.5,78.0,5.25,5.5,,,,,,,,,,2024-05-07,,
2024-05-08,2314.04,2321.26,2303.52,2308.69,119394,0,30,105.41999816894533,105.63999938964844,105.38999938964844,105.5500030517578,105.5500030517578,0.0,0.0,0.0,2024-05-08,5168.97998046875,5191.9501953125,5165.85986328125,5187.669921875,5187.669921875,3842100000.0,0.0,0.0,2024-05-08,80.57,2024-05-08,EFFR,5.33,5.31,5.32,5.34,5.5,77.0,5.25,5.5,,,,,,,,,,2024-05-08,,
2024-05-09,2308.51,2347.12,2306.53,2345.85,128385,0,30,105.5199966430664,105.73999786376952,105.20999908447266,105.2300033569336,105.2300033569336,0.0,0.0,0.0,2024-05-09,5189.02978515625,5215.2998046875,5180.41015625,5214.080078125,5214.080078125,3727370000.0,0.0,0.0,2024-05-09,80.86,2024-05-09,EFFR,5.33,5.31,5.32,5.34,5.5,79.0,5.25,5.5,,,,,,,,,,2024-05-09,,
2024-05-10,2345.68,2378.22,2345.04,2360.32,137837,0,30,105.20999908447266,105.4000015258789,105.13999938964844,105.30999755859376,105.30999755859376,0.0,0.0,0.0,2024-05-10,5225.490234375,5239.66015625,5209.68017578125,5222.68017578125,5222.68017578125,3617900000.0,0.0,0.0,2024-05-10,79.81,2024-05-10,EFFR,5.33,5.31,5.32,5.34,5.5,79.0,5.25,5.5,,,,,,,,,,2024-05-10,,
2024-05-13,2362.25,2364.39,2331.96,2336.19,126254,0,30,105.30999755859376,105.37000274658205,105.05999755859376,105.22000122070312,105.22000122070312,0.0,0.0,0.0,2024-05-13,5233.080078125,5237.259765625,5211.16015625,5221.419921875,5221.419921875,4255710000.0,0.0,0.0,2024-05-13,80.71,2024-05-13,EFFR,5.33,5.31,5.33,5.34,5.5,76.0,5.25,5.5,,,,,,,,,,2024-05-13,,
2024-05-14,2335.49,2359.57,2334.7,2357.8,125548,0,30,105.1999969482422,105.45999908447266,104.95999908447266,105.01000213623048,105.01000213623048,0.0,0.0,0.0,2024-05-14,5221.10009765625,5250.3701171875,5217.97998046875,5246.68017578125,5246.68017578125,4763580000.0,0.0,0.0,2024-05-14,79.62,2024-05-14,EFFR,5.33,5.31,5.33,5.34,5.5,76.0,5.25,5.5,,,,,,,,,,2024-05-14,,
2024-05-15,2357.28,2390.11,2351.73,2385.73,150906,0,27,105.0500030517578,105.05999755859376,104.29000091552734,104.3499984741211,104.3499984741211,0.0,0.0,0.0,2024-05-15,5263.259765625,5311.759765625,5263.259765625,5308.14990234375,5308.14990234375,4360810000.0,0.0,0.0,2024-05-15,80.23,2024-05-15,EFFR,5.33,5.31,5.33,5.34,5.5,78.0,5.25,5.5,,,,,,,,,,2024-05-15,,
2024-05-16,2385.49,2397.19,2370.83,2376.54,137193,0,27,104.20999908447266,104.62999725341795,104.08000183105467,104.45999908447266,104.45999908447266,0.0,0.0,0.0,2024-05-16,5310.06982421875,5325.490234375,5296.18994140625,5297.10009765625,5297.10009765625,3817470000.0,0.0,0.0,2024-05-16,80.85,2024-05-16,EFFR,5.33,5.31,5.32,5.34,5.5,78.0,5.25,5.5,,,,,,,,,,2024-05-16,,
2024-05-17,2377.31,2422.55,2373.8,2413.75,129263,0,27,104.5,104.8000030517578,104.38999938964844,104.4499969482422,104.4499969482422,0.0,0.0,0.0,2024-05-17,5303.10009765625,5305.4501953125,5283.58984375,5303.27001953125,5303.27001953125,3578120000.0,0.0,0.0,2024-05-17,81.66,2024-05-17,EFFR,5.33,5.31,5.32,5.34,5.5,77.0,5.25,5.5,,,,,,,,,,2024-05-17,,
2024-05-20,2417.95,2449.93,2407.24,2425.99,186889,0,27,104.5,104.6500015258789,104.38999938964844,104.56999969482422,104.56999969482422,0.0,0.0,0.0,2024-05-20,5305.35009765625,5325.31982421875,5302.39990234375,5308.1298828125,5308.1298828125,3420100000.0,0.0,0.0,2024-05-20,81.39,2024-05-20,EFFR,5.33,5.31,5.32,5.34,5.5,75.0,5.25,5.5,,,,,,,,,,2024-05-20,,
2024-05-21,2426.88,2433.84,2405.96,2420.67,171079,0,28,104.5999984741211,104.7699966430664,104.4800033569336,104.66000366210938,104.66000366210938,0.0,0.0,0.0,2024-05-21,5298.68994140625,5324.31982421875,5297.8701171875,5321.41015625,5321.41015625,3662240000.0,0.0,0.0,2024-05-21,80.66,2024-05-21,EFFR,5.33,5.31,5.33,5.34,5.5,76.0,5.25,5.5,,,,,,,,,,2024-05-21,,
2024-05-22,2420.92,2426.44,2374.8,2378.46,169456,0,28,104.62000274658205,104.97000122070312,104.55999755859376,104.94000244140624,104.94000244140624,0.0,0.0,0.0,2024-05-22,5319.27978515625,5323.18017578125,5286.009765625,5307.009765625,5307.009765625,3847130000.0,0.0,0.0,2024-05-22,79.15,2024-05-22,EFFR,5.33,5.31,5.33,5.34,5.5,80.0,5.25,5.5,,,,,,,,,,2024-05-22,,
2024-05-23,2377.83,2383.64,2326.84,2328.46,182258,0,31,104.9000015258789,105.11000061035156,104.62999725341795,105.11000061035156,105.11000061035156,0.0,0.0,0.0,2024-05-23,5340.259765625,5341.8798828125,5256.93017578125,5267.83984375,5267.83984375,3869520000.0,0.0,0.0,2024-05-23,77.47,2024-05-23,EFFR,5.33,5.31,5.32,5.34,5.5,82.0,5.25,5.5,,,,,,,,,,2024-05-23,,
2024-05-24,2328.63,2347.29,2325.27,2333.56,125316,0,31,105.04000091552734,105.12000274658205,104.63999938964844,104.72000122070312,104.72000122070312,0.0,0.0,0.0,2024-05-24,5281.4501953125,5311.64990234375,5278.39013671875,5304.72021484375,5304.72021484375,3005510000.0,0.0,0.0,2024-05-24,78.48,2024-05-24,EFFR,5.33,5.31,5.32,5.34,5.5,90.0,5.25,5.5,,,,,,,,,,2024-05-24,,
2024-05-27,2336.56,2358.34,2331.99,2352.26,96185,0,31,,,,,,,,,,,,,,,,,,,,2024-05-27,,,,,,,,,,,,,,,,,,,,,
2024-05-28,2351.12,2363.88,2340.14,2361.02,145164,0,31,104.58000183105467,104.63999938964844,104.33999633789062,104.61000061035156,104.61000061035156,0.0,0.0,0.0,2024-05-28,5315.91015625,5315.91015625,5280.89013671875,5306.0400390625,5306.0400390625,3751540000.0,0.0,0.0,2024-05-28,80.9,2024-05-28,EFFR,5.33,5.31,5.32,5.34,5.5,88.0,5.25,5.5,,,,,,,,,,2024-05-28,,
2024-05-29,2360.11,2362.2,2334.29,2337.91,134869,0,31,104.63999938964844,105.13999938964844,104.58999633789062,105.0999984741211,105.0999984741211,0.0,0.0,0.0,2024-05-29,5278.72998046875,5282.27001953125,5262.7001953125,5266.9501953125,5266.9501953125,3552750000.0,0.0,0.0,2024-05-29,80.24,2024-05-29,EFFR,5.33,5.31,5.32,5.34,5.5,88.0,5.25,5.5,,,,,,,,,,2024-05-29,,
2024-05-30,2337.9,2351.67,2322.51,2342.83,164408,0,31,105.12999725341795,105.18000030517578,104.62999725341795,104.72000122070312,104.72000122070312,0.0,0.0,0.0,2024-05-30,5259.77001953125,5260.2099609375,5222.10009765625,5235.47998046875,5235.47998046875,3818750000.0,0.0,0.0,2024-05-30,78.96,2024-05-30,EFFR,5.33,5.31,5.32,5.34,5.46,96.0,5.25,5.5,,,,,,,,,,2024-05-30,,
2024-05-31,2344.68,2359.62,2320.44,2326.98,172612,0,31,104.76000213623048,104.9000015258789,104.36000061035156,104.66999816894533,104.66999816894533,0.0,0.0,0.0,2024-05-31,5243.2099609375,5280.330078125,5191.68017578125,5277.509765625,5277.509765625,5437160000.0,0.0,0.0,2024-05-31,77.97,2024-05-31,EFFR,5.33,5.3,5.32,5.34,5.47,99.0,5.25,5.5,,,,,,,,,,2024-05-31,,
2024-06-03,2328.17,2354.64,2314.63,2350.54,162260,0,31,104.62999725341795,104.7699966430664,104.05999755859376,104.13999938964844,104.13999938964844,0.0,0.0,0.0,2024-06-03,5297.14990234375,5302.10986328125,5234.31982421875,5283.39990234375,5283.39990234375,4046920000.0,0.0,0.0,2024-06-03,75.26,2024-06-03,EFFR,5.33,5.31,5.32,5.34,5.46,93.0,5.25,5.5,,,,,,,,,,2024-06-03,,
2024-06-04,2351.36,2352.7,2315.52,2326.71,168274,0,31,104.0500030517578,104.33000183105467,103.98999786376952,104.11000061035156,104.11000061035156,0.0,0.0,0.0,2024-06-04,5278.240234375,5298.7998046875,5257.6298828125,5291.33984375,5291.33984375,3707900000.0,0.0,0.0,2024-06-04,74.27,2024-06-04,EFFR,5.33,5.31,5.32,5.34,5.46,100.0,5.25,5.5,,,,,,,,,,2024-06-04,,
2024-06-05,2326.88,2357.28,2325.76,2355.05,146997,0,30,104.16999816894533,104.45999908447266,104.12999725341795,104.2699966430664,104.2699966430664,0.0,0.0,0.0,2024-06-05,5314.47998046875,5354.16015625,5297.64013671875,5354.02978515625,5354.02978515625,3591460000.0,0.0,0.0,2024-06-05,75.08,2024-06-05,EFFR,5.33,5.31,5.32,5.34,5.46,105.0,5.25,5.5,,,,,,,,,,2024-06-05,,
2024-06-06,2357.02,2378.38,2353.29,2375.56,157592,0,30,104.25,104.37000274658205,104.0500030517578,104.0999984741211,104.0999984741211,0.0,0.0,0.0,2024-06-06,5357.7998046875,5362.35009765625,5335.35986328125,5352.9599609375,5352.9599609375,3609990000.0,0.0,0.0,2024-06-06,76.52,2024-06-06,EFFR,5.33,5.31,5.32,5.34,5.45,105.0,5.25,5.5,,,,,,,,,,2024-06-06,,
2024-06-07,2375.4,2387.59,2286.6,2293.64,202819,0,30,104.08999633789062,104.9499969482422,104.0,104.88999938964844,104.88999938964844,0.0,0.0,0.0,2024-06-07,5343.81005859375,5375.080078125,5331.330078125,5346.990234375,5346.990234375,3692760000.0,0.0,0.0,2024-06-07,76.53,2024-06-07,EFFR,5.33,5.31,5.32,5.34,5.45,100.0,5.25,5.5,,,,,,,,,,2024-06-07,,
2024-06-10,2293.83,2313.73,2287.63,2310.76,127328,0,30,105.04000091552734,105.38999938964844,105.04000091552734,105.1500015258789,105.1500015258789,0.0,0.0,0.0,2024-06-10,5341.22021484375,5365.7900390625,5331.52001953125,5360.7900390625,5360.7900390625,3622280000.0,0.0,0.0,2024-06-10,78.75,2024-06-10,EFFR,5.33,5.31,5.32,5.34,5.45,93.0,5.25,5.5,,,,,,,,,,2024-06-10,,
2024-06-11,2312.27,2319.85,2297.57,2316.72,144334,0,30,105.1500015258789,105.45999908447266,105.0999984741211,105.2300033569336,105.2300033569336,0.0,0.0,0.0,2024-06-11,5353.0,5375.9501953125,5327.25,5375.31982421875,5375.31982421875,3568030000.0,0.0,0.0,2024-06-11,78.88,2024-06-11,EFFR,5.33,5.31,5.32,5.34,5.45,95.0,5.25,5.5,,,,,,,,,,2024-06-11,,
2024-06-12,2316.63,2341.57,2310.55,2324.72,169894,0,30,105.27999877929688,105.31999969482422,104.26000213623048,104.6500015258789,104.6500015258789,0.0,0.0,0.0,2024-06-12,5409.1298828125,5447.25,5409.1298828125,5421.02978515625,5421.02978515625,3962840000.0,0.0,0.0,2024-06-12,79.56,2024-06-12,EFFR,5.33,5.31,5.32,5.34,5.45,93.0,5.25,5.5,,,,,,,,,,2024-06-12,,
2024-06-13,2324.72,2326.53,2295.4,2303.79,166170,0,30,104.69000244140624,105.27999877929688,104.63999938964844,105.1999969482422,105.1999969482422,0.0,0.0,0.0,2024-06-13,5441.93017578125,5441.93017578125,5402.509765625,5433.740234375,5433.740234375,3530380000.0,0.0,0.0,2024-06-13,79.61,2024-06-13,EFFR,5.33,5.31,5.32,5.34,5.35,99.0,5.25,5.5,,,,,,,,,,2024-06-13,,
2024-06-14,2303.22,2336.48,2301.41,2332.57,167848,0,30,105.2300033569336,105.80999755859376,105.18000030517578,105.5500030517578,105.5500030517578,0.0,0.0,0.0,2024-06-14,5424.080078125,5432.39013671875,5403.75,5431.60009765625,5431.60009765625,3438650000.0,0.0,0.0,2024-06-14,79.41,2024-06-14,EFFR,5.33,5.31,5.32,5.34,5.45,87.0,5.25,5.5,,,,,,,,,,2024-06-14,,
2024-06-17,2331.63,2332.46,2309.86,2318.99,139261,0,30,105.51000213623048,105.6500015258789,105.30999755859376,105.31999969482422,105.31999969482422,0.0,0.0,0.0,2024-06-17,5431.10986328125,5488.5,5420.39990234375,5473.22998046875,5473.22998046875,3447840000.0,0.0,0.0,2024-06-17,81.33,2024-06-17,EFFR,5.33,5.31,5.32,5.34,5.45,83.0,5.25,5.5,,,,,,,,,,2024-06-17,,
2024-06-18,2319.05,2332.99,2306.45,2329.2,146910,0,30,105.3000030517578,105.55999755859376,105.12999725341795,105.26000213623048,105.26000213623048,0.0,0.0,0.0,2024-06-18,5476.14990234375,5490.3798828125,5471.31982421875,5487.02978515625,5487.02978515625,3544330000.0,0.0,0.0,2024-06-18,82.67,2024-06-18,EFFR,5.33,5.31,5.32,5.34,5.45,85.0,5.25,5.5,,,,,,,,,,2024-06-18,,
2024-06-19,2329.34,2334.87,2323.57,2328.31,86270,0,29,,,,,,,,,,,,,,,,,,,,2024-06-19,,,,,,,,,,,,,,,,,,,,,
2024-06-20,2328.3,2365.33,2327.63,2359.87,155418,0,29,105.1999969482422,105.66999816894533,105.1999969482422,105.58999633789062,105.58999633789062,0.0,0.0,0.0,2024-06-20,5499.990234375,5505.52978515625,5455.56005859375,5473.169921875,5473.169921875,3847060000.0,0.0,0.0,2024-06-20,83.34,2024-06-20,EFFR,5.33,5.31,5.32,5.34,5.46,83.0,5.25,5.5,,,,,,,,,,2024-06-20,,
2024-06-21,2360.47,2368.63,2316.58,2321.17,145287,0,29,105.63999938964844,105.91999816894533,105.54000091552734,105.8000030517578,105.8000030517578,0.0,0.0,0.0,2024-06-21,5466.77001953125,5478.31005859375,5452.02978515625,5464.6201171875,5464.6201171875,6773800000.0,0.0,0.0,2024-06-21,81.71,2024-06-21,EFFR,5.33,5.31,5.32,5.34,5.5,78.0,5.25,5.5,,,,,,,,,,2024-06-21,,
2024-06-24,2321.27,2334.61,2317.52,2334.08,116097,0,29,105.83000183105467,105.9000015258789,105.37000274658205,105.47000122070312,105.47000122070312,0.0,0.0,0.0,2024-06-24,5459.580078125,5490.66015625,5447.58984375,5447.8701171875,5447.8701171875,3696750000.0,0.0,0.0,2024-06-24,82.63,2024-06-24,EFFR,5.33,5.31,5.32,5.34,5.46,76.0,5.25,5.5,,,,,,,,,,2024-06-24,,
2024-06-25,2333.63,2337.01,2315.34,2319.36,115287,0,29,105.51000213623048,105.77999877929688,105.37000274658205,105.61000061035156,105.61000061035156,0.0,0.0,0.0,2024-06-25,5460.72998046875,5472.8798828125,5446.56005859375,5469.2998046875,5469.2998046875,3591960000.0,0.0,0.0,2024-06-25,81.97,2024-06-25,EFFR,5.33,5.31,5.32,5.34,5.45,85.0,5.25,5.5,,,,,,,,,,2024-06-25,,
2024-06-26,2319.15,2323.68,2293.48,2298.02,149078,0,29,105.66000366210938,106.12999725341795,105.61000061035156,106.0500030517578,106.0500030517578,0.0,0.0,0.0,2024-06-26,5460.7099609375,5483.14013671875,5451.8701171875,5477.89990234375,5477.89990234375,3563920000.0,0.0,0.0,2024-06-26,82.19,2024-06-26,EFFR,5.33,5.31,5.32,5.34,5.45,82.0,5.25,5.5,,,,,,,,,,2024-06-26,,
2024-06-27,2297.92,2330.77,2296.4,2327.45,135353,0,31,106.06999969482422,106.08000183105467,105.70999908447266,105.91000366210938,105.91000366210938,0.0,0.0,0.0,2024-06-27,5473.58984375,5490.81005859375,5467.5400390625,5482.8701171875,5482.8701171875,3589530000.0,0.0,0.0,2024-06-27,83.04,2024-06-27,EFFR,5.33,5.31,5.32,5.34,5.45,83.0,5.25,5.5,,,,,,,,,,2024-06-27,,
2024-06-28,2327.52,2339.56,2318.87,2326.37,140527,0,31,105.91999816894533,106.12999725341795,105.75,105.87000274658205,105.87000274658205,0.0,0.0,0.0,2024-06-28,5488.47998046875,5523.64013671875,5451.1201171875,5460.47998046875,5460.47998046875,7199220000.0,0.0,0.0,2024-06-28,82.83,2024-06-28,EFFR,5.33,5.31,5.32,5.34,5.55,67.0,5.25,5.5,,,,,,,,,,2024-06-28,,
2024-07-01,2326.21,2338.37,2318.34,2331.58,134100,0,31,105.8499984741211,105.9800033569336,105.43000030517578,105.9000015258789,105.9000015258789,0.0,0.0,0.0,2024-07-01,5471.080078125,5479.5498046875,5446.52978515625,5475.08984375,5475.08984375,3488760000.0,0.0,0.0,2024-07-01,84.7,2024-07-01,EFFR,5.33,5.31,5.32,5.34,5.45,85.0,5.25,5.5,,,,,,,,,,2024-07-01,313.569,2024-07-01
2024-07-02,2331.04,2336.7,2318.96,2329.18,115999,0,31,105.8499984741211,106.0500030517578,105.68000030517578,105.72000122070312,105.72000122070312,0.0,0.0,0.0,2024-07-02,5461.83984375,5509.68994140625,5458.43017578125,5509.009765625,5509.009765625,3329950000.0,0.0,0.0,2024-07-02,84.09,2024-07-02,EFFR,5.33,5.31,5.32,5.34,5.45,85.0,5.25,5.5,,,,,,,,,,2024-07-02,,
2024-07-03,2329.27,2364.8,2326.74,2355.82,128489,0,31,105.66999816894533,105.8000030517578,105.0500030517578,105.4000015258789,105.4000015258789,0.0,0.0,0.0,2024-07-03,5507.43994140625,5539.27001953125,5507.419921875,5537.02001953125,5537.02001953125,2179470000.0,0.0,0.0,2024-07-03,85.19,2024-07-03,EFFR,5.33,5.31,5.32,5.34,5.45,88.0,5.25,5.5,,,,,,,,,,2024-07-03,,
2024-07-04,2356.79,2362.42,2350.4,2356.32,62260,0,32,,,,,,,,,,,,,,,,,,,,2024-07-04,,,,,,,,,,,,,,,,,,,,,
2024-07-05,2356.38,2392.83,2351.45,2391.18,139862,0,32,105.16999816894533,105.16999816894533,104.83000183105467,104.87999725341795,104.87999725341795,0.0,0.0,0.0,2024-07-05,5537.91015625,5570.330078125,5531.6298828125,5567.18994140625,5567.18994140625,3253080000.0,0.0,0.0,2024-07-05,84.44,2024-07-05,EFFR,5.33,5.31,5.32,5.34,5.45,89.0,5.25,5.5,,,,,,,,,,2024-07-05,,
2024-07-08,2386.56,2390.99,2350.93,2359.01,135507,0,32,104.87999725341795,105.02999877929688,104.8000030517578,105.01000213623048,105.01000213623048,0.0,0.0,0.0,2024-07-08,5572.75,5583.10986328125,5562.509765625,5572.85009765625,5572.85009765625,3185670000.0,0.0,0.0,2024-07-08,83.63,2024-07-08,EFFR,5.33,5.31,5.32,5.34,5.45,80.0,5.25,5.5,,,,,,,,,,2024-07-08,,
2024-07-09,2358.76,2371.45,2349.27,2363.56,144754,0,32,104.98999786376952,105.20999908447266,104.95999908447266,105.12000274658205,105.12000274658205,0.0,0.0,0.0,2024-07-09,5584.240234375,5590.75,5574.56982421875,5576.97998046875,5576.97998046875,3232920000.0,0.0,0.0,2024-07-09,82.78,2024-07-09,EFFR,5.33,5.31,5.32,5.34,5.45,84.0,5.25,5.5,,,,,,,,,,2024-07-09,,
2024-07-10,2363.16,2386.52,2363.0,2371.12,120948,0,31,105.12000274658205,105.16999816894533,104.9800033569336,105.0500030517578,105.0500030517578,0.0,0.0,0.0,2024-07-10,5591.259765625,5635.39013671875,5586.43994140625,5633.91015625,5633.91015625,3336100000.0,0.0,0.0,2024-07-10,83.39,2024-07-10,EFFR,5.33,5.31,5.32,5.34,5.45,88.0,5.25,5.5,,,,,,,,,,2024-07-10,,
2024-07-11,2370.49,2424.39,2370.37,2415.2,169370,0,31,104.98999786376952,105.0,104.08000183105467,104.44000244140624,104.44000244140624,0.0,0.0,0.0,2024-07-11,5635.2099609375,5642.4501953125,5576.52978515625,5584.5400390625,5584.5400390625,4020950000.0,0.0,0.0,2024-07-11,83.92,2024-07-11,EFFR,5.33,5.31,5.32,5.34,5.45,90.0,5.25,5.5,,,,,,,,,,2024-07-11,,
2024-07-12,2415.48,2418.12,2391.27,2411.22,170113,0,31,104.5199966430664,104.5500030517578,104.04000091552734,104.08999633789062,104.08999633789062,0.0,0.0,0.0,2024-07-12,5590.759765625,5655.56005859375,5590.43994140625,5615.35009765625,5615.35009765625,3700280000.0,0.0,0.0,2024-07-12,83.49,2024-07-12,EFFR,5.33,5.31,5.32,5.34,5.45,88.0,5.25,5.5,,,,,,,,,,2024-07-12,,
2024-07-15,2411.82,2439.56,2401.21,2422.07,167133,0,31,104.08000183105467,104.31999969482422,104.02999877929688,104.19000244140624,104.19000244140624,0.0,0.0,0.0,2024-07-15,5638.16015625,5666.93994140625,5614.75,5631.22021484375,5631.22021484375,3620470000.0,0.0,0.0,2024-07-15,83.22,2024-07-15,EFFR,5.33,5.31,5.32,5.34,5.45,88.0,5.25,5.5,,,,,,,,,,2024-07-15,,
2024-07-16,2422.34,2469.55,2419.82,2468.57,167991,0,31,104.25,104.51000213623048,104.1999969482422,104.2699966430664,104.2699966430664,0.0,0.0,0.0,2024-07-16,5644.08984375,5669.669921875,5639.02001953125,5667.2001953125,5667.2001953125,4041760000.0,0.0,0.0,2024-07-16,81.92,2024-07-16,EFFR,5.33,5.31,5.32,5.34,5.45,85.0,5.25,5.5,,,,,,,,,,2024-07-16,,
2024-07-17,2467.72,2483.53,2451.38,2458.46,192259,0,29,104.22000122070312,104.29000091552734,103.6500015258789,103.75,103.75,0.0,0.0,0.0,2024-07-17,5610.06982421875,5622.490234375,5584.81005859375,5588.27001953125,5588.27001953125,4246450000.0,0.0,0.0,2024-07-17,84.16,2024-07-17,EFFR,5.33,5.31,5.33,5.34,5.45,80.0,5.25,5.5,,,,,,,,,,2024-07-17,,
2024-07-18,2458.15,2474.8,2440.21,2445.02,179300,0,29,103.6999969482422,104.2300033569336,103.6500015258789,104.16999816894533,104.16999816894533,0.0,0.0,0.0,2024-07-18,5608.56005859375,5614.0498046875,5522.81005859375,5544.58984375,5544.58984375,4007510000.0,0.0,0.0,2024-07-18,84.17,2024-07-18,EFFR,5.33,5.31,5.32,5.34,5.35,83.0,5.25,5.5,,,,,,,,,,2024-07-18,,
2024-07-19,2445.47,2445.57,2393.7,2400.19,190087,0,29,104.16000366210938,104.41999816894533,104.12999725341795,104.4000015258789,104.4000015258789,0.0,0.0,0.0,2024-07-19,5543.3701171875,5557.5,5497.0400390625,5505.0,5505.0,3760570000.0,0.0,0.0,2024-07-19,81.43,2024-07-19,EFFR,5.33,5.31,5.32,5.34,5.45,79.0,5.25,5.5,,,,,,,,,,2024-07-19,,
2024-07-22,2401.63,2412.05,2383.79,2396.25,164625,0,29,104.37000274658205,104.41999816894533,104.18000030517578,104.30999755859376,104.30999755859376,0.0,0.0,0.0,2024-07-22,5544.5400390625,5570.35986328125,5529.0400390625,5564.41015625,5564.41015625,3375180000.0,0.0,0.0,2024-07-22,81.25,2024-07-22,EFFR,5.33,5.31,5.32,5.34,5.45,84.0,5.25,5.5,,,,,,,,,,2024-07-22,,
2024-07-23,2396.43,2411.91,2388.15,2409.34,158372,0,29,104.30999755859376,104.54000091552734,104.1999969482422,104.4499969482422,104.4499969482422,0.0,0.0,0.0,2024-07-23,5565.2998046875,5585.33984375,5550.89990234375,5555.740234375,5555.740234375,3500210000.0,0.0,0.0,2024-07-23,78.24,2024-07-23,EFFR,5.33,5.31,5.32,5.34,5.45,85.0,5.25,5.5,,,,,,,,,,2024-07-23,,
2024-07-24,2408.78,2431.89,2396.7,2397.04,174977,0,29,104.4800033569336,104.55999755859376,104.12000274658205,104.38999938964844,104.38999938964844,0.0,0.0,0.0,2024-07-24,5505.83984375,5508.0400390625,5419.97998046875,5427.1298828125,5427.1298828125,3945550000.0,0.0,0.0,2024-07-24,78.78,2024-07-24,EFFR,5.33,5.31,5.32,5.34,5.45,86.0,5.25,5.5,,,,,,,,,,2024-07-24,,
2024-07-25,2396.69,2401.04,2352.98,2364.35,240130,0,29,104.37999725341795,104.45999908447266,104.08000183105467,104.36000061035156,104.36000061035156,0.0,0.0,0.0,2024-07-25,5428.7001953125,5491.58984375,5390.9501953125,5399.22021484375,5399.22021484375,4592120000.0,0.0,0.0,2024-07-25,79.43,2024-07-25,EFFR,5.33,5.31,5.32,5.34,5.45,88.0,5.25,5.5,,,,,,,,,,2024-07-25,,
2024-07-26,2364.02,2390.65,2355.69,2387.0,179542,0,29,104.36000061035156,104.4499969482422,104.20999908447266,104.31999969482422,104.31999969482422,0.0,0.0,0.0,2024-07-26,5433.669921875,5488.31982421875,5430.7001953125,5459.10009765625,5459.10009765625,3638770000.0,0.0,0.0,2024-07-26,78.58,2024-07-26,EFFR,5.33,5.31,5.32,5.34,5.44,85.0,5.25,5.5,,,,,,,,,,2024-07-26,,
2024-07-29,2387.72,2402.99,2369.41,2383.41,180274,0,29,104.33000183105467,104.75,104.13999938964844,104.55999755859376,104.55999755859376,0.0,0.0,0.0,2024-07-29,5476.5498046875,5487.740234375,5444.43994140625,5463.5400390625,5463.5400390625,3379970000.0,0.0,0.0,2024-07-29,77.27,2024-07-29,EFFR,5.33,5.31,5.32,5.33,5.46,90.0,5.25,5.5,,,,,,,,,,2024-07-29,,
2024-07-30,2383.07,2412.66,2376.33,2410.62,179877,0,29,104.55999755859376,104.8000030517578,104.45999908447266,104.5500030517578,104.5500030517578,0.0,0.0,0.0,2024-07-30,5478.72998046875,5489.4599609375,5401.7001953125,5436.43994140625,5436.43994140625,3777740000.0,0.0,0.0,2024-07-30,76.17,2024-07-30,EFFR,5.33,5.31,5.32,5.34,5.35,87.0,5.25,5.5,,,,,,,,,,2024-07-30,,
2024-07-31,2410.33,2450.79,2403.74,2447.07,207540,0,28,104.43000030517578,104.52999877929688,103.93000030517578,104.0999984741211,104.0999984741211,0.0,0.0,0.0,2024-07-31,5505.58984375,5551.509765625,5493.75,5522.2998046875,5522.2998046875,4546910000.0,0.0,0.0,2024-07-31,79.36,2024-07-31,EFFR,5.33,5.31,5.32,5.33,5.45,78.0,5.25,5.5,,,,,,,,,,2024-07-31,,
2024-08-01,2448.01,2462.16,2430.07,2446.26,227895,0,28,104.06999969482422,104.4499969482422,103.86000061035156,104.41999816894533,104.41999816894533,0.0,0.0,0.0,2024-08-01,5537.83984375,5566.16015625,5410.419921875,5446.68017578125,5446.68017578125,4703620000.0,0.0,0.0,2024-08-01,77.74,2024-08-01,EFFR,5.33,5.31,5.32,5.34,5.35,83.0,5.25,5.5,,,,,,,,,,2024-08-01,314.062,2024-08-01
2024-08-02,2446.18,2477.52,2410.63,2441.52,247752,0,29,104.30999755859376,104.43000030517578,103.12999725341795,103.20999908447266,103.20999908447266,0.0,0.0,0.0,2024-08-02,5376.6298828125,5383.89013671875,5302.02978515625,5346.56005859375,5346.56005859375,5156450000.0,0.0,0.0,2024-08-02,74.99,2024-08-02,EFFR,5.33,5.31,5.32,5.34,5.45,89.0,5.25,5.5,,,,,,,,,,2024-08-02,,
2024-08-05,2443.94,2458.62,2364.15,2409.73,313001,0,29,103.22000122070312,103.27999877929688,102.16000366210938,102.69000244140624,102.69000244140624,0.0,0.0,0.0,2024-08-05,5151.14013671875,5250.89013671875,5119.259765625,5186.330078125,5186.330078125,5333250000.0,0.0,0.0,2024-08-05,74.46,2024-08-05,EFFR,5.33,5.31,5.32,5.34,5.45,86.0,5.25,5.5,,,,,,,,,,2024-08-05,,
2024-08-06,2409.48,2418.18,2381.38,2389.67,240334,0,29,102.77999877929688,103.2300033569336,102.6999969482422,102.97000122070312,102.97000122070312,0.0,0.0,0.0,2024-08-06,5206.419921875,5312.33984375,5193.56005859375,5240.02978515625,5240.02978515625,4690190000.0,0.0,0.0,2024-08-06,74.6,2024-08-06,EFFR,5.33,5.31,5.32,5.34,5.45,89.0,5.25,5.5,,,,,,,,,,2024-08-06,,
2024-08-07,2390.58,2406.91,2378.86,2382.81,206054,0,27,102.9499969482422,103.37000274658205,102.91999816894533,103.1999969482422,103.1999969482422,0.0,0.0,0.0,2024-08-07,5293.1298828125,5330.64013671875,5195.5400390625,5199.5,5199.5,4558260000.0,0.0,0.0,2024-08-07,76.68,2024-08-07,EFFR,5.33,5.31,5.32,5.34,5.35,96.0,5.25,5.5,,,,,,,,,,2024-08-07,,
2024-08-08,2381.96,2427.53,2380.1,2427.03,207681,0,27,103.08999633789062,103.5500030517578,102.91999816894533,103.20999908447266,103.20999908447266,0.0,0.0,0.0,2024-08-08,5252.56982421875,5328.02978515625,5233.85009765625,5319.31005859375,5319.31005859375,4016830000.0,0.0,0.0,2024-08-08,77.64,2024-08-08,EFFR,5.33,5.31,5.32,5.33,5.35,106.0,5.25,5.5,,,,,,,,,,2024-08-08,,
2024-08-09,2426.55,2436.88,2416.77,2430.58,177027,0,27,103.2699966430664,103.3000030517578,103.02999877929688,103.13999938964844,103.13999938964844,0.0,0.0,0.0,2024-08-09,5314.66015625,5358.669921875,5300.83984375,5344.16015625,5344.16015625,3516400000.0,0.0,0.0,2024-08-09,78.28,2024-08-09,EFFR,5.33,5.31,5.32,5.33,5.35,104.0,5.25,5.5,,,,,,,,,,2024-08-09,,
2024-08-12,2429.68,2473.06,2423.67,2471.81,155056,0,27,103.1500015258789,103.30999755859376,103.08999633789062,103.13999938964844,103.13999938964844,0.0,0.0,0.0,2024-08-12,5351.8798828125,5371.2001953125,5324.3701171875,5344.39013671875,5344.39013671875,3360160000.0,0.0,0.0,2024-08-12,81.45,2024-08-12,EFFR,5.33,5.31,5.32,5.33,5.35,102.0,5.25,5.5,,,,,,,,,,2024-08-12,,
2024-08-13,2470.29,2476.87,2458.37,2464.8,165402,0,27,103.08999633789062,103.2699966430664,102.5500030517578,102.55999755859376,102.55999755859376,0.0,0.0,0.0,2024-08-13,5376.97998046875,5436.5,5376.97998046875,5434.43017578125,5434.43017578125,3648980000.0,0.0,0.0,2024-08-13,79.81,2024-08-13,EFFR,5.33,5.31,5.32,5.33,5.35,100.0,5.25,5.5,,,,,,,,,,2024-08-13,,
2024-08-14,2465.87,2479.65,2437.95,2447.78,186494,0,27,102.61000061035156,102.72000122070312,102.2699966430664,102.56999969482422,102.56999969482422,0.0,0.0,0.0,2024-08-14,5442.35986328125,5463.22021484375,5415.91015625,5455.2099609375,5455.2099609375,3380050000.0,0.0,0.0,2024-08-14,78.47,2024-08-14,EFFR,5.33,5.31,5.32,5.33,5.35,99.0,5.25,5.5,,,,,,,,,,2024-08-14,,
2024-08-15,2447.11,2469.98,2432.03,2456.39,172902,0,27,102.62999725341795,103.2300033569336,102.54000091552734,102.9800033569336,102.9800033569336,0.0,0.0,0.0,2024-08-15,5501.1298828125,5546.22998046875,5501.1298828125,5543.22021484375,5543.22021484375,3723310000.0,0.0,0.0,2024-08-15,79.66,2024-08-15,EFFR,5.33,5.31,5.32,5.33,5.35,96.0,5.25,5.5,,,,,,,,,,2024-08-15,,
2024-08-16,2455.57,2509.57,2450.63,2507.43,180364,0,27,103.04000091552734,103.0500030517578,102.38999938964844,102.45999908447266,102.45999908447266,0.0,0.0,0.0,2024-08-16,5530.5,5561.97998046875,5525.169921875,5554.25,5554.25,3357690000.0,0.0,0.0,2024-08-16,78.05,2024-08-16,EFFR,5.33,5.31,5.32,5.33,5.35,93.0,5.25,5.5,,,,,,,,,,2024-08-16,,
2024-08-19,2509.19,2509.98,2485.52,2504.05,173396,0,27,102.4000015258789,102.4800033569336,101.8499984741211,101.88999938964844,101.88999938964844,0.0,0.0,0.0,2024-08-19,5557.22998046875,5608.2998046875,5550.740234375,5608.25,5608.25,3222050000.0,0.0,0.0,2024-08-19,75.82,2024-08-19,EFFR,5.33,5.31,5.32,5.33,5.35,95.0,5.25,5.5,,,,,,,,,,2024-08-19,,
2024-08-20,2503.39,2531.61,2497.21,2513.86,174419,0,27,101.87999725341795,102.01000213623048,101.36000061035156,101.44000244140624,101.44000244140624,0.0,0.0,0.0,2024-08-20,5602.8798828125,5620.509765625,5585.5,5597.1201171875,5597.1201171875,2994420000.0,0.0,0.0,2024-08-20,75.27,2024-08-20,EFFR,5.33,5.31,5.32,5.33,5.5,90.0,5.25,5.5,,,,,,,,,,2024-08-20,,
2024-08-21,2513.03,2519.79,2493.33,2512.22,170395,0,27,101.3499984741211,101.62999725341795,100.91999816894533,101.04000091552734,101.04000091552734,0.0,0.0,0.0,2024-08-21,5603.08984375,5632.68017578125,5591.56982421875,5620.85009765625,5620.85009765625,3119670000.0,0.0,0.0,2024-08-21,72.76,2024-08-21,EFFR,5.33,5.31,5.32,5.34,5.45,93.0,5.25,5.5,,,,,,,,,,2024-08-21,,
2024-08-22,2511.37,2514.55,2470.72,2484.52,172547,0,27,101.12999725341795,101.62999725341795,101.08999633789062,101.51000213623048,101.51000213623048,0.0,0.0,0.0,2024-08-22,5637.77001953125,5643.22021484375,5560.9501953125,5570.64013671875,5570.64013671875,2981530000.0,0.0,0.0,2024-08-22,73.72,2024-08-22,EFFR,5.33,5.31,5.32,5.33,5.35,91.0,5.25,5.5,,,,,,,,,,2024-08-22,,
2024-08-23,2484.95,2518.19,2484.22,2512.28,173586,0,27,101.45999908447266,101.5500030517578,100.5999984741211,100.72000122070312,100.72000122070312,0.0,0.0,0.0,2024-08-23,5602.490234375,5641.81982421875,5585.16015625,5634.60986328125,5634.60986328125,3291940000.0,0.0,0.0,2024-08-23,75.82,2024-08-23,EFFR,5.33,5.31,5.32,5.33,5.38,93.0,5.25,5.5,,,,,,,,,,2024-08-23,,
2024-08-26,2511.25,2526.77,2508.57,2517.82,165441,0,27,100.68000030517578,100.91999816894533,100.52999877929688,100.8499984741211,100.8499984741211,0.0,0.0,0.0,2024-08-26,5639.66015625,5651.6201171875,5602.33984375,5616.83984375,5616.83984375,2938570000.0,0.0,0.0,2024-08-26,78.4,2024-08-26,EFFR,5.33,5.31,5.32,5.33,5.45,94.0,5.25,5.5,,,,,,,,,,2024-08-26,,
2024-08-27,2518.05,2525.83,2503.37,2524.57,166671,0,27,100.81999969482422,100.93000030517578,100.51000213623048,100.5500030517578,100.5500030517578,0.0,0.0,0.0,2024-08-27,5602.89013671875,5631.18017578125,5593.47998046875,5625.7998046875,5625.7998046875,2798990000.0,0.0,0.0,2024-08-27,76.5,2024-08-27,EFFR,5.33,5.31,5.32,5.34,5.35,86.0,5.25,5.5,,,,,,,,,,2024-08-27,,
2024-08-28,2524.67,2528.92,2493.5,2504.45,160734,0,27,100.56999969482422,101.18000030517578,100.56999969482422,101.08999633789062,101.08999633789062,0.0,0.0,0.0,2024-08-28,5624.509765625,5627.02978515625,5560.9501953125,5592.18017578125,5592.18017578125,3053450000.0,0.0,0.0,2024-08-28,75.49,2024-08-28,EFFR,5.33,5.31,5.32,5.33,5.35,95.0,5.25,5.5,,,,,,,,,,2024-08-28,,
2024-08-29,2504.17,2528.54,2503.45,2521.01,158580,0,29,101.0,101.58000183105467,100.88999938964844,101.33999633789062,101.33999633789062,0.0,0.0,0.0,2024-08-29,5607.2998046875,5646.9501953125,5583.7099609375,5591.9599609375,5591.9599609375,3065640000.0,0.0,0.0,2024-08-29,76.9,2024-08-29,EFFR,5.33,5.31,5.32,5.33,5.35,97.0,5.25,5.5,,,,,,,,,,2024-08-29,,
2024-08-30,2520.52,2526.78,2494.01,2503.12,163565,0,29,101.37999725341795,101.77999877929688,101.25,101.6999969482422,101.6999969482422,0.0,0.0,0.0,2024-08-30,5612.740234375,5651.3701171875,5581.7900390625,5648.39990234375,5648.39990234375,4185850000.0,0.0,0.0,2024-08-30,74.52,2024-08-30,EFFR,5.33,5.31,5.32,5.33,5.35,89.0,5.25,5.5,,,,,,,,,,2024-08-30,,
2024-09-02,2502.33,2507.14,2489.87,2498.9,99536,0,29,,,,,,,,,,,,,,,,,,,,2024-09-02,,,,,,,,,,,,,,,,,,,,,
2024-09-03,2499.48,2506.11,2473.04,2492.93,170843,0,29,101.66000366210938,101.91999816894533,101.55999755859376,101.83000183105467,101.83000183105467,0.0,0.0,0.0,2024-09-03,5623.89013671875,5623.89013671875,5504.330078125,5528.93017578125,5528.93017578125,3866350000.0,0.0,0.0,2024-09-03,71.28,2024-09-03,EFFR,5.33,5.31,5.32,5.33,5.35,100.0,5.25,5.5,,,,,,,,,,2024-09-03,,
2024-09-04,2492.62,2500.11,2471.76,2495.46,154533,0,29,101.69000244140624,101.77999877929688,101.23999786376952,101.36000061035156,101.36000061035156,0.0,0.0,0.0,2024-09-04,5506.68017578125,5552.990234375,5503.66015625,5520.06982421875,5520.06982421875,3478140000.0,0.0,0.0,2024-09-04,70.11,2024-09-04,EFFR,5.33,5.31,5.32,5.33,5.35,103.0,5.25,5.5,,,,,,,,,,2024-09-04,,
2024-09-05,2494.38,2523.36,2493.68,2516.52,162518,0,29,101.27999877929688,101.37000274658205,100.95999908447266,101.11000061035156,101.11000061035156,0.0,0.0,0.0,2024-09-05,5520.080078125,5546.2998046875,5480.5400390625,5503.41015625,5503.41015625,3521650000.0,0.0,0.0,2024-09-05,70.09,2024-09-05,EFFR,5.33,5.31,5.32,5.33,5.35,102.0,5.25,5.5,,,,,,,,,,2024-09-05,,
2024-09-06,2516.37,2529.04,2484.95,2497.18,187170,0,29,101.05999755859376,101.4000015258789,100.58000183105467,101.18000030517578,101.18000030517578,0.0,0.0,0.0,2024-09-06,5507.330078125,5522.47021484375,5402.6201171875,5408.419921875,5408.419921875,3822800000.0,0.0,0.0,2024-09-06,68.58,2024-09-06,EFFR,5.33,5.31,5.32,5.33,5.35,100.0,5.25,5.5,,,,,,,,,,2024-09-06,,
2024-09-09,2496.63,2507.13,2485.41,2506.25,164105,0,29,101.19000244140624,101.6999969482422,101.13999938964844,101.5500030517578,101.5500030517578,0.0,0.0,0.0,2024-09-09,5442.06982421875,5484.2001953125,5434.490234375,5471.0498046875,5471.0498046875,3825940000.0,0.0,0.0,2024-09-09,69.65,2024-09-09,EFFR,5.33,5.31,5.32,5.34,5.35,95.0,5.25,5.5,,,,,,,,,,2024-09-09,,
2024-09-10,2506.29,2518.36,2499.97,2516.51,150623,0,29,101.63999938964844,101.7699966430664,101.54000091552734,101.62999725341795,101.62999725341795,0.0,0.0,0.0,2024-09-10,5490.509765625,5497.91015625,5441.72021484375,5495.52001953125,5495.52001953125,3848180000.0,0.0,0.0,2024-09-10,66.73,2024-09-10,EFFR,5.33,5.31,5.32,5.33,5.35,101.0,5.25,5.5,,,,,,,,,,2024-09-10,,
2024-09-11,2516.27,2528.89,2500.79,2511.28,185868,0,28,101.66000366210938,101.81999969482422,101.2699966430664,101.68000030517578,101.68000030517578,0.0,0.0,0.0,2024-09-11,5496.419921875,5560.41015625,5406.9599609375,5554.1298828125,5554.1298828125,3839450000.0,0.0,0.0,2024-09-11,68.25,2024-09-11,EFFR,5.33,5.31,5.32,5.33,5.35,105.0,5.25,5.5,,,,,,,,,,2024-09-11,,
2024-09-12,2510.77,2559.95,2510.77,2558.52,175303,0,28,101.77999877929688,101.83999633789062,101.2300033569336,101.37000274658205,101.37000274658205,0.0,0.0,0.0,2024-09-12,5557.47998046875,5600.7099609375,5535.5,5595.759765625,5595.759765625,3655070000.0,0.0,0.0,2024-09-12,69.89,2024-09-12,EFFR,5.33,5.31,5.32,5.33,5.35,111.0,5.25,5.5,,,,,,,,,,2024-09-12,,
2024-09-13,2558.11,2585.94,2556.49,2578.91,174547,0,28,101.1999969482422,101.1999969482422,100.87999725341795,101.11000061035156,101.11000061035156,0.0,0.0,0.0,2024-09-13,5603.33984375,5636.27001953125,5601.64990234375,5626.02001953125,5626.02001953125,3500790000.0,0.0,0.0,2024-09-13,69.59,2024-09-13,EFFR,5.33,5.31,5.32,5.33,5.35,105.0,5.25,5.5,,,,,,,,,,2024-09-13,,
2024-09-16,2578.64,2589.51,2575.04,2582.24,138451,0,28,101.04000091552734,101.0999984741211,100.58999633789062,100.76000213623048,100.76000213623048,0.0,0.0,0.0,2024-09-16,5615.2099609375,5636.0498046875,5604.52978515625,5633.08984375,5633.08984375,3437070000.0,0.0,0.0,2024-09-16,71.1,2024-09-16,EFFR,5.33,5.31,5.32,5.33,5.35,96.0,5.25,5.5,,,,,,,,,,2024-09-16,,
2024-09-17,2581.92,2586.83,2560.63,2569.33,154146,0,28,100.76000213623048,101.02999877929688,100.56999969482422,100.88999938964844,100.88999938964844,0.0,0.0,0.0,2024-09-17,5655.509765625,5670.81005859375,5614.0498046875,5634.580078125,5634.580078125,3443600000.0,0.0,0.0,2024-09-17,72.16,2024-09-17,EFFR,5.33,5.31,5.32,5.33,5.35,103.0,5.25,5.5,,,,,,,,,,2024-09-17,,
2024-09-18,2569.26,2600.01,2546.66,2558.98,187915,0,28,100.94000244140624,101.1500015258789,100.22000122070312,100.5999984741211,100.5999984741211,0.0,0.0,0.0,2024-09-18,5641.68017578125,5689.75,5615.080078125,5618.259765625,5618.259765625,3691390000.0,0.0,0.0,2024-09-18,71.87,2024-09-18,EFFR,5.33,5.31,5.32,5.33,5.4,102.0,5.25,5.5,,,,,,,,,,2024-09-18,,
2024-09-19,2558.5,2594.78,2550.95,2586.64,208114,0,28,101.01000213623048,101.47000122070312,100.5199966430664,100.61000061035156,100.61000061035156,0.0,0.0,0.0,2024-09-19,5702.6298828125,5733.56982421875,5686.419921875,5713.64013671875,5713.64013671875,4024530000.0,0.0,0.0,2024-09-19,72.86,2024-09-19,EFFR,4.83,4.81,4.82,4.84,4.95,90.0,4.75,5.0,,,,,,,,,,2024-09-19,,
2024-09-20,2586.08,2625.6,2584.7,2622.04,189955,0,28,100.69000244140624,101.0199966430664,100.41000366210938,100.72000122070312,100.72000122070312,0.0,0.0,0.0,2024-09-20,5709.64013671875,5715.14013671875,5674.490234375,5702.5498046875,5702.5498046875,7867260000.0,0.0,0.0,2024-09-20,72.72,2024-09-20,EFFR,4.83,4.81,4.82,4.84,4.95,93.0,4.75,5.0,,,,,,,,,,2024-09-20,,
2024-09-23,2621.3,2634.75,2613.68,2628.26,167635,0,28,100.73999786376952,101.2300033569336,100.72000122070312,100.91999816894533,100.91999816894533,0.0,0.0,0.0,2024-09-23,5711.89990234375,5725.35986328125,5704.22021484375,5718.56982421875,5718.56982421875,3529550000.0,0.0,0.0,2024-09-23,71.33,2024-09-23,EFFR,4.83,4.81,4.82,4.84,4.92,95.0,4.75,5.0,,,,,,,,,,2024-09-23,,
2024-09-24,2627.48,2664.24,2622.47,2656.98,201037,0,28,100.97000122070312,101.0500030517578,100.33999633789062,100.37000274658205,100.37000274658205,0.0,0.0,0.0,2024-09-24,5727.66015625,5735.31982421875,5698.990234375,5732.93017578125,5732.93017578125,3872710000.0,0.0,0.0,2024-09-24,72.34,2024-09-24,EFFR,4.83,4.81,4.82,4.84,4.85,94.0,4.75,5.0,,,,,,,,,,2024-09-24,,
2024-09-25,2657.73,2670.42,2649.65,2656.84,192047,0,28,100.27999877929688,100.98999786376952,100.22000122070312,100.91999816894533,100.91999816894533,0.0,0.0,0.0,2024-09-25,5733.64990234375,5741.02978515625,5712.06005859375,5722.259765625,5722.259765625,3624910000.0,0.0,0.0,2024-09-25,70.42,2024-09-25,EFFR,4.83,4.81,4.82,4.83,4.85,103.0,4.75,5.0,,,,,,,,,,2024-09-25,,
2024-09-26,2656.47,2685.43,2654.66,2672.18,198284,0,28,100.93000030517578,100.97000122070312,100.4800033569336,100.55999755859376,100.55999755859376,0.0,0.0,0.0,2024-09-26,5762.22021484375,5767.3701171875,5721.009765625,5745.3701171875,5745.3701171875,4391180000.0,0.0,0.0,2024-09-26,68.28,2024-09-26,EFFR,4.83,4.81,4.82,4.84,4.85,100.0,4.75,5.0,,,,,,,,,,2024-09-26,,
2024-09-27,2671.97,2674.2,2642.98,2657.99,213730,0,28,100.58999633789062,100.87999725341795,100.16000366210938,100.41999816894533,100.41999816894533,0.0,0.0,0.0,2024-09-27,5755.35986328125,5763.77978515625,5727.33984375,5738.169921875,5738.169921875,3898530000.0,0.0,0.0,2024-09-27,68.72,2024-09-27,EFFR,4.83,4.81,4.82,4.84,4.86,94.0,4.75,5.0,,,,,,,,,,2024-09-27,,
2024-09-30,2656.92,2665.89,2624.57,2634.37,199491,0,28,100.41999816894533,100.91999816894533,100.18000030517578,100.77999877929688,100.77999877929688,0.0,0.0,0.0,2024-09-30,5726.52001953125,5765.14013671875,5703.52978515625,5762.47998046875,5762.47998046875,4425730000.0,0.0,0.0,2024-09-30,68.75,2024-09-30,EFFR,4.83,4.8,4.82,4.84,4.95,73.0,4.75,5.0,,,,,,,,,,2024-09-30,,
2024-10-01,2633.94,2672.96,2631.99,2663.29,172057,0,28,100.73999786376952,101.38999938964844,100.6999969482422,101.19000244140624,101.19000244140624,0.0,0.0,0.0,2024-10-01,5757.72998046875,5757.72998046875,5681.27978515625,5708.75,5708.75,4025180000.0,0.0,0.0,2024-10-01,70.41,2024-10-01,EFFR,4.83,4.81,4.83,4.84,4.85,85.0,4.75,5.0,,,,,,,,,,2024-10-01,315.631,2024-10-01
2024-10-02,2662.68,2663.28,2641.0,2658.5,166290,0,28,101.23999786376952,101.69000244140624,101.16000366210938,101.68000030517578,101.68000030517578,0.0,0.0,0.0,2024-10-02,5698.14013671875,5719.6298828125,5674.0,5709.5400390625,5709.5400390625,3829050000.0,0.0,0.0,2024-10-02,70.74,2024-10-02,EFFR,4.83,4.81,4.83,4.84,4.85,81.0,4.75,5.0,,,,,,,,,,2024-10-02,,
2024-10-03,2657.93,2662.78,2637.21,2655.92,180293,0,28,101.63999938964844,102.0999984741211,101.62999725341795,101.98999786376952,101.98999786376952,0.0,0.0,0.0,2024-10-03,5698.18994140625,5718.77978515625,5677.3701171875,5699.93994140625,5699.93994140625,3597450000.0,0.0,0.0,2024-10-03,74.33,2024-10-03,EFFR,4.83,4.81,4.83,4.84,4.85,81.0,4.75,5.0,,,,,,,,,,2024-10-03,,
2024-10-04,2656.36,2670.06,2631.92,2653.41,178642,0,28,101.91000366210938,102.69000244140624,101.80999755859376,102.5199966430664,102.5199966430664,0.0,0.0,0.0,2024-10-04,5737.47998046875,5753.2099609375,5702.830078125,5751.06982421875,5751.06982421875,3479400000.0,0.0,0.0,2024-10-04,74.93,2024-10-04,EFFR,4.83,4.81,4.83,4.84,4.85,84.0,4.75,5.0,,,,,,,,,,2024-10-04,,
2024-10-07,2650.82,2659.44,2637.64,2642.56,171743,0,28,102.48999786376952,102.62000274658205,102.37000274658205,102.54000091552734,102.54000091552734,0.0,0.0,0.0,2024-10-07,5737.7998046875,5739.33984375,5686.85009765625,5695.93994140625,5695.93994140625,3637790000.0,0.0,0.0,2024-10-07,77.76,2024-10-07,EFFR,4.83,4.81,4.83,4.84,4.85,86.0,4.75,5.0,,,,,,,,,,2024-10-07,,
2024-10-08,2642.38,2652.91,2604.63,2621.71,231800,0,28,102.45999908447266,102.63999938964844,102.29000091552734,102.5500030517578,102.5500030517578,0.0,0.0,0.0,2024-10-08,5719.14013671875,5757.60009765625,5714.56005859375,5751.1298828125,5751.1298828125,3393400000.0,0.0,0.0,2024-10-08,74.26,2024-10-08,EFFR,4.83,4.81,4.83,4.84,4.85,90.0,4.75,5.0,,,,,,,,,,2024-10-08,,
2024-10-09,2621.25,2624.2,2605.05,2607.62,184533,0,27,102.48999786376952,102.94000244140624,102.45999908447266,102.93000030517578,102.93000030517578,0.0,0.0,0.0,2024-10-09,5751.7998046875,5796.7998046875,5745.02001953125,5792.0400390625,5792.0400390625,3650340000.0,0.0,0.0,2024-10-09,73.85,2024-10-09,EFFR,4.83,4.81,4.83,4.84,4.85,94.0,4.75,5.0,,,,,,,,,,2024-10-09,,
2024-10-10,2606.97,2631.39,2601.56,2629.96,195347,0,27,102.87999725341795,103.18000030517578,102.72000122070312,102.98999786376952,102.98999786376952,0.0,0.0,0.0,2024-10-10,5778.35986328125,5795.02978515625,5764.759765625,5780.0498046875,5780.0498046875,3208790000.0,0.0,0.0,2024-10-10,76.46,2024-10-10,EFFR,4.83,4.81,4.82,4.84,4.85,98.0,4.75,5.0,,,,,,,,,,2024-10-10,,
2024-10-11,2629.72,2661.3,2627.94,2656.82,162369,0,27,102.87999725341795,102.98999786376952,102.7699966430664,102.88999938964844,102.88999938964844,0.0,0.0,0.0,2024-10-11,5775.08984375,5822.1298828125,5775.08984375,5815.02978515625,5815.02978515625,3208720000.0,0.0,0.0,2024-10-11,76.11,2024-10-11,EFFR,4.83,4.81,4.82,4.84,4.85,94.0,4.75,5.0,,,,,,,,,,2024-10-11,,
2024-10-14,2655.64,2666.69,2643.02,2648.46,154746,0,27,102.93000030517578,103.36000061035156,102.93000030517578,103.3000030517578,103.3000030517578,0.0,0.0,0.0,2024-10-14,5829.81005859375,5871.41015625,5829.56982421875,5859.85009765625,5859.85009765625,3005250000.0,0.0,0.0,2024-10-14,,2024-10-14,,,,,,,,,,,,,,,,,,,,,
2024-10-15,2647.16,2668.79,2637.98,2662.57,204136,0,27,103.20999908447266,103.3499984741211,103.02999877929688,103.26000213623048,103.26000213623048,0.0,0.0,0.0,2024-10-15,5866.740234375,5870.35986328125,5804.47998046875,5815.259765625,5815.259765625,3882120000.0,0.0,0.0,2024-10-15,71.22,2024-10-15,EFFR,4.83,4.81,4.83,4.84,4.85,91.0,4.75,5.0,,,,,,,,,,2024-10-15,,
2024-10-16,2662.52,2685.31,2658.59,2673.59,193465,0,27,103.26000213623048,103.61000061035156,103.16999816894533,103.58999633789062,103.58999633789062,0.0,0.0,0.0,2024-10-16,5816.580078125,5846.52001953125,5808.33984375,5842.47021484375,5842.47021484375,3467230000.0,0.0,0.0,2024-10-16,70.97,2024-10-16,EFFR,4.83,4.81,4.83,4.84,4.85,97.0,4.75,5.0,,,,,,,,,,2024-10-16,,
2024-10-17,2673.29,2696.61,2672.98,2692.74,208599,0,27,103.55999755859376,103.87000274658205,103.44000244140624,103.83000183105467,103.83000183105467,0.0,0.0,0.0,2024-10-17,5875.6201171875,5878.4599609375,5840.25,5841.47021484375,5841.47021484375,3480010000.0,0.0,0.0,2024-10-17,71.26,2024-10-17,EFFR,4.83,4.81,4.83,4.84,4.85,96.0,4.75,5.0,,,,,,,,,,2024-10-17,,
2024-10-18,2692.41,2722.37,2692.08,2721.34,208330,0,27,103.80999755859376,103.80999755859376,103.45999908447266,103.48999786376952,103.48999786376952,0.0,0.0,0.0,2024-10-18,5859.43017578125,5872.169921875,5846.10986328125,5864.669921875,5864.669921875,3374490000.0,0.0,0.0,2024-10-18,69.78,2024-10-18,EFFR,4.83,4.81,4.83,4.84,4.85,98.0,4.75,5.0,,,,,,,,,,2024-10-18,,
2024-10-21,2720.29,2740.44,2714.06,2719.39,227643,0,27,103.45999908447266,104.0199966430664,103.41999816894533,104.01000213623048,104.01000213623048,0.0,0.0,0.0,2024-10-21,5857.81982421875,5866.919921875,5824.7900390625,5853.97998046875,5853.97998046875,3407010000.0,0.0,0.0,2024-10-21,71.16,2024-10-21,EFFR,4.83,4.81,4.83,4.84,4.85,96.0,4.75,5.0,,,,,,,,,,2024-10-21,,
2024-10-22,2719.87,2748.9,2718.58,2748.89,198494,0,27,103.97000122070312,104.12999725341795,103.81999969482422,104.08000183105467,104.08000183105467,0.0,0.0,0.0,2024-10-22,5832.7001953125,5863.0400390625,5821.169921875,5851.2001953125,5851.2001953125,3342080000.0,0.0,0.0,2024-10-22,72.84,2024-10-22,EFFR,4.83,4.81,4.83,4.84,4.85,98.0,4.75,5.0,,,,,,,,,,2024-10-22,,
2024-10-23,2748.47,2758.35,2708.62,2715.23,223832,0,27,104.08999633789062,104.56999969482422,104.08999633789062,104.43000030517578,104.43000030517578,0.0,0.0,0.0,2024-10-23,5834.5,5834.85009765625,5762.41015625,5797.419921875,5797.419921875,3532650000.0,0.0,0.0,2024-10-23,71.37,2024-10-23,EFFR,4.83,4.81,4.83,4.84,4.85,99.0,4.75,5.0,,,,,,,,,,2024-10-23,,
2024-10-24,2714.34,2743.12,2714.26,2735.79,206883,0,27,104.43000030517578,104.45999908447266,104.01000213623048,104.05999755859376,104.05999755859376,0.0,0.0,0.0,2024-10-24,5817.7998046875,5817.7998046875,5784.919921875,5809.85986328125,5809.85986328125,3543030000.0,0.0,0.0,2024-10-24,70.58,2024-10-24,EFFR,4.83,4.81,4.82,4.84,4.85,98.0,4.75,5.0,,,,,,,,,,2024-10-24,,
2024-10-25,2735.67,2747.59,2716.92,2746.84,187139,0,27,104.0500030517578,104.33999633789062,103.94000244140624,104.26000213623048,104.26000213623048,0.0,0.0,0.0,2024-10-25,5826.75,5862.81982421875,5799.97998046875,5808.1201171875,5808.1201171875,3501280000.0,0.0,0.0,2024-10-25,72.02,2024-10-25,EFFR,4.83,4.81,4.82,4.84,4.9,104.0,4.75,5.0,,,,,,,,,,2024-10-25,,
2024-10-28,2736.07,2745.84,2724.5,2742.08,176396,0,27,104.31999969482422,104.56999969482422,104.12000274658205,104.31999969482422,104.31999969482422,0.0,0.0,0.0,2024-10-28,5833.93017578125,5842.919921875,5823.080078125,5823.52001953125,5823.52001953125,3691280000.0,0.0,0.0,2024-10-28,67.65,2024-10-28,EFFR,4.83,4.81,4.83,4.84,4.92,99.0,4.75,5.0,,,,,,,,,,2024-10-28,,
2024-10-29,2742.02,2774.65,2739.59,2774.3,203729,0,27,104.30999755859376,104.63999938964844,104.20999908447266,104.27999877929688,104.27999877929688,0.0,0.0,0.0,2024-10-29,5819.68017578125,5847.18994140625,5802.169921875,5832.919921875,5832.919921875,3879100000.0,0.0,0.0,2024-10-29,67.48,2024-10-29,EFFR,4.83,4.81,4.83,4.84,4.9,100.0,4.75,5.0,,,,,,,,,,2024-10-29,,
2024-10-30,2774.11,2789.95,2770.78,2787.22,206281,0,27,104.25,104.44000244140624,103.9800033569336,103.98999786376952,103.98999786376952,0.0,0.0,0.0,2024-10-30,5832.64990234375,5850.93994140625,5811.27978515625,5813.669921875,5813.669921875,3851120000.0,0.0,0.0,2024-10-30,68.91,2024-10-30,EFFR,4.83,4.81,4.83,4.84,4.85,104.0,4.75,5.0,,,,,,,,,,2024-10-30,,
2024-10-31,2787.22,2789.94,2731.44,2743.75,213146,0,27,104.08999633789062,104.22000122070312,103.81999969482422,103.9800033569336,103.9800033569336,0.0,0.0,0.0,2024-10-31,5775.33984375,5775.33984375,5702.85986328125,5705.4501953125,5705.4501953125,4425660000.0,0.0,0.0,2024-10-31,69.58,2024-10-31,EFFR,4.83,4.81,4.83,4.84,4.92,96.0,4.75,5.0,,,,,,,,,,2024-10-31,,
2024-11-01,2744.05,2762.14,2733.04,2736.24,233002,0,27,103.86000061035156,104.3499984741211,103.68000030517578,104.27999877929688,104.27999877929688,0.0,0.0,0.0,2024-11-01,5723.22021484375,5772.52001953125,5723.22021484375,5728.7998046875,5728.7998046875,3796450000.0,0.0,0.0,2024-11-01,69.81,2024-11-01,EFFR,4.83,4.81,4.83,4.84,4.89,99.0,4.75,5.0,,,,,,,,,,2024-11-01,316.528,2024-11-01
2024-11-04,2736.23,2748.08,2729.84,2736.47,213699,0,27,103.97000122070312,103.97000122070312,103.58000183105467,103.88999938964844,103.88999938964844,0.0,0.0,0.0,2024-11-04,5725.14990234375,5741.43017578125,5696.509765625,5712.68994140625,5712.68994140625,3602060000.0,0.0,0.0,2024-11-04,71.83,2024-11-04,EFFR,4.83,4.81,4.83,4.84,4.9,98.0,4.75,5.0,,,,,,,,,,2024-11-04,,
2024-11-05,2736.73,2749.86,2724.58,2743.75,197532,0,27,103.91000366210938,103.95999908447266,103.37000274658205,103.41999816894533,103.41999816894533,0.0,0.0,0.0,2024-11-05,5722.43017578125,5783.43994140625,5722.10009765625,5782.759765625,5782.759765625,3768310000.0,0.0,0.0,2024-11-05,72.26,2024-11-05,EFFR,4.83,4.81,4.82,4.84,4.9,104.0,4.75,5.0,,,,,,,,,,2024-11-05,,
2024-11-06,2742.76,2749.56,2652.23,2658.82,316997,0,27,104.04000091552734,105.44000244140624,104.04000091552734,105.08999633789062,105.08999633789062,0.0,0.0,0.0,2024-11-06,5864.89013671875,5936.14013671875,5864.89013671875,5929.0400390625,5929.0400390625,6329530000.0,0.0,0.0,2024-11-06,71.98,2024-11-06,EFFR,4.83,4.81,4.82,4.84,4.9,102.0,4.75,5.0,,,,,,,,,,2024-11-06,,
2024-11-07,2658.46,2710.12,2643.26,2706.39,248238,0,27,105.16000366210938,105.25,104.19000244140624,104.51000213623048,104.51000213623048,0.0,0.0,0.0,2024-11-07,5947.2099609375,5983.83984375,5947.2099609375,5973.10009765625,5973.10009765625,4925740000.0,0.0,0.0,2024-11-07,72.69,2024-11-07,EFFR,4.83,4.81,4.82,4.84,4.9,100.0,4.75,5.0,,,,,,,,,,2024-11-07,,
2024-11-08,2705.57,2710.22,2680.23,2684.45,217382,0,27,104.4499969482422,105.20999908447266,104.33999633789062,105.0,105.0,0.0,0.0,0.0,2024-11-08,5976.759765625,6012.4501953125,5976.759765625,5995.5400390625,5995.5400390625,4666740000.0,0.0,0.0,2024-11-08,70.69,2024-11-08,EFFR,4.58,4.56,4.57,4.59,4.6,103.0,4.5,4.75,,,,,,,,,,2024-11-08,,
2024-11-11,2684.67,2686.03,2610.49,2619.3,230857,0,27,104.9499969482422,105.70999908447266,104.93000030517578,105.54000091552734,105.54000091552734,0.0,0.0,0.0,2024-11-11,6008.85986328125,6017.31005859375,5986.68994140625,6001.35009765625,6001.35009765625,4333000000.0,0.0,0.0,2024-11-11,,2024-11-11,,,,,,,,,,,,,,,,,,,,,
2024-11-12,2619.27,2627.05,2589.57,2598.0,234372,0,27,105.48999786376952,106.18000030517578,105.48999786376952,106.0199966430664,106.0199966430664,0.0,0.0,0.0,2024-11-12,6003.60009765625,6009.919921875,5960.080078125,5983.990234375,5983.990234375,4243400000.0,0.0,0.0,2024-11-12,68.43,2024-11-12,EFFR,4.58,4.56,4.57,4.59,4.6,101.0,4.5,4.75,,,,,,,,,,2024-11-12,,
2024-11-13,2598.49,2618.63,2572.51,2572.7,235942,0,27,106.0199966430664,106.54000091552734,105.72000122070312,106.4800033569336,106.4800033569336,0.0,0.0,0.0,2024-11-13,5985.75,6008.18994140625,5965.91015625,5985.3798828125,5985.3798828125,4220180000.0,0.0,0.0,2024-11-13,68.76,2024-11-13,EFFR,4.58,4.56,4.57,4.59,4.65,105.0,4.5,4.75,,,,,,,,,,2024-11-13,,
2024-11-14,2571.82,2581.25,2536.66,2564.52,268708,0,27,106.5,107.05999755859376,106.37999725341795,106.66999816894533,106.66999816894533,0.0,0.0,0.0,2024-11-14,5989.68017578125,5993.8798828125,5942.27978515625,5949.169921875,5949.169921875,4184570000.0,0.0,0.0,2024-11-14,68.99,2024-11-14,EFFR,4.58,4.56,4.57,4.59,4.64,107.0,4.5,4.75,,,,,,,,,,2024-11-14,,
2024-11-15,2565.08,2575.94,2554.36,2562.79,251378,0,27,106.9000015258789,106.95999908447266,106.33000183105467,106.69000244140624,106.69000244140624,0.0,0.0,0.0,2024-11-15,5912.7900390625,5915.31982421875,5853.009765625,5870.6201171875,5870.6201171875,4590960000.0,0.0,0.0,2024-11-15,67.33,2024-11-15,EFFR,4.58,4.56,4.57,4.59,4.65,104.0,4.5,4.75,,,,,,,,,,2024-11-15,,
2024-11-18,2564.84,2614.95,2563.48,2611.63,230910,0,27,106.66999816894533,106.80999755859376,106.12999725341795,106.27999877929688,106.27999877929688,0.0,0.0,0.0,2024-11-18,5874.169921875,5908.1201171875,5865.9501953125,5893.6201171875,5893.6201171875,3983860000.0,0.0,0.0,2024-11-18,69.46,2024-11-18,EFFR,4.58,4.56,4.57,4.59,4.6,103.0,4.5,4.75,,,,,,,,,,2024-11-18,,
2024-11-19,2611.78,2639.33,2610.19,2632.04,238107,0,27,106.26000213623048,106.62999725341795,106.11000061035156,106.20999908447266,106.20999908447266,0.0,0.0,0.0,2024-11-19,5870.0498046875,5923.509765625,5855.2900390625,5916.97998046875,5916.97998046875,4036940000.0,0.0,0.0,2024-11-19,69.75,2024-11-19,EFFR,4.58,4.56,4.57,4.59,4.6,99.0,4.5,4.75,,,,,,,,,,2024-11-19,,
2024-11-20,2631.87,2655.28,2618.72,2650.02,212368,0,27,106.12000274658205,106.91999816894533,106.11000061035156,106.68000030517578,106.68000030517578,0.0,0.0,0.0,2024-11-20,5914.33984375,5920.669921875,5860.56005859375,5917.10986328125,5917.10986328125,3772620000.0,0.0,0.0,2024-11-20,69.25,2024-11-20,EFFR,4.58,4.56,4.57,4.59,4.6,102.0,4.5,4.75,,,,,,,,,,2024-11-20,,
2024-11-21,2649.53,2673.38,2648.71,2669.4,215970,0,27,106.58999633789062,107.16000366210938,106.45999908447266,106.97000122070312,106.97000122070312,0.0,0.0,0.0,2024-11-21,5940.580078125,5963.31982421875,5887.259765625,5948.7099609375,5948.7099609375,4230120000.0,0.0,0.0,2024-11-21,70.39,2024-11-21,EFFR,4.58,4.56,4.57,4.59,4.6,101.0,4.5,4.75,,,,,,,,,,2024-11-21,,
2024-11-22,2669.54,2715.48,2668.05,2715.34,254098,0,27,107.05999755859376,108.06999969482422,106.91999816894533,107.48999786376952,107.48999786376952,0.0,0.0,0.0,2024-11-22,5944.35986328125,5972.89990234375,5944.35986328125,5969.33984375,5969.33984375,4141420000.0,0.0,0.0,2024-11-22,71.68,2024-11-22,EFFR,4.58,4.56,4.57,4.59,4.7,100.0,4.5,4.75,,,,,,,,,,2024-11-22,,
2024-11-25,2714.07,2721.23,2615.47,2625.38,259035,0,27,107.25,107.25,106.58000183105467,106.81999969482422,106.81999969482422,0.0,0.0,0.0,2024-11-25,5992.27978515625,6020.75,5963.91015625,5987.3701171875,5987.3701171875,5633150000.0,0.0,0.0,2024-11-25,69.41,2024-11-25,EFFR,4.58,4.56,4.58,4.59,4.6,103.0,4.5,4.75,,,,,,,,,,2024-11-25,,
2024-11-26,2625.37,2641.8,2605.12,2632.98,219785,0,27,107.48999786376952,107.5,106.48999786376952,107.01000213623048,107.01000213623048,0.0,0.0,0.0,2024-11-26,6000.02978515625,6025.419921875,5992.27001953125,6021.6298828125,6021.6298828125,3835170000.0,0.0,0.0,2024-11-26,69.05,2024-11-26,EFFR,4.58,4.56,4.57,4.59,4.6,101.0,4.5,4.75,,,,,,,,,,2024-11-26,,
2024-11-27,2632.19,2658.14,2626.97,2635.79,191311,0,27,106.81999969482422,106.91999816894533,105.86000061035156,106.08000183105467,106.08000183105467,0.0,0.0,0.0,2024-11-27,6014.10986328125,6020.16015625,5984.8701171875,5998.740234375,5998.740234375,3363340000.0,0.0,0.0,2024-11-27,69.03,2024-11-27,EFFR,4.58,4.56,4.57,4.59,4.6,103.0,4.5,4.75,,,,,,,,,,2024-11-27,,
2024-11-28,2635.66,2649.57,2620.86,2637.28,123420,0,27,,,,,,,,,,,,,,,,,,,,2024-11-28,,,,,,,,,,,,,,,,,,,,,
2024-11-29,2637.52,2666.21,2633.89,2649.11,187524,0,27,105.9499969482422,106.12999725341795,105.62000274658205,105.73999786376952,105.73999786376952,0.0,0.0,0.0,2024-11-29,6003.97998046875,6044.169921875,6003.97998046875,6032.3798828125,6032.3798828125,2444420000.0,0.0,0.0,2024-11-29,68.26,2024-11-29,EFFR,4.58,4.55,4.58,4.59,4.6,95.0,4.5,4.75,,,,,,,,,,2024-11-29,,
2024-12-02,2652.13,2652.72,2621.77,2638.67,236615,0,27,105.81999969482422,106.7300033569336,105.81999969482422,106.4499969482422,106.4499969482422,0.0,0.0,0.0,2024-12-02,6040.10986328125,6053.580078125,6035.330078125,6047.14990234375,6047.14990234375,4412470000.0,0.0,0.0,2024-12-02,68.35,2024-12-02,EFFR,4.58,4.56,4.58,4.59,4.64,92.0,4.5,4.75,,,,,,,,,,2024-12-02,,
2024-12-03,2638.78,2655.49,2634.01,2643.52,187874,0,27,106.4800033569336,106.5999984741211,106.08999633789062,106.37000274658205,106.37000274658205,0.0,0.0,0.0,2024-12-03,6042.97021484375,6052.06982421875,6033.39013671875,6049.8798828125,6049.8798828125,4095000000.0,0.0,0.0,2024-12-03,70.15,2024-12-03,EFFR,4.58,4.56,4.57,4.59,4.6,94.0,4.5,4.75,,,,,,,,,,2024-12-03,,
2024-12-04,2643.06,2657.1,2632.32,2649.69,183452,0,27,106.43000030517578,106.72000122070312,106.08999633789062,106.33999633789062,106.33999633789062,0.0,0.0,0.0,2024-12-04,6069.39013671875,6089.83984375,6061.06005859375,6086.490234375,6086.490234375,4003390000.0,0.0,0.0,2024-12-04,68.81,2024-12-04,EFFR,4.58,4.56,4.58,4.59,4.6,99.0,4.5,4.75,,,,,,,,,,2024-12-04,,
2024-12-05,2649.4,2655.38,2623.36,2631.8,190825,0,27,106.33999633789062,106.37000274658205,105.6999969482422,105.70999908447266,105.70999908447266,0.0,0.0,0.0,2024-12-05,6089.02978515625,6094.5498046875,6072.89990234375,6075.10986328125,6075.10986328125,4212020000.0,0.0,0.0,2024-12-05,68.58,2024-12-05,EFFR,4.58,4.56,4.57,4.59,4.6,109.0,4.5,4.75,,,,,,,,,,2024-12-05,,
2024-12-06,2631.77,2645.52,2613.31,2632.7,202398,0,27,105.79000091552734,106.16000366210938,105.41999816894533,105.97000122070312,105.97000122070312,0.0,0.0,0.0,2024-12-06,6081.3798828125,6099.97021484375,6079.97998046875,6090.27001953125,6090.27001953125,3924830000.0,0.0,0.0,2024-12-06,68.58,2024-12-06,EFFR,4.58,4.56,4.57,4.59,4.6,107.0,4.5,4.75,,,,,,,,,,2024-12-06,,
2024-12-09,2645.48,2676.34,2627.42,2660.16,223974,0,27,105.97000122070312,106.20999908447266,105.8000030517578,106.1500015258789,106.1500015258789,0.0,0.0,0.0,2024-12-09,6083.009765625,6088.509765625,6048.6298828125,6052.85009765625,6052.85009765625,4556460000.0,0.0,0.0,2024-12-09,68.65,2024-12-09,EFFR,4.58,4.56,4.58,4.59,4.6,100.0,4.5,4.75,,,,,,,,,,2024-12-09,,
2024-12-10,2661.08,2695.46,2657.81,2693.85,212999,0,27,106.18000030517578,106.63999938964844,106.04000091552734,106.4000015258789,106.4000015258789,0.0,0.0,0.0,2024-12-10,6057.58984375,6065.39990234375,6029.89013671875,6034.91015625,6034.91015625,4048410000.0,0.0,0.0,2024-12-10,68.85,2024-12-10,EFFR,4.58,4.56,4.58,4.59,4.7,102.0,4.5,4.75,,,,,,,,,,2024-12-10,,
2024-12-11,2693.47,2721.06,2675.04,2717.87,253571,0,27,106.37000274658205,106.80999755859376,106.2699966430664,106.70999908447266,106.70999908447266,0.0,0.0,0.0,2024-12-11,6060.14990234375,6092.58984375,6060.14990234375,6084.18994140625,6084.18994140625,4269950000.0,0.0,0.0,2024-12-11,70.57,2024-12-11,EFFR,4.58,4.56,4.58,4.59,4.6,106.0,4.5,4.75,,,,,,,,,,2024-12-11,,
2024-12-12,2717.13,2725.97,2675.04,2680.72,235874,0,27,106.56999969482422,107.04000091552734,106.3499984741211,106.95999908447266,106.95999908447266,0.0,0.0,0.0,2024-12-12,6074.2900390625,6079.68017578125,6051.25,6051.25,6051.25,3678010000.0,0.0,0.0,2024-12-12,70.25,2024-12-12,EFFR,4.58,4.56,4.58,4.59,4.6,111.0,4.5,4.75,,,,,,,,,,2024-12-12,,
2024-12-13,2680.81,2692.6,2645.92,2648.25,208989,0,27,106.97000122070312,107.19000244140624,106.72000122070312,107.0,107.0,0.0,0.0,0.0,2024-12-13,6068.169921875,6078.580078125,6035.77001953125,6051.08984375,6051.08984375,3584960000.0,0.0,0.0,2024-12-13,71.54,2024-12-13,EFFR,4.58,4.56,4.58,4.59,4.6,102.0,4.5,4.75,,,,,,,,,,2024-12-13,,
2024-12-16,2649.62,2664.28,2643.38,2652.48,167291,0,27,106.9499969482422,107.16999816894533,106.75,106.86000061035156,106.86000061035156,0.0,0.0,0.0,2024-12-16,6063.7900390625,6085.18994140625,6059.14013671875,6074.080078125,6074.080078125,4391100000.0,0.0,0.0,2024-12-16,71.03,2024-12-16,EFFR,4.58,4.56,4.58,4.59,4.6,99.0,4.5,4.75,,,,,,,,,,2024-12-16,,
2024-12-17,2652.37,2658.51,2633.0,2646.25,186733,0,27,106.81999969482422,107.08000183105467,106.6999969482422,106.95999908447266,106.95999908447266,0.0,0.0,0.0,2024-12-17,6052.5498046875,6057.68017578125,6035.18994140625,6050.60986328125,6050.60986328125,4544500000.0,0.0,0.0,2024-12-17,70.31,2024-12-17,EFFR,4.58,4.56,4.58,4.59,4.6,103.0,4.5,4.75,,,,,,,,,,2024-12-17,,
2024-12-18,2645.84,2651.59,2583.63,2585.49,197005,0,27,106.93000030517578,108.2699966430664,106.81999969482422,108.02999877929688,108.02999877929688,0.0,0.0,0.0,2024-12-18,6047.64990234375,6070.669921875,5867.7900390625,5872.16015625,5872.16015625,5246960000.0,0.0,0.0,2024-12-18,70.8,2024-12-18,EFFR,4.58,4.56,4.58,4.59,4.6,112.0,4.5,4.75,,,,,,,,,,2024-12-18,,
2024-12-19,2584.79,2626.33,2582.06,2594.23,194942,0,27,108.0999984741211,108.48999786376952,107.81999969482422,108.41000366210938,108.41000366210938,0.0,0.0,0.0,2024-12-19,5912.7099609375,5935.52001953125,5866.06982421875,5867.080078125,5867.080078125,4896880000.0,0.0,0.0,2024-12-19,70.1,2024-12-19,EFFR,4.33,4.31,4.33,4.34,4.35,104.0,4.25,4.5,,,,,,,,,,2024-12-19,,
2024-12-20,2594.29,2631.67,2589.5,2622.37,171192,0,27,108.4800033569336,108.54000091552734,107.58999633789062,107.62000274658205,107.62000274658205,0.0,0.0,0.0,2024-12-20,5842.0,5982.06005859375,5832.2998046875,5930.85009765625,5930.85009765625,8223220000.0,0.0,0.0,2024-12-20,69.71,2024-12-20,EFFR,4.33,4.31,4.33,4.34,4.35,113.0,4.25,4.5,,,,,,,,,,2024-12-20,,
2024-12-23,2623.66,2633.13,2608.05,2612.9,128415,0,27,107.81999969482422,108.27999877929688,107.68000030517578,108.04000091552734,108.04000091552734,0.0,0.0,0.0,2024-12-23,5940.25,5978.25,5902.56982421875,5974.06982421875,5974.06982421875,3593280000.0,0.0,0.0,2024-12-23,69.5,2024-12-23,EFFR,4.33,4.31,4.33,4.33,4.35,119.0,4.25,4.5,,,,,,,,,,2024-12-23,,
2024-12-24,2613.26,2621.31,2609.93,2617.43,92691,0,27,108.16000366210938,108.3000030517578,107.91999816894533,108.26000213623048,108.26000213623048,0.0,0.0,0.0,2024-12-24,5984.6298828125,6040.10009765625,5981.43994140625,6040.0400390625,6040.0400390625,1757720000.0,0.0,0.0,2024-12-24,70.87,2024-12-24,EFFR,4.33,4.31,4.33,4.33,4.35,118.0,4.25,4.5,,,,,,,,,,2024-12-24,,
2024-12-26,2626.22,2638.94,2621.6,2633.66,86518,0,27,108.16999816894533,108.3000030517578,108.02999877929688,108.12999725341795,108.12999725341795,0.0,0.0,0.0,2024-12-26,6024.97021484375,6049.75,6007.3701171875,6037.58984375,6037.58984375,2904530000.0,0.0,0.0,2024-12-26,70.38,2024-12-26,EFFR,4.33,4.31,4.32,4.33,4.35,128.0,4.25,4.5,,,,,,,,,,2024-12-26,,
2024-12-27,2628.58,2638.13,2611.47,2621.54,142927,0,27,108.08000183105467,108.1999969482422,107.87000274658205,108.0,108.0,0.0,0.0,0.0,2024-12-27,6006.169921875,6006.169921875,5932.9501953125,5970.83984375,5970.83984375,3159610000.0,0.0,0.0,2024-12-27,71.28,2024-12-27,EFFR,4.33,4.31,4.33,4.34,4.35,119.0,4.25,4.5,,,,,,,,,,2024-12-27,,
2024-12-30,2619.38,2627.98,2595.97,2605.58,161948,0,27,108.01000213623048,108.37999725341795,107.73999786376952,108.12999725341795,108.12999725341795,0.0,0.0,0.0,2024-12-30,5920.669921875,5940.7900390625,5869.16015625,5906.93994140625,5906.93994140625,3433250000.0,0.0,0.0,2024-12-30,71.73,2024-12-30,EFFR,4.33,4.31,4.33,4.33,4.35,108.0,4.25,4.5,,,,,,,,,,2024-12-30,,
2024-12-31,2606.24,2627.39,2602.48,2623.23,126950,0,27,108.08999633789062,108.58000183105467,107.87000274658205,108.48999786376952,108.48999786376952,0.0,0.0,0.0,2024-12-31,5919.740234375,5929.740234375,5868.85986328125,5881.6298828125,5881.6298828125,3128350000.0,0.0,0.0,2024-12-31,72.44,2024-12-31,EFFR,4.33,4.31,4.33,4.35,4.45,53.0,4.25,4.5,,,,,,,,,,2024-12-31,,
2025-01-02,2634.02,2660.42,2630.98,2657.85,152745,0,27,108.52999877929688,109.52999877929688,108.2699966430664,109.38999938964844,109.38999938964844,0.0,0.0,0.0,2025-01-02,5903.259765625,5935.08984375,5829.52978515625,5868.5498046875,5868.5498046875,3621680000.0,0.0,0.0,2025-01-02,73.79,2025-01-02,EFFR,4.33,4.31,4.33,4.34,4.35,106.0,4.25,4.5,,,,,,,,,,2025-01-02,,
2025-01-03,2657.86,2665.09,2636.58,2640.17,165885,0,27,109.1999969482422,109.22000122070312,108.9000015258789,108.9499969482422,108.9499969482422,0.0,0.0,0.0,2025-01-03,5891.06982421875,5949.33984375,5888.66015625,5942.47021484375,5942.47021484375,3667340000.0,0.0,0.0,2025-01-03,74.64,2025-01-03,EFFR,4.33,4.31,4.33,4.34,4.4,102.0,4.25,4.5,,,,,,,,,,2025-01-03,,
2025-01-06,2639.2,2649.32,2614.6,2635.82,208507,0,27,108.91999816894533,109.06999969482422,107.75,108.26000213623048,108.26000213623048,0.0,0.0,0.0,2025-01-06,5982.81005859375,6021.0400390625,5960.009765625,5975.3798828125,5975.3798828125,4940120000.0,0.0,0.0,2025-01-06,74.31,2025-01-06,EFFR,4.33,4.31,4.33,4.34,4.4,98.0,4.25,4.5,,,,,,,,,,2025-01-06,,
2025-01-07,2636.12,2664.14,2632.84,2648.54,184111,0,27,108.33999633789062,108.6999969482422,107.8499984741211,108.54000091552734,108.54000091552734,0.0,0.0,0.0,2025-01-07,5993.259765625,6000.68017578125,5890.68017578125,5909.02978515625,5909.02978515625,4517330000.0,0.0,0.0,2025-01-07,74.99,2025-01-07,EFFR,4.33,4.31,4.33,4.34,4.4,99.0,4.25,4.5,,,,,,,,,,2025-01-07,,
2025-01-08,2647.66,2669.97,2645.12,2661.42,179802,0,27,108.62000274658205,109.37999725341795,108.5500030517578,109.08999633789062,109.08999633789062,0.0,0.0,0.0,2025-01-08,5910.66015625,5927.89013671875,5874.77978515625,5918.25,5918.25,4441740000.0,0.0,0.0,2025-01-08,73.99,2025-01-08,EFFR,4.33,4.31,4.33,4.34,4.35,105.0,4.25,4.5,,,,,,,,,,2025-01-08,,
2025-01-09,2660.6,2678.18,2655.35,2670.15,140646,0,27,109.08999633789062,109.37999725341795,108.94000244140624,109.18000030517578,109.18000030517578,0.0,0.0,0.0,2025-01-09,,,,,,,,,,,2025-01-09,EFFR,4.33,4.31,4.33,4.34,4.35,104.0,4.25,4.5,,,,,,,,,,2025-01-09,,
2025-01-10,2670.02,2697.9,2663.63,2689.05,215808,0,27,109.2300033569336,109.97000122070312,109.08000183105467,109.6500015258789,109.6500015258789,0.0,0.0,0.0,2025-01-10,5890.35009765625,5890.35009765625,5807.77978515625,5827.0400390625,5827.0400390625,4751930000.0,0.0,0.0,2025-01-10,77.27,2025-01-10,EFFR,4.33,4.31,4.33,4.34,4.35,102.0,4.25,4.5,,,,,,,,,,2025-01-10,,
2025-01-13,2689.83,2693.0,2656.65,2662.88,204106,0,27,109.63999938964844,110.18000030517578,109.41000366210938,109.95999908447266,109.95999908447266,0.0,0.0,0.0,2025-01-13,5782.02001953125,5838.60986328125,5773.31005859375,5836.22021484375,5836.22021484375,4421200000.0,0.0,0.0,2025-01-13,79.57,2025-01-13,EFFR,4.33,4.31,4.33,4.33,4.35,104.0,4.25,4.5,,,,,,,,,,2025-01-13,,
2025-01-14,2663.14,2678.09,2659.72,2677.05,174396,0,27,109.56999969482422,109.76000213623048,109.18000030517578,109.2699966430664,109.2699966430664,0.0,0.0,0.0,2025-01-14,5859.27001953125,5871.919921875,5805.419921875,5842.91015625,5842.91015625,4142280000.0,0.0,0.0,2025-01-14,78.2,2025-01-14,EFFR,4.33,4.31,4.32,4.33,4.35,112.0,4.25,4.5,,,,,,,,,,2025-01-14,,
2025-01-15,2678.31,2697.31,2669.21,2696.56,184380,0,27,109.2300033569336,109.37999725341795,108.5999984741211,109.08999633789062,109.08999633789062,0.0,0.0,0.0,2025-01-15,5905.2099609375,5960.60986328125,5905.2099609375,5949.91015625,5949.91015625,4544570000.0,0.0,0.0,2025-01-15,80.73,2025-01-15,EFFR,4.33,4.31,4.32,4.34,4.35,108.0,4.25,4.5,,,,,,,,,,2025-01-15,,
2025-01-16,2695.15,2724.54,2689.83,2714.44,194554,0,27,109.06999969482422,109.37999725341795,108.83000183105467,108.95999908447266,108.95999908447266,0.0,0.0,0.0,2025-01-16,5963.60986328125,5964.68994140625,5930.72021484375,5937.33984375,5937.33984375,4285810000.0,0.0,0.0,2025-01-16,79.35,2025-01-16,EFFR,4.33,4.31,4.32,4.34,4.35,105.0,4.25,4.5,,,,,,,,,,2025-01-16,,
2025-01-17,2713.82,2717.22,2698.91,2702.18,184069,0,27,108.93000030517578,109.41999816894533,108.83000183105467,109.3499984741211,109.3499984741211,0.0,0.0,0.0,2025-01-17,5995.39990234375,6014.9599609375,5978.43994140625,5996.66015625,5996.66015625,4366830000.0,0.0,0.0,2025-01-17,78.56,2025-01-17,EFFR,4.33,4.31,4.32,4.34,4.38,102.0,4.25,4.5,,,,,,,,,,2025-01-17,,
2025-01-20,2701.63,2713.63,2689.25,2708.13,165864,0,27,,,,,,,,,,,,,,,,,,,,2025-01-20,,,,,,,,,,,,,,,,,,,,,
2025-01-21,2706.28,2745.87,2702.66,2744.81,209021,0,27,107.9800033569336,108.79000091552734,107.91999816894533,108.05999755859376,108.05999755859376,0.0,0.0,0.0,2025-01-21,6014.1201171875,6051.509765625,6006.8798828125,6049.240234375,6049.240234375,4702920000.0,0.0,0.0,2025-01-21,76.79,2025-01-21,EFFR,4.33,4.31,4.32,4.34,4.4,100.0,4.25,4.5,,,,,,,,,,2025-01-21,,
2025-01-22,2743.84,2763.24,2741.82,2756.12,168592,0,27,107.98999786376952,108.2699966430664,107.75,108.16999816894533,108.16999816894533,0.0,0.0,0.0,2025-01-22,6081.39013671875,6100.81005859375,6076.1298828125,6086.3701171875,6086.3701171875,4323040000.0,0.0,0.0,2025-01-22,76.12,2025-01-22,EFFR,4.33,4.31,4.33,4.34,4.43,101.0,4.25,4.5,,,,,,,,,,2025-01-22,,
2025-01-23,2755.74,2758.87,2735.67,2754.55,162102,0,27,108.25,108.51000213623048,107.91999816894533,108.0500030517578,108.0500030517578,0.0,0.0,0.0,2025-01-23,6076.31982421875,6118.72998046875,6074.669921875,6118.7099609375,6118.7099609375,4432250000.0,0.0,0.0,2025-01-23,75.03,2025-01-23,EFFR,4.33,4.31,4.33,4.34,4.4,93.0,4.25,4.5,,,,,,,,,,2025-01-23,,
2025-01-24,2754.0,2785.81,2753.31,2770.95,174007,0,27,108.08999633789062,108.19000244140624,107.22000122070312,107.44000244140624,107.44000244140624,0.0,0.0,0.0,2025-01-24,6121.43017578125,6128.18017578125,6088.740234375,6101.240234375,6101.240234375,4214250000.0,0.0,0.0,2025-01-24,74.97,2025-01-24,EFFR,4.33,4.31,4.33,4.34,4.4,97.0,4.25,4.5,,,,,,,,,,2025-01-24,,
2025-01-27,2769.67,2772.4,2730.29,2740.87,212599,0,27,107.47000122070312,107.80999755859376,106.97000122070312,107.33999633789062,107.33999633789062,0.0,0.0,0.0,2025-01-27,5969.0400390625,6017.169921875,5962.919921875,6012.27978515625,6012.27978515625,5198750000.0,0.0,0.0,2025-01-27,73.51,2025-01-27,EFFR,4.33,4.31,4.33,4.34,4.4,97.0,4.25,4.5,,,,,,,,,,2025-01-27,,
2025-01-28,2740.09,2764.96,2734.74,2763.27,156132,0,27,107.70999908447266,108.0500030517578,107.69000244140624,107.87000274658205,107.87000274658205,0.0,0.0,0.0,2025-01-28,6026.97021484375,6074.5400390625,5994.6298828125,6067.7001953125,6067.7001953125,4473640000.0,0.0,0.0,2025-01-28,74.15,2025-01-28,EFFR,4.33,4.31,4.33,4.34,4.4,95.0,4.25,4.5,,,,,,,,,,2025-01-28,,
2025-01-29,2762.86,2766.19,2744.56,2759.69,173793,0,27,107.88999938964844,108.3000030517578,107.75,108.0,108.0,0.0,0.0,0.0,2025-01-29,6057.7001953125,6062.830078125,6012.9599609375,6039.31005859375,6039.31005859375,4115310000.0,0.0,0.0,2025-01-29,72.94,2025-01-29,EFFR,4.33,4.31,4.33,4.34,4.4,92.0,4.25,4.5,,,,,,,,,,2025-01-29,,
2025-01-30,2758.39,2798.4,2757.62,2794.48,178451,0,27,107.86000061035156,108.23999786376952,107.5,107.8000030517578,107.8000030517578,0.0,0.0,0.0,2025-01-30,6050.75,6086.64013671875,6027.4599609375,6071.169921875,6071.169921875,4634620000.0,0.0,0.0,2025-01-30,73.1,2025-01-30,EFFR,4.33,4.31,4.33,4.34,4.4,103.0,4.25,4.5,,,,,,,,,,2025-01-30,,
2025-01-31,2794.73,2817.11,2790.85,2798.63,202780,0,27,108.16000366210938,108.56999969482422,107.79000091552734,108.37000274658205,108.37000274658205,0.0,0.0,0.0,2025-01-31,6096.7900390625,6120.91015625,6030.93017578125,6040.52978515625,6040.52978515625,4843770000.0,0.0,0.0,2025-01-31,72.84,2025-01-31,EFFR,4.33,4.32,4.32,4.34,4.42,83.0,4.25,4.5,,,,,,,,,,2025-01-31,,
2025-02-03,2803.59,2830.62,2772.02,2814.29,232284,0,27,108.5,109.87999725341795,108.33999633789062,108.98999786376952,108.98999786376952,0.0,0.0,0.0,2025-02-03,5969.64990234375,6022.1298828125,5923.93017578125,5994.56982421875,5994.56982421875,4797210000.0,0.0,0.0,2025-02-03,73.52,2025-02-03,EFFR,4.33,4.31,4.33,4.34,4.4,94.0,4.25,4.5,,,,,,,,,,2025-02-03,,
2025-02-04,2813.79,2845.26,2807.1,2841.92,181607,0,27,108.68000030517578,109.04000091552734,107.91999816894533,107.95999908447266,107.95999908447266,0.0,0.0,0.0,2025-02-04,5998.14013671875,6042.47998046875,5990.8701171875,6037.8798828125,6037.8798828125,4410160000.0,0.0,0.0,2025-02-04,73.04,2025-02-04,EFFR,4.33,4.31,4.33,4.34,4.4,104.0,4.25,4.5,,,,,,,,,,2025-02-04,,
2025-02-05,2841.18,2882.34,2839.56,2867.3,202609,0,27,108.01000213623048,108.01000213623048,107.3000030517578,107.58000183105467,107.58000183105467,0.0,0.0,0.0,2025-02-05,6020.4501953125,6062.85986328125,6007.06005859375,6061.47998046875,6061.47998046875,4756250000.0,0.0,0.0,2025-02-05,71.39,2025-02-05,EFFR,4.33,4.31,4.33,4.34,4.4,105.0,4.25,4.5,,,,,,,,,,2025-02-05,,
2025-02-06,2865.49,2873.13,2834.02,2855.79,191189,0,27,107.62000274658205,108.0999984741211,107.54000091552734,107.69000244140624,107.69000244140624,0.0,0.0,0.0,2025-02-06,6072.22021484375,6084.02978515625,6046.830078125,6083.56982421875,6083.56982421875,4847120000.0,0.0,0.0,2025-02-06,70.97,2025-02-06,EFFR,4.33,4.31,4.33,4.34,4.4,105.0,4.25,4.5,,,,,,,,,,2025-02-06,,
2025-02-07,2856.25,2886.66,2852.41,2860.91,189815,0,27,107.6999969482422,108.31999969482422,107.5199966430664,108.04000091552734,108.04000091552734,0.0,0.0,0.0,2025-02-07,6083.1298828125,6101.27978515625,6019.9599609375,6025.990234375,6025.990234375,4766900000.0,0.0,0.0,2025-02-07,71.32,2025-02-07,EFFR,4.33,4.31,4.33,4.34,4.4,107.0,4.25,4.5,,,,,,,,,,2025-02-07,,
2025-02-10,2857.59,2911.78,2853.76,2907.87,186940,0,27,108.0999984741211,108.44000244140624,108.08999633789062,108.31999969482422,108.31999969482422,0.0,0.0,0.0,2025-02-10,6046.39990234375,6073.3798828125,6044.83984375,6066.43994140625,6066.43994140625,4458760000.0,0.0,0.0,2025-02-10,72.73,2025-02-10,EFFR,4.33,4.31,4.33,4.34,4.4,96.0,4.25,4.5,,,,,,,,,,2025-02-10,,
2025-02-11,2907.14,2942.46,2881.55,2897.26,249865,0,27,108.33999633789062,108.45999908447266,107.77999877929688,107.95999908447266,107.95999908447266,0.0,0.0,0.0,2025-02-11,6049.31982421875,6076.27978515625,6042.33984375,6068.5,6068.5,4324880000.0,0.0,0.0,2025-02-11,73.67,2025-02-11,EFFR,4.33,4.31,4.33,4.34,4.4,92.0,4.25,4.5,,,,,,,,,,2025-02-11,,
2025-02-12,2896.47,2909.01,2863.72,2904.18,201587,0,27,108.01000213623048,108.5199966430664,107.62999725341795,107.94000244140624,107.94000244140624,0.0,0.0,0.0,2025-02-12,6025.080078125,6063.0,6003.0,6051.97021484375,6051.97021484375,4627960000.0,0.0,0.0,2025-02-12,71.72,2025-02-12,EFFR,4.33,4.31,4.33,4.34,4.4,94.0,4.25,4.5,,,,,,,,,,2025-02-12,,
2025-02-13,2903.44,2929.48,2900.45,2928.21,181614,0,27,107.91999816894533,108.0,107.02999877929688,107.30999755859376,107.30999755859376,0.0,0.0,0.0,2025-02-13,6060.58984375,6116.91015625,6050.9501953125,6115.06982421875,6115.06982421875,4763800000.0,0.0,0.0,2025-02-13,71.66,2025-02-13,EFFR,4.33,4.31,4.33,4.34,4.4,94.0,4.25,4.5,,,,,,,,,,2025-02-13,,
2025-02-14,2927.24,2939.86,2876.88,2882.41,191264,0,27,107.12000274658205,107.18000030517578,106.56999969482422,106.56999969482422,106.56999969482422,0.0,0.0,0.0,2025-02-14,6115.52001953125,6127.47021484375,6107.6201171875,6114.6298828125,6114.6298828125,4335190000.0,0.0,0.0,2025-02-14,71.05,2025-02-14,EFFR,4.33,4.31,4.33,4.34,4.4,91.0,4.25,4.5,,,,,,,,,,2025-02-14,,
2025-02-17,2882.86,2906.31,2878.1,2897.81,106852,0,27,,,,,,,,,,,,,,,,,,,,2025-02-17,,,,,,,,,,,,,,,,,,,,,
2025-02-18,2898.4,2936.89,2891.93,2935.14,118503,0,27,106.81999969482422,107.12000274658205,106.80999755859376,107.0500030517578,107.0500030517578,0.0,0.0,0.0,2025-02-18,6121.60009765625,6129.6298828125,6099.509765625,6129.580078125,6129.580078125,4684980000.0,0.0,0.0,2025-02-18,72.21,2025-02-18,EFFR,4.33,4.31,4.33,4.34,4.45,89.0,4.25,4.5,,,,,,,,,,2025-02-18,,
2025-02-19,2935.29,2946.84,2918.47,2933.1,161025,0,27,107.02999877929688,107.37999725341795,106.87999725341795,107.16999816894533,107.16999816894533,0.0,0.0,0.0,2025-02-19,6117.759765625,6147.43017578125,6111.14990234375,6144.14990234375,6144.14990234375,4562330000.0,0.0,0.0,2025-02-19,72.58,2025-02-19,EFFR,4.33,4.31,4.33,4.34,4.45,95.0,4.25,4.5,,,,,,,,,,2025-02-19,,
2025-02-20,2932.96,2954.8,2923.95,2939.09,157793,0,27,107.12000274658205,107.1500015258789,106.33999633789062,106.33999633789062,106.33999633789062,0.0,0.0,0.0,2025-02-20,6134.5,6134.5,6084.58984375,6117.52001953125,6117.52001953125,4813690000.0,0.0,0.0,2025-02-20,72.88,2025-02-20,EFFR,4.33,4.31,4.33,4.34,4.4,98.0,4.25,4.5,,,,,,,,,,2025-02-20,,
2025-02-21,2937.96,2949.59,2916.71,2935.72,148912,0,27,106.45999908447266,106.75,106.37999725341795,106.61000061035156,106.61000061035156,0.0,0.0,0.0,2025-02-21,6114.10009765625,6114.81982421875,6008.56005859375,6013.1298828125,6013.1298828125,5434560000.0,0.0,0.0,2025-02-21,70.72,2025-02-21,EFFR,4.33,4.31,4.33,4.34,4.4,103.0,4.25,4.5,,,,,,,,,,2025-02-21,,
2025-02-24,2934.75,2956.07,2921.05,2952.47,153516,0,27,106.63999938964844,106.75,106.12999725341795,106.5999984741211,106.5999984741211,0.0,0.0,0.0,2025-02-24,6026.68994140625,6043.64990234375,5977.830078125,5983.25,5983.25,4990120000.0,0.0,0.0,2025-02-24,71.06,2025-02-24,EFFR,4.33,4.31,4.33,4.34,4.4,99.0,4.25,4.5,,,,,,,,,,2025-02-24,,
2025-02-25,2952.62,2953.54,2888.11,2914.75,181940,0,27,106.7699966430664,106.79000091552734,106.19000244140624,106.30999755859376,106.30999755859376,0.0,0.0,0.0,2025-02-25,5982.72998046875,5992.64990234375,5908.490234375,5955.25,5955.25,5374690000.0,0.0,0.0,2025-02-25,69.15,2025-02-25,EFFR,4.33,4.31,4.33,4.34,4.45,108.0,4.25,4.5,,,,,,,,,,2025-02-25,,
2025-02-26,2914.42,2930.05,2890.71,2916.14,139960,0,27,106.16999816894533,106.6500015258789,106.16000366210938,106.41999816894533,106.41999816894533,0.0,0.0,0.0,2025-02-26,5970.8701171875,6009.81982421875,5932.68994140625,5956.06005859375,5956.06005859375,4869580000.0,0.0,0.0,2025-02-26,68.87,2025-02-26,EFFR,4.33,4.31,4.33,4.34,4.4,108.0,4.25,4.5,,,,,,,,,,2025-02-26,,
2025-02-27,2916.12,2920.65,2867.63,2876.91,206764,0,27,106.52999877929688,107.30999755859376,106.5199966430664,107.23999786376952,107.23999786376952,0.0,0.0,0.0,2025-02-27,5981.8798828125,5993.68994140625,5858.77978515625,5861.56982421875,5861.56982421875,5057680000.0,0.0,0.0,2025-02-27,70.62,2025-02-27,EFFR,4.33,4.31,4.33,4.34,4.4,110.0,4.25,4.5,,,,,,,,,,2025-02-27,,
2025-02-28,2876.79,2884.9,2832.55,2857.82,209995,0,27,107.25,107.66000366210938,107.18000030517578,107.61000061035156,107.61000061035156,0.0,0.0,0.0,2025-02-28,5856.740234375,5959.39990234375,5837.66015625,5954.5,5954.5,6441140000.0,0.0,0.0,2025-02-28,69.97,2025-02-28,EFFR,4.33,4.31,4.32,4.34,4.4,95.0,4.25,4.5,,,,,,,,,,2025-02-28,,
2025-03-03,2855.41,2895.08,2854.93,2893.32,183117,0,27,107.55999755859376,107.55999755859376,106.47000122070312,106.75,106.75,0.0,0.0,0.0,2025-03-03,5968.330078125,5986.08984375,5810.91015625,5849.72021484375,5849.72021484375,5613850000.0,0.0,0.0,2025-03-03,68.63,2025-03-03,EFFR,4.33,4.31,4.33,4.34,4.4,110.0,4.25,4.5,,,,,,,,,,2025-03-03,,
2025-03-04,2892.78,2927.74,2881.73,2917.52,185743,0,27,106.55999755859376,106.6500015258789,105.52999877929688,105.73999786376952,105.73999786376952,0.0,0.0,0.0,2025-03-04,5811.97998046875,5865.080078125,5732.58984375,5778.14990234375,5778.14990234375,6138110000.0,0.0,0.0,2025-03-04,68.47,2025-03-04,EFFR,4.33,4.31,4.33,4.34,4.4,104.0,4.25,4.5,,,,,,,,,,2025-03-04,,
2025-03-05,2917.3,2929.79,2894.18,2918.89,207684,0,27,105.62000274658205,105.7699966430664,104.26000213623048,105.73999786376952,105.73999786376952,0.0,0.0,0.0,2025-03-05,5781.35986328125,5860.58984375,5742.35009765625,5842.6298828125,5842.6298828125,5285970000.0,0.0,0.0,2025-03-05,66.58,2025-03-05,EFFR,4.33,4.31,4.33,4.34,4.4,112.0,4.25,4.5,,,,,,,,,,2025-03-05,,
2025-03-06,2918.97,2926.45,2891.22,2910.87,180428,0,27,104.31999969482422,104.38999938964844,103.76000213623048,104.05999755859376,104.05999755859376,0.0,0.0,0.0,2025-03-06,5785.8701171875,5812.080078125,5711.64013671875,5738.52001953125,5738.52001953125,5165080000.0,0.0,0.0,2025-03-06,66.62,2025-03-06,EFFR,4.33,4.31,4.33,4.33,4.4,115.0,4.25,4.5,,,,,,,,,,2025-03-06,,
2025-03-07,2910.39,2930.24,2896.19,2911.09,183772,0,27,104.11000061035156,104.23999786376952,103.45999908447266,103.83999633789062,103.83999633789062,0.0,0.0,0.0,2025-03-07,5726.009765625,5783.009765625,5666.2900390625,5770.2001953125,5770.2001953125,5705140000.0,0.0,0.0,2025-03-07,67.29,2025-03-07,EFFR,4.33,4.31,4.33,4.34,4.4,110.0,4.25,4.5,,,,,,,,,,2025-03-07,,
2025-03-10,2910.96,2918.17,2880.16,2889.15,196961,0,27,103.91000366210938,104.05999755859376,103.55999755859376,103.91000366210938,103.91000366210938,0.0,0.0,0.0,2025-03-10,5705.3701171875,5705.3701171875,5564.02001953125,5614.56005859375,5614.56005859375,6409370000.0,0.0,0.0,2025-03-10,66.31,2025-03-10,EFFR,4.33,4.31,4.33,4.34,4.4,105.0,4.25,4.5,,,,,,,,,,2025-03-10,,
2025-03-11,2888.52,2922.18,2879.74,2915.55,160298,0,27,103.83999633789062,103.91999816894533,103.22000122070312,103.44000244140624,103.44000244140624,0.0,0.0,0.0,2025-03-11,5603.64990234375,5636.2998046875,5528.41015625,5572.06982421875,5572.06982421875,6221240000.0,0.0,0.0,2025-03-11,66.52,2025-03-11,EFFR,4.33,4.31,4.33,4.34,4.4,97.0,4.25,4.5,,,,,,,,,,2025-03-11,,
2025-03-12,2915.77,2940.4,2905.97,2933.13,166781,0,27,103.41999816894533,103.77999877929688,103.3499984741211,103.61000061035156,103.61000061035156,0.0,0.0,0.0,2025-03-12,5624.83984375,5642.18994140625,5546.08984375,5599.2998046875,5599.2998046875,5219830000.0,0.0,0.0,2025-03-12,67.65,2025-03-12,EFFR,4.33,4.31,4.33,4.34,4.4,98.0,4.25,4.5,,,,,,,,,,2025-03-12,,
2025-03-13,2933.53,2989.08,2932.3,2988.5,171424,0,27,103.61000061035156,104.08000183105467,103.51000213623048,103.83000183105467,103.83000183105467,0.0,0.0,0.0,2025-03-13,5594.4501953125,5597.77978515625,5504.64990234375,5521.52001953125,5521.52001953125,5018980000.0,0.0,0.0,2025-03-13,66.82,2025-03-13,EFFR,4.33,4.31,4.33,4.33,4.4,105.0,4.25,4.5,,,,,,,,,,2025-03-13,,
2025-03-14,2988.44,3004.8,2978.34,2985.76,168170,0,27,103.83999633789062,104.08999633789062,103.56999969482422,103.72000122070312,103.72000122070312,0.0,0.0,0.0,2025-03-14,5563.85009765625,5645.27001953125,5563.85009765625,5638.93994140625,5638.93994140625,4863180000.0,0.0,0.0,2025-03-14,67.43,2025-03-14,EFFR,4.33,4.31,4.33,4.34,4.4,104.0,4.25,4.5,,,,,,,,,,2025-03-14,,
2025-03-17,2983.56,3001.8,2982.2,3000.78,125567,0,27,103.73999786376952,103.80999755859376,103.3000030517578,103.37000274658205,103.37000274658205,0.0,0.0,0.0,2025-03-17,5635.60009765625,5703.52001953125,5631.1201171875,5675.1201171875,5675.1201171875,5031770000.0,0.0,0.0,2025-03-17,67.84,2025-03-17,EFFR,4.33,4.31,4.33,4.34,4.4,106.0,4.25,4.5,,,,,,,,,,2025-03-17,,
2025-03-18,3000.95,3038.12,2999.29,3033.74,149711,0,27,103.44000244140624,103.68000030517578,103.1999969482422,103.23999786376952,103.23999786376952,0.0,0.0,0.0,2025-03-18,5654.52978515625,5654.52978515625,5597.759765625,5614.66015625,5614.66015625,4666270000.0,0.0,0.0,2025-03-18,67.49,2025-03-18,EFFR,4.33,4.31,4.33,4.33,4.35,113.0,4.25,4.5,,,,,,,,,,2025-03-18,,
2025-03-19,3033.77,3051.8,3022.49,3047.17,143436,0,27,103.2699966430664,103.91000366210938,103.25,103.43000030517578,103.43000030517578,0.0,0.0,0.0,2025-03-19,5632.3701171875,5715.330078125,5622.2001953125,5675.2900390625,5675.2900390625,4660090000.0,0.0,0.0,2025-03-19,67.4,2025-03-19,EFFR,4.33,4.31,4.33,4.33,4.4,106.0,4.25,4.5,,,,,,,,,,2025-03-19,,
2025-03-20,3047.1,3057.33,3025.53,3044.3,175600,0,27,103.43000030517578,104.12999725341795,103.31999969482422,103.8499984741211,103.8499984741211,0.0,0.0,0.0,2025-03-20,5646.919921875,5711.14990234375,5632.330078125,5662.89013671875,5662.89013671875,4678420000.0,0.0,0.0,2025-03-20,68.55,2025-03-20,EFFR,4.33,4.31,4.32,4.33,4.4,109.0,4.25,4.5,,,,,,,,,,2025-03-20,,
2025-03-21,3044.1,3047.35,2999.26,3023.03,160629,0,27,103.77999877929688,104.22000122070312,103.76000213623048,104.08999633789062,104.08999633789062,0.0,0.0,0.0,2025-03-21,5630.72998046875,5670.83984375,5603.10009765625,5667.56005859375,5667.56005859375,9367460000.0,0.0,0.0,2025-03-21,68.52,2025-03-21,EFFR,4.33,4.31,4.33,4.34,4.4,106.0,4.25,4.5,,,,,,,,,,2025-03-21,,
2025-03-24,3021.64,3033.14,3002.34,3011.95,175786,0,27,104.1500015258789,104.44000244140624,103.83999633789062,104.26000213623048,104.26000213623048,0.0,0.0,0.0,2025-03-24,5718.080078125,5775.14013671875,5718.080078125,5767.56982421875,5767.56982421875,4517990000.0,0.0,0.0,2025-03-24,69.46,2025-03-24,EFFR,4.33,4.31,4.32,4.33,4.4,107.0,4.25,4.5,,,,,,,,,,2025-03-24,,
2025-03-25,3010.92,3035.92,3007.44,3019.85,134806,0,27,104.33000183105467,104.47000122070312,103.94000244140624,104.18000030517578,104.18000030517578,0.0,0.0,0.0,2025-03-25,5775.9599609375,5786.9501953125,5760.419921875,5776.64990234375,5776.64990234375,4467340000.0,0.0,0.0,2025-03-25,69.48,2025-03-25,EFFR,4.33,4.31,4.33,4.33,4.4,105.0,4.25,4.5,,,,,,,,,,2025-03-25,,
2025-03-26,3019.15,3031.97,3012.16,3018.93,143611,0,27,104.25,104.68000030517578,104.18000030517578,104.5500030517578,104.5500030517578,0.0,0.0,0.0,2025-03-26,5771.66015625,5783.6201171875,5694.41015625,5712.2001953125,5712.2001953125,4183140000.0,0.0,0.0,2025-03-26,70.05,2025-03-26,EFFR,4.33,4.31,4.33,4.34,4.4,104.0,4.25,4.5,,,,,,,,,,2025-03-26,,
2025-03-27,3018.58,3059.54,3017.49,3056.67,173763,0,27,104.6500015258789,104.6500015258789,104.06999969482422,104.06999969482422,104.06999969482422,0.0,0.0,0.0,2025-03-27,5695.64013671875,5732.27978515625,5670.93994140625,5693.31005859375,5693.31005859375,4403460000.0,0.0,0.0,2025-03-27,70.3,2025-03-27,EFFR,4.33,4.31,4.33,4.33,4.35,109.0,4.25,4.5,,,,,,,,,,2025-03-27,,
2025-03-28,3056.23,3086.7,3054.08,3085.01,173835,0,27,104.27999877929688,104.5,103.9000015258789,104.04000091552734,104.04000091552734,0.0,0.0,0.0,2025-03-28,5679.2001953125,5685.89013671875,5572.419921875,5580.93994140625,5580.93994140625,4513330000.0,0.0,0.0,2025-03-28,69.74,2025-03-28,EFFR,4.33,4.31,4.33,4.33,4.35,112.0,4.25,4.5,,,,,,,,,,2025-03-28,,
2025-03-31,3086.49,3127.72,3076.71,3123.74,195595,0,27,104.01000213623048,104.38999938964844,103.75,104.20999908447266,104.20999908447266,0.0,0.0,0.0,2025-03-31,5527.91015625,5627.56005859375,5488.72998046875,5611.85009765625,5611.85009765625,5257250000.0,0.0,0.0,2025-03-31,71.87,2025-03-31,EFFR,4.33,4.3,4.32,4.34,4.45,78.0,4.25,4.5,,,,,,,,,,2025-03-31,,
2025-04-01,3122.68,3148.82,3100.74,3113.98,198982,0,27,104.18000030517578,104.37000274658205,104.0199966430664,104.26000213623048,104.26000213623048,0.0,0.0,0.0,2025-04-01,5597.52978515625,5650.56982421875,5558.52001953125,5633.06982421875,5633.06982421875,4434500000.0,0.0,0.0,2025-04-01,71.61,2025-04-01,EFFR,4.33,4.31,4.33,4.33,4.4,112.0,4.25,4.5,,,,,,,,,,2025-04-01,320.302,2025-04-01
2025-04-02,3113.67,3142.83,3104.72,3132.07,183972,0,27,104.1999969482422,104.30999755859376,103.37000274658205,103.80999755859376,103.80999755859376,0.0,0.0,0.0,2025-04-02,5580.759765625,5695.31005859375,5571.47998046875,5670.97021484375,5670.97021484375,4243830000.0,0.0,0.0,2025-04-02,72.12,2025-04-02,EFFR,4.33,4.31,4.33,4.33,4.4,104.0,4.25,4.5,,,,,,,,,,2025-04-02,,
2025-04-03,3141.02,3167.7,3053.97,3114.11,312847,0,27,103.1500015258789,103.37999725341795,101.2699966430664,102.06999969482422,102.06999969482422,0.0,0.0,0.0,2025-04-03,5492.740234375,5499.52978515625,5390.830078125,5396.52001953125,5396.52001953125,7210470000.0,0.0,0.0,2025-04-03,67.43,2025-04-03,EFFR,4.33,4.31,4.33,4.34,4.4,103.0,4.25,4.5,,,,,,,,,,2025-04-03,,
2025-04-04,3114.32,3136.56,3015.56,3038.45,277214,0,27,101.98999786376952,103.18000030517578,101.54000091552734,103.0199966430664,103.0199966430664,0.0,0.0,0.0,2025-04-04,5292.14013671875,5292.14013671875,5069.89990234375,5074.080078125,5074.080078125,8853500000.0,0.0,0.0,2025-04-04,62.42,2025-04-04,EFFR,4.33,4.31,4.33,4.34,4.4,95.0,4.25,4.5,,,,,,,,,,2025-04-04,,
2025-04-07,3007.97,3055.45,2956.16,2981.87,328725,0,27,103.06999969482422,103.54000091552734,102.18000030517578,103.26000213623048,103.26000213623048,0.0,0.0,0.0,2025-04-07,4953.7900390625,5246.56982421875,4835.0400390625,5062.25,5062.25,8691980000.0,0.0,0.0,2025-04-07,61.05,2025-04-07,EFFR,4.33,4.31,4.33,4.34,4.4,93.0,4.25,4.5,,,,,,,,,,2025-04-07,,
2025-04-08,2981.1,3022.56,2974.59,2981.97,241334,0,27,103.43000030517578,103.44000244140624,102.75,102.95999908447266,102.95999908447266,0.0,0.0,0.0,2025-04-08,5193.56982421875,5267.47021484375,4910.419921875,4982.77001953125,4982.77001953125,7408140000.0,0.0,0.0,2025-04-08,60.04,2025-04-08,EFFR,4.33,4.31,4.33,4.34,4.4,93.0,4.25,4.5,,,,,,,,,,2025-04-08,,
2025-04-09,2983.01,3099.58,2969.94,3082.81,330261,0,27,102.75,103.33000183105467,101.83999633789062,102.9000015258789,102.9000015258789,0.0,0.0,0.0,2025-04-09,4965.27978515625,5481.33984375,4948.43017578125,5456.89990234375,5456.89990234375,9489600000.0,0.0,0.0,2025-04-09,62.63,2025-04-09,EFFR,4.33,4.31,4.33,4.34,4.4,92.0,4.25,4.5,,,,,,,,,,2025-04-09,,
2025-04-10,3082.71,3176.33,3070.98,3175.27,287211,0,27,102.98999786376952,103.02999877929688,100.6999969482422,100.87000274658205,100.87000274658205,0.0,0.0,0.0,2025-04-10,5353.14990234375,5353.14990234375,5115.27001953125,5268.0498046875,5268.0498046875,6677140000.0,0.0,0.0,2025-04-10,60.57,2025-04-10,EFFR,4.33,4.31,4.33,4.34,4.35,98.0,4.25,4.5,,,,,,,,,,2025-04-10,,
2025-04-11,3175.57,3245.23,3175.39,3237.64,312268,0,27,100.77999877929688,100.77999877929688,99.01000213623048,99.77999877929688,99.77999877929688,0.0,0.0,0.0,2025-04-11,5255.56005859375,5381.4599609375,5220.77001953125,5363.35986328125,5363.35986328125,5602550000.0,0.0,0.0,2025-04-11,61.91,2025-04-11,EFFR,4.33,4.31,4.33,4.34,4.4,105.0,4.25,4.5,,,,,,,,,,2025-04-11,,
2025-04-14,3226.87,3245.53,3193.56,3210.34,212497,0,27,100.0199966430664,100.16000366210938,99.20999908447266,99.63999938964844,99.63999938964844,0.0,0.0,0.0,2025-04-14,5441.9599609375,5459.4599609375,5358.02001953125,5405.97021484375,5405.97021484375,5031440000.0,0.0,0.0,2025-04-14,61.99,2025-04-14,EFFR,4.33,4.31,4.33,4.34,4.4,99.0,4.25,4.5,,,,,,,,,,2025-04-14,,
2025-04-15,3211.4,3233.54,3209.94,3229.26,152165,0,27,99.80999755859376,100.27999877929688,99.4800033569336,100.22000122070312,100.22000122070312,0.0,0.0,0.0,2025-04-15,5411.990234375,5450.41015625,5386.43994140625,5396.6298828125,5396.6298828125,4317110000.0,0.0,0.0,2025-04-15,61.74,2025-04-15,EFFR,4.33,4.31,4.33,4.34,4.4,96.0,4.25,4.5,,,,,,,,,,2025-04-15,,
2025-04-16,3230.6,3343.01,3229.75,3342.9,224722,0,27,100.05999755859376,100.0999984741211,99.16999816894533,99.37999725341795,99.37999725341795,0.0,0.0,0.0,2025-04-16,5335.75,5367.240234375,5220.7900390625,5275.7001953125,5275.7001953125,4607750000.0,0.0,0.0,2025-04-16,62.88,2025-04-16,EFFR,4.33,4.31,4.33,4.34,4.4,88.0,4.25,4.5,,,,,,,,,,2025-04-16,,
2025-04-17,3342.29,3357.45,3283.81,3326.21,230657,0,27,99.2300033569336,99.75,99.22000122070312,99.37999725341795,99.37999725341795,0.0,0.0,0.0,2025-04-17,5305.4501953125,5328.31005859375,5255.580078125,5282.7001953125,5282.7001953125,4714880000.0,0.0,0.0,2025-04-17,65.07,2025-04-17,EFFR,4.33,4.31,4.33,4.34,4.4,99.0,4.25,4.5,,,,,,,,,,2025-04-17,,
2025-04-21,3331.55,3430.45,3327.9,3424.19,240724,0,27,99.08000183105467,99.20999908447266,97.91999816894533,98.27999877929688,98.27999877929688,0.0,0.0,0.0,2025-04-21,5232.93994140625,5232.93994140625,5101.6298828125,5158.2001953125,5158.2001953125,4226340000.0,0.0,0.0,2025-04-21,63.48,2025-04-21,EFFR,4.33,4.31,4.33,4.34,4.44,96.0,4.25,4.5,,,,,,,,,,2025-04-21,,
2025-04-22,3423.79,3499.9,3366.68,3380.9,304255,0,27,98.3000030517578,99.3499984741211,98.01000213623048,98.91999816894533,98.91999816894533,0.0,0.0,0.0,2025-04-22,5207.669921875,5309.60986328125,5207.669921875,5287.759765625,5287.759765625,4666950000.0,0.0,0.0,2025-04-22,64.6,2025-04-22,EFFR,4.33,4.31,4.33,4.34,4.45,99.0,4.25,4.5,,,,,,,,,,2025-04-22,,
2025-04-23,3350.3,3386.4,3260.04,3288.19,280199,0,27,99.4800033569336,99.94000244140624,98.86000061035156,99.83999633789062,99.83999633789062,0.0,0.0,0.0,2025-04-23,5395.919921875,5469.68994140625,5356.169921875,5375.85986328125,5375.85986328125,5371390000.0,0.0,0.0,2025-04-23,62.64,2025-04-23,EFFR,4.33,4.31,4.33,4.34,4.45,107.0,4.25,4.5,,,,,,,,,,2025-04-23,,
2025-04-24,3288.11,3367.24,3287.86,3348.5,217203,0,27,99.75,99.83999633789062,99.22000122070312,99.29000091552734,99.29000091552734,0.0,0.0,0.0,2025-04-24,5381.3798828125,5489.39990234375,5371.9599609375,5484.77001953125,5484.77001953125,4697710000.0,0.0,0.0,2025-04-24,63.55,2025-04-24,EFFR,4.33,4.31,4.33,4.34,4.45,103.0,4.25,4.5,,,,,,,,,,2025-04-24,,
2025-04-25,3351.22,3370.76,3265.06,3318.87,208825,0,27,99.41000366210938,99.88999938964844,99.4000015258789,99.47000122070312,99.47000122070312,0.0,0.0,0.0,2025-04-25,5489.72998046875,5528.10986328125,5455.85986328125,5525.2099609375,5525.2099609375,4236580000.0,0.0,0.0,2025-04-25,63.85,2025-04-25,EFFR,4.33,4.31,4.33,4.34,4.46,112.0,4.25,4.5,,,,,,,,,,2025-04-25,,
2025-04-28,3324.94,3352.84,3267.85,3343.92,192994,0,27,99.61000061035156,99.83999633789062,98.9000015258789,99.01000213623048,99.01000213623048,0.0,0.0,0.0,2025-04-28,5529.22021484375,5553.66015625,5468.64013671875,5528.75,5528.75,4257880000.0,0.0,0.0,2025-04-28,63.3,2025-04-28,EFFR,4.33,4.31,4.33,4.34,4.45,105.0,4.25,4.5,,,,,,,,,,2025-04-28,,
2025-04-29,3344.61,3348.43,3299.55,3317.01,173131,0,27,99.04000091552734,99.37000274658205,98.9499969482422,99.23999786376952,99.23999786376952,0.0,0.0,0.0,2025-04-29,5508.8701171875,5571.9501953125,5505.7001953125,5560.830078125,5560.830078125,4747150000.0,0.0,0.0,2025-04-29,61.84,2025-04-29,EFFR,4.33,4.31,4.33,4.34,4.46,104.0,4.25,4.5,,,,,,,,,,2025-04-29,,
2025-04-30,3314.21,3327.95,3266.76,3288.34,187657,0,27,99.16999816894533,99.70999908447266,99.13999938964844,99.47000122070312,99.47000122070312,0.0,0.0,0.0,2025-04-30,5499.43994140625,5581.83984375,5433.240234375,5569.06005859375,5569.06005859375,5449490000.0,0.0,0.0,2025-04-30,59.55,2025-04-30,EFFR,4.33,4.31,4.33,4.34,4.46,92.0,4.25,4.5,,,,,,,,,,2025-04-30,,
2025-05-01,3286.69,3289.78,3201.76,3237.87,196466,0,27,99.6500015258789,100.37999725341795,99.61000061035156,100.25,100.25,0.0,0.0,0.0,2025-05-01,5625.14013671875,5658.91015625,5597.35009765625,5604.14013671875,5604.14013671875,4935270000.0,0.0,0.0,2025-05-01,60.59,2025-05-01,EFFR,4.33,4.31,4.33,4.34,4.46,107.0,4.25,4.5,,,,,,,,,,2025-05-01,320.62,2025-05-01
2025-05-02,3238.78,3269.14,3222.67,3240.84,197598,0,27,100.18000030517578,100.33000183105467,99.4000015258789,100.0,100.0,0.0,0.0,0.0,2025-05-02,5645.8798828125,5700.7001953125,5642.27978515625,5686.669921875,5686.669921875,4854380000.0,0.0,0.0,2025-05-02,59.67,2025-05-02,EFFR,4.33,4.31,4.33,4.34,4.45,111.0,4.25,4.5,,,,,,,,,,2025-05-02,,
2025-05-05,3239.08,3337.49,3237.35,3333.73,199149,0,27,100.0,100.0500030517578,99.45999908447266,99.83000183105467,99.83000183105467,0.0,0.0,0.0,2025-05-05,5655.31982421875,5683.3798828125,5634.47998046875,5650.3798828125,5650.3798828125,4358260000.0,0.0,0.0,2025-05-05,58.5,2025-05-05,EFFR,4.33,4.31,4.33,4.33,4.45,117.0,4.25,4.5,,,,,,,,,,2025-05-05,,
2025-05-06,3335.63,3434.91,3322.68,3430.36,246795,0,27,99.83000183105467,100.0999984741211,99.16999816894533,99.23999786376952,99.23999786376952,0.0,0.0,0.0,2025-05-06,5605.8701171875,5649.580078125,5586.0400390625,5606.91015625,5606.91015625,4717260000.0,0.0,0.0,2025-05-06,60.42,2025-05-06,EFFR,4.33,4.31,4.33,4.33,4.45,120.0,4.25,4.5,,,,,,,,,,2025-05-06,,
2025-05-07,3437.46,3437.76,3360.1,3364.33,247410,0,27,99.5,99.97000122070312,99.29000091552734,99.61000061035156,99.61000061035156,0.0,0.0,0.0,2025-05-07,5614.18017578125,5654.72998046875,5578.64013671875,5631.27978515625,5631.27978515625,4987440000.0,0.0,0.0,2025-05-07,59.42,2025-05-07,EFFR,4.33,4.31,4.33,4.34,4.45,111.0,4.25,4.5,,,,,,,,,,2025-05-07,,
2025-05-08,3365.66,3414.64,3288.68,3305.72,240331,0,27,99.8499984741211,100.76000213623048,99.61000061035156,100.63999938964844,100.63999938964844,0.0,0.0,0.0,2025-05-08,5663.60009765625,5720.10009765625,5635.3798828125,5663.93994140625,5663.93994140625,5627400000.0,0.0,0.0,2025-05-08,61.25,2025-05-08,EFFR,4.33,4.31,4.33,4.34,4.45,113.0,4.25,4.5,,,,,,,,,,2025-05-08,,
2025-05-09,3306.59,3347.4,3274.6,3326.49,197806,0,27,100.63999938964844,100.86000061035156,100.08999633789062,100.33999633789062,100.33999633789062,0.0,0.0,0.0,2025-05-09,5679.64990234375,5691.68994140625,5644.14990234375,5659.91015625,5659.91015625,4645090000.0,0.0,0.0,2025-05-09,62.37,2025-05-09,EFFR,4.33,4.31,4.33,4.34,4.45,107.0,4.25,4.5,,,,,,,,,,2025-05-09,,
2025-05-12,3295.89,3295.89,3207.64,3234.8,251726,0,27,100.69000244140624,101.9800033569336,100.51000213623048,101.79000091552734,101.79000091552734,0.0,0.0,0.0,2025-05-12,5807.2001953125,5845.3701171875,5786.080078125,5844.18994140625,5844.18994140625,6014580000.0,0.0,0.0,2025-05-12,63.32,2025-05-12,EFFR,4.33,4.31,4.33,4.34,4.45,105.0,4.25,4.5,,,,,,,,,,2025-05-12,,
2025-05-13,3237.64,3265.44,3215.68,3250.14,186546,0,27,101.7300033569336,101.76000213623048,100.91000366210938,101.0,101.0,0.0,0.0,0.0,2025-05-13,5854.14990234375,5906.64013671875,5845.02001953125,5886.5498046875,5886.5498046875,5516290000.0,0.0,0.0,2025-05-13,65.04,2025-05-13,EFFR,4.33,4.31,4.33,4.34,4.45,113.0,4.25,4.5,,,,,,,,,,2025-05-13,,
2025-05-14,3248.97,3256.95,3167.76,3177.33,219566,0,27,100.9499969482422,101.13999938964844,100.2699966430664,101.04000091552734,101.04000091552734,0.0,0.0,0.0,2025-05-14,5896.740234375,5906.5498046875,5872.10986328125,5892.580078125,5892.580078125,5233450000.0,0.0,0.0,2025-05-14,64.48,2025-05-14,EFFR,4.33,4.31,4.33,4.34,4.45,112.0,4.25,4.5,,,,,,,,,,2025-05-14,,
2025-05-15,3176.51,3240.54,3120.61,3239.76,216353,0,27,100.97000122070312,101.05999755859376,100.58999633789062,100.87999725341795,100.87999725341795,0.0,0.0,0.0,2025-05-15,5869.81982421875,5924.2099609375,5865.16015625,5916.93017578125,5916.93017578125,4991290000.0,0.0,0.0,2025-05-15,63.03,2025-05-15,EFFR,4.33,4.31,4.33,4.33,4.45,120.0,4.25,4.5,,,,,,,,,,2025-05-15,,
2025-05-16,3240.19,3251.95,3154.08,3202.02,221894,0,27,100.7699966430664,101.26000213623048,100.5199966430664,101.08999633789062,101.08999633789062,0.0,0.0,0.0,2025-05-16,5929.08984375,5958.6201171875,5907.35986328125,5958.3798828125,5958.3798828125,4850850000.0,0.0,0.0,2025-05-16,63.84,2025-05-16,EFFR,4.33,4.31,4.33,4.33,4.45,117.0,4.25,4.5,,,,,,,,,,2025-05-16,,
2025-05-19,3218.63,3249.71,3205.44,3230.07,225944,0,27,100.91000366210938,100.91000366210938,100.05999755859376,100.43000030517578,100.43000030517578,0.0,0.0,0.0,2025-05-19,5902.8798828125,5968.60986328125,5895.68994140625,5963.60009765625,5963.60009765625,4144010000.0,0.0,0.0,2025-05-19,63.98,2025-05-19,EFFR,4.33,4.31,4.33,4.33,4.45,116.0,4.25,4.5,,,,,,,,,,2025-05-19,,
2025-05-20,3230.7,3295.59,3204.45,3289.74,233254,0,27,100.43000030517578,100.58000183105467,100.01000213623048,100.12000274658205,100.12000274658205,0.0,0.0,0.0,2025-05-20,5944.66015625,5953.06005859375,5909.259765625,5940.4599609375,5940.4599609375,4416850000.0,0.0,0.0,2025-05-20,63.97,2025-05-20,EFFR,4.33,4.31,4.33,4.34,4.45,111.0,4.25,4.5,,,,,,,,,,2025-05-20,,
2025-05-21,3290.81,3324.79,3285.25,3315.24,243384,0,27,99.98999786376952,99.98999786376952,99.33999633789062,99.55999755859376,99.55999755859376,0.0,0.0,0.0,2025-05-21,5910.18017578125,5938.3701171875,5830.91015625,5844.60986328125,5844.60986328125,5254250000.0,0.0,0.0,2025-05-21,62.93,2025-05-21,EFFR,4.33,4.31,4.33,4.33,4.4,118.0,4.25,4.5,,,,,,,,,,2025-05-21,,
2025-05-22,3318.14,3345.34,3279.04,3294.62,274214,0,27,99.63999938964844,100.12000274658205,99.44000244140624,99.95999908447266,99.95999908447266,0.0,0.0,0.0,2025-05-22,5841.259765625,5878.080078125,5825.81982421875,5842.009765625,5842.009765625,5157050000.0,0.0,0.0,2025-05-22,62.55,2025-05-22,EFFR,4.33,4.25,4.33,4.33,4.4,118.0,4.25,4.5,,,,,,,,,,2025-05-22,,
2025-05-23,3293.85,3365.84,3286.99,3356.12,251830,0,27,99.87999725341795,99.94000244140624,99.0500030517578,99.11000061035156,99.11000061035156,0.0,0.0,0.0,2025-05-23,5781.89013671875,5829.509765625,5767.41015625,5802.81982421875,5802.81982421875,4662820000.0,0.0,0.0,2025-05-23,62.89,2025-05-23,EFFR,4.33,4.31,4.33,4.34,4.45,123.0,4.25,4.5,,,,,,,,,,2025-05-23,,
2025-05-26,3353.13,3356.72,3323.58,3341.43,139505,0,27,99.08999633789062,99.16000366210938,98.69000244140624,98.93000030517578,98.93000030517578,0.0,0.0,0.0,2025-05-26,,,,,,,,,,,2025-05-26,,,,,,,,,,,,,,,,,,,,,
2025-05-27,3343.06,3349.88,3284.94,3300.47,226924,0,27,98.95999908447266,99.62000274658205,98.77999877929688,99.5199966430664,99.5199966430664,0.0,0.0,0.0,2025-05-27,5854.06982421875,5924.330078125,5854.06982421875,5921.5400390625,5921.5400390625,5366380000.0,0.0,0.0,2025-05-27,61.61,2025-05-27,EFFR,4.33,4.31,4.33,4.34,4.45,115.0,4.25,4.5,,,,,,,,,,2025-05-27,,
2025-05-28,3300.41,3325.42,3276.15,3288.24,192958,0,27,99.52999877929688,99.95999908447266,99.44000244140624,99.87999725341795,99.87999725341795,0.0,0.0,0.0,2025-05-28,5925.5400390625,5939.919921875,5881.8798828125,5888.5498046875,5888.5498046875,4665050000.0,0.0,0.0,2025-05-28,62.54,2025-05-28,EFFR,4.33,4.31,4.33,4.34,4.45,108.0,4.25,4.5,,,,,,,,,,2025-05-28,,
2025-05-29,3286.96,3331.05,3245.32,3317.61,246163,0,27,100.54000091552734,100.54000091552734,99.22000122070312,99.27999877929688,99.27999877929688,0.0,0.0,0.0,2025-05-29,5939.9599609375,5943.1298828125,5873.7998046875,5912.169921875,5912.169921875,4569750000.0,0.0,0.0,2025-05-29,61.66,2025-05-29,EFFR,4.33,4.31,4.33,4.34,4.45,114.0,4.25,4.5,,,,,,,,,,2025-05-29,,
2025-05-30,3318.51,3322.6,3271.39,3289.49,221834,0,27,99.25,99.66999816894533,99.12999725341795,99.33000183105467,99.33000183105467,0.0,0.0,0.0,2025-05-30,5903.669921875,5922.14013671875,5843.66015625,5911.68994140625,5911.68994140625,6378540000.0,0.0,0.0,2025-05-30,61.46,2025-05-30,EFFR,4.33,4.31,4.32,4.33,4.45,105.0,4.25,4.5,,,,,,,,,,2025-05-30,,
2025-06-02,3299.11,3382.82,3295.37,3381.49,217950,0,27,99.41000366210938,99.41999816894533,98.61000061035156,98.6999969482422,98.6999969482422,0.0,0.0,0.0,2025-06-02,5896.68017578125,5937.39990234375,5861.43017578125,5935.93994140625,5935.93994140625,4832240000.0,0.0,0.0,2025-06-02,63.27,2025-06-02,EFFR,4.33,4.31,4.33,4.34,4.45,113.0,4.25,4.5,,,,,,,,,,2025-06-02,,
2025-06-03,3382.71,3392.02,3333.0,3353.33,209815,0,27,98.58999633789062,99.33000183105467,98.58000183105467,99.25,99.25,0.0,0.0,0.0,2025-06-03,5938.56005859375,5981.35009765625,5929.0,5970.3701171875,5970.3701171875,5026680000.0,0.0,0.0,2025-06-03,64.1,2025-06-03,EFFR,4.33,4.31,4.33,4.33,4.4,120.0,4.25,4.5,,,,,,,,,,2025-06-03,,
2025-06-04,3354.16,3384.59,3343.67,3372.18,204724,0,27,99.18000030517578,99.38999938964844,98.66999816894533,98.79000091552734,98.79000091552734,0.0,0.0,0.0,2025-06-04,5978.93994140625,5990.47998046875,5966.10986328125,5970.81005859375,5970.81005859375,4767050000.0,0.0,0.0,2025-06-04,63.57,2025-06-04,EFFR,4.33,4.31,4.33,4.33,4.45,114.0,4.25,4.5,,,,,,,,,,2025-06-04,,
2025-06-05,3374.66,3403.23,3339.23,3352.65,252182,0,27,98.8000030517578,98.94000244140624,98.3499984741211,98.73999786376952,98.73999786376952,0.0,0.0,0.0,2025-06-05,5985.669921875,5999.7001953125,5921.2001953125,5939.2998046875,5939.2998046875,5091850000.0,0.0,0.0,2025-06-05,64.06,2025-06-05,EFFR,4.33,4.31,4.33,4.33,4.4,118.0,4.25,4.5,,,,,,,,,,2025-06-05,,
2025-06-06,3353.17,3375.5,3306.93,3311.56,242264,0,27,98.6999969482422,99.36000061035156,98.66000366210938,99.19000244140624,99.19000244140624,0.0,0.0,0.0,2025-06-06,5987.06005859375,6016.8701171875,5978.6298828125,6000.35986328125,6000.35986328125,4355710000.0,0.0,0.0,2025-06-06,65.3,2025-06-06,EFFR,4.33,4.31,4.33,4.33,4.4,118.0,4.25,4.5,,,,,,,,,,2025-06-06,,
2025-06-09,3311.26,3338.07,3293.38,3325.52,192311,0,27,99.1999969482422,99.2300033569336,98.81999969482422,98.94000244140624,98.94000244140624,0.0,0.0,0.0,2025-06-09,6004.6298828125,6021.31005859375,5994.18017578125,6005.8798828125,6005.8798828125,4642360000.0,0.0,0.0,2025-06-09,65.99,2025-06-09,EFFR,4.33,4.31,4.33,4.33,4.45,114.0,4.25,4.5,,,,,,,,,,2025-06-09,,
2025-06-10,3325.39,3349.06,3301.76,3322.42,205115,0,27,98.9800033569336,99.38999938964844,98.86000061035156,99.0500030517578,99.0500030517578,0.0,0.0,0.0,2025-06-10,6009.91015625,6043.009765625,6000.27978515625,6038.81005859375,6038.81005859375,4882880000.0,0.0,0.0,2025-06-10,65.66,2025-06-10,EFFR,4.33,4.31,4.33,4.33,4.45,112.0,4.25,4.5,,,,,,,,,,2025-06-10,,
2025-06-11,3322.37,3360.55,3315.38,3354.87,221479,0,27,98.95999908447266,99.22000122070312,98.52999877929688,98.62999725341795,98.62999725341795,0.0,0.0,0.0,2025-06-11,6049.3798828125,6059.39990234375,6002.31982421875,6022.240234375,6022.240234375,5111550000.0,0.0,0.0,2025-06-11,68.91,2025-06-11,EFFR,4.33,4.31,4.33,4.33,4.45,111.0,4.25,4.5,,,,,,,,,,2025-06-11,,
2025-06-12,3356.87,3398.76,3338.55,3386.74,242998,0,27,98.45999908447266,98.5199966430664,97.5999984741211,97.91999816894533,97.91999816894533,0.0,0.0,0.0,2025-06-12,6009.89990234375,6045.43017578125,6003.8798828125,6045.259765625,6045.259765625,4669500000.0,0.0,0.0,2025-06-12,68.73,2025-06-12,EFFR,4.33,4.31,4.32,4.33,4.45,114.0,4.25,4.5,,,,,,,,,,2025-06-12,,
2025-06-13,3386.07,3446.7,3379.33,3433.37,289732,0,27,97.80999755859376,98.58999633789062,97.62000274658205,98.18000030517578,98.18000030517578,0.0,0.0,0.0,2025-06-13,6000.56005859375,6026.16015625,5963.2099609375,5976.97021484375,5976.97021484375,5258910000.0,0.0,0.0,2025-06-13,73.84,2025-06-13,EFFR,4.33,4.31,4.32,4.33,4.45,110.0,4.25,4.5,,,,,,,,,,2025-06-13,,
2025-06-16,3443.56,3451.4,3382.49,3385.25,230016,0,27,98.26000213623048,98.37000274658205,97.69000244140624,98.0,98.0,0.0,0.0,0.0,2025-06-16,6004.0,6050.830078125,6004.0,6033.10986328125,6033.10986328125,5111710000.0,0.0,0.0,2025-06-16,72.53,2025-06-16,EFFR,4.33,4.31,4.33,4.34,4.45,101.0,4.25,4.5,,,,,,,,,,2025-06-16,,
2025-06-17,3386.79,3403.11,3366.11,3388.38,220519,0,27,98.19000244140624,98.87000274658205,98.0199966430664,98.81999969482422,98.81999969482422,0.0,0.0,0.0,2025-06-17,6012.14990234375,6023.25,5974.7998046875,5982.72021484375,5982.72021484375,4955700000.0,0.0,0.0,2025-06-17,75.62,2025-06-17,EFFR,4.33,4.31,4.33,4.34,4.45,104.0,4.25,4.5,,,,,,,,,,2025-06-17,,
2025-06-18,3390.35,3399.89,3362.4,3369.2,221536,0,27,98.87000274658205,99.01000213623048,98.4800033569336,98.91000366210938,98.91000366210938,0.0,0.0,0.0,2025-06-18,5987.93017578125,6018.25,5971.89013671875,5980.8701171875,5980.8701171875,5106470000.0,0.0,0.0,2025-06-18,75.89,2025-06-18,EFFR,4.33,4.31,4.33,4.34,4.45,109.0,4.25,4.5,,,,,,,,,,2025-06-18,,
2025-06-19,3369.91,3387.82,3347.39,3370.37,171919,0,27,,,,,,,,,,,,,,,,,,,,2025-06-19,,,,,,,,,,,,,,,,,,,,,
2025-06-20,3369.85,3374.39,3340.24,3368.4,188409,0,27,98.66999816894533,98.88999938964844,98.54000091552734,98.70999908447266,98.70999908447266,0.0,0.0,0.0,2025-06-20,5999.669921875,6018.2001953125,5952.56005859375,5967.83984375,5967.83984375,7451500000.0,0.0,0.0,2025-06-20,75.72,2025-06-20,EFFR,4.33,4.31,4.33,4.33,4.45,118.0,4.25,4.5,,,,,,,,,,2025-06-20,,
2025-06-23,3389.44,3396.58,3346.83,3368.98,234922,0,27,99.08999633789062,99.41999816894533,98.3499984741211,98.41999816894533,98.41999816894533,0.0,0.0,0.0,2025-06-23,5969.669921875,6028.77001953125,5943.22998046875,6025.169921875,6025.169921875,5597000000.0,0.0,0.0,2025-06-23,69.36,2025-06-23,EFFR,4.33,4.31,4.33,4.33,4.45,115.0,4.25,4.5,,,,,,,,,,2025-06-23,,
2025-06-24,3366.61,3369.38,3295.23,3322.93,246584,0,27,98.16000366210938,98.27999877929688,97.70999908447266,97.86000061035156,97.86000061035156,0.0,0.0,0.0,2025-06-24,6061.2099609375,6101.759765625,6059.25,6092.18017578125,6092.18017578125,5443690000.0,0.0,0.0,2025-06-24,65.45,2025-06-24,EFFR,4.33,4.31,4.33,4.34,4.45,115.0,4.25,4.5,,,,,,,,,,2025-06-24,,
2025-06-25,3323.74,3336.94,3311.84,3332.12,175027,0,27,97.94000244140624,98.1999969482422,97.6500015258789,97.68000030517578,97.68000030517578,0.0,0.0,0.0,2025-06-25,6104.22998046875,6108.509765625,6080.08984375,6092.16015625,6092.16015625,5171110000.0,0.0,0.0,2025-06-25,65.98,2025-06-25,EFFR,4.33,4.31,4.33,4.33,4.45,128.0,4.25,4.5,,,,,,,,,,2025-06-25,,
2025-06-26,3334.18,3350.21,3309.87,3327.66,189019,0,27,97.5500030517578,97.61000061035156,97.0,97.1500015258789,97.1500015258789,0.0,0.0,0.0,2025-06-26,6112.08984375,6146.52001953125,6107.27001953125,6141.02001953125,6141.02001953125,5308140000.0,0.0,0.0,2025-06-26,66.44,2025-06-26,EFFR,4.33,4.31,4.32,4.33,4.45,124.0,4.25,4.5,,,,,,,,,,2025-06-26,,
2025-06-27,3327.32,3327.87,3255.84,3274.5,230623,0,27,97.33000183105467,97.5,97.0,97.4000015258789,97.4000015258789,0.0,0.0,0.0,2025-06-27,6150.7001953125,6187.68017578125,6132.35009765625,6173.06982421875,6173.06982421875,7889350000.0,0.0,0.0,2025-06-27,66.66,2025-06-27,EFFR,4.33,4.31,4.33,4.33,4.45,122.0,4.25,4.5,,,,,,,,,,2025-06-27,,
2025-06-30,3273.52,3309.37,3246.66,3302.88,183402,0,27,97.19000244140624,97.31999969482422,96.7699966430664,96.87999725341795,96.87999725341795,0.0,0.0,0.0,2025-06-30,6193.35986328125,6215.080078125,6174.97021484375,6204.9501953125,6204.9501953125,5782900000.0,0.0,0.0,2025-06-30,66.3,2025-06-30,EFFR,4.33,4.3,4.33,4.34,4.45,79.0,4.25,4.5,,,,,,,,,,2025-06-30,,
2025-07-01,3303.01,3357.82,3302.1,3338.87,201576,0,27,96.77999877929688,96.9499969482422,96.37999725341795,96.81999969482422,96.81999969482422,0.0,0.0,0.0,2025-07-01,6187.25,6210.77978515625,6177.97021484375,6198.009765625,6198.009765625,6275310000.0,0.0,0.0,2025-07-01,66.64,2025-07-01,EFFR,4.33,4.31,4.33,4.33,4.45,133.0,4.25,4.5,,,,,,,,,,2025-07-01,322.169,2025-07-01
2025-07-02,3337.96,3360.03,3327.4,3356.93,177115,0,27,96.63999938964844,97.1500015258789,96.62000274658205,96.77999877929688,96.77999877929688,0.0,0.0,0.0,2025-07-02,6193.8798828125,6227.60009765625,6188.2900390625,6227.419921875,6227.419921875,5645710000.0,0.0,0.0,2025-07-02,68.66,2025-07-02,EFFR,4.33,4.31,4.33,4.33,4.43,129.0,4.25,4.5,,,,,,,,,,2025-07-02,,
2025-07-03,3357.6,3365.77,3311.47,3325.85,177343,0,27,96.75,97.41999816894533,96.69000244140624,97.18000030517578,97.18000030517578,0.0,0.0,0.0,2025-07-03,6246.4599609375,6284.64990234375,6246.4599609375,6279.35009765625,6279.35009765625,3378110000.0,0.0,0.0,2025-07-03,68.13,2025-07-03,EFFR,4.33,4.31,4.33,4.33,4.43,129.0,4.25,4.5,,,,,,,,,,2025-07-03,,
2025-07-04,3325.5,3344.92,3323.41,3336.77,106102,0,27,,,,,,,,,,,,,,,,,,,,2025-07-04,,,,,,,,,,,,,,,,,,,,,
2025-07-07,3334.37,3342.39,3296.27,3336.18,211983,0,27,96.95999908447266,97.66999816894533,96.88999938964844,97.4800033569336,97.4800033569336,0.0,0.0,0.0,2025-07-07,6259.0400390625,6262.06982421875,6201.0,6229.97998046875,6229.97998046875,5236740000.0,0.0,0.0,2025-07-07,69.16,2025-07-07,EFFR,4.33,4.31,4.33,4.33,4.43,118.0,4.25,4.5,,,,,,,,,,2025-07-07,,
2025-07-08,3338.79,3345.65,3286.98,3301.54,195802,0,27,97.36000061035156,97.83999633789062,97.18000030517578,97.51000213623048,97.51000213623048,0.0,0.0,0.0,2025-07-08,6234.02978515625,6242.7001953125,6217.75,6225.52001953125,6225.52001953125,5739030000.0,0.0,0.0,2025-07-08,69.55,2025-07-08,EFFR,4.33,4.31,4.33,4.33,4.45,117.0,4.25,4.5,,,,,,,,,,2025-07-08,,
2025-07-09,3301.56,3316.72,3282.56,3313.49,182711,0,27,97.5500030517578,97.75,97.45999908447266,97.47000122070312,97.47000122070312,0.0,0.0,0.0,2025-07-09,6243.330078125,6269.16015625,6231.43017578125,6263.259765625,6263.259765625,4813340000.0,0.0,0.0,2025-07-09,69.61,2025-07-09,EFFR,4.33,4.31,4.33,4.34,4.45,105.0,4.25,4.5,,,,,,,,,,2025-07-09,,
2025-07-10,3313.43,3330.18,3309.92,3323.86,152402,0,27,97.44000244140624,97.91999816894533,97.2699966430664,97.6500015258789,97.6500015258789,0.0,0.0,0.0,2025-07-10,6266.7998046875,6290.22021484375,6251.43994140625,6280.4599609375,6280.4599609375,5367350000.0,0.0,0.0,2025-07-10,67.78,2025-07-10,EFFR,4.33,4.31,4.33,4.33,4.4,106.0,4.25,4.5,,,,,,,,,,2025-07-10,,
2025-07-11,3324.14,3368.52,3321.67,3354.89,200982,0,27,97.56999969482422,97.95999908447266,97.55999755859376,97.8499984741211,97.8499984741211,0.0,0.0,0.0,2025-07-11,6255.68017578125,6269.43994140625,6237.60009765625,6259.75,6259.75,4656210000.0,0.0,0.0,2025-07-11,69.63,2025-07-11,EFFR,4.33,4.31,4.33,4.33,4.4,103.0,4.25,4.5,,,,,,,,,,2025-07-11,,
2025-07-14,3363.88,3374.9,3340.89,3343.3,184831,0,27,97.95999908447266,98.13999938964844,97.7699966430664,98.08000183105467,98.08000183105467,0.0,0.0,0.0,2025-07-14,6255.14990234375,6273.31005859375,6239.22021484375,6268.56005859375,6268.56005859375,4722250000.0,0.0,0.0,2025-07-14,68.19,2025-07-14,EFFR,4.33,4.31,4.33,4.34,4.43,104.0,4.25,4.5,,,,,,,,,,2025-07-14,,
2025-07-15,3343.96,3366.2,3320.11,3324.76,176728,0,27,98.13999938964844,98.6999969482422,97.93000030517578,98.62000274658205,98.62000274658205,0.0,0.0,0.0,2025-07-15,6295.2900390625,6302.0400390625,6241.68017578125,6243.759765625,6243.759765625,5133670000.0,0.0,0.0,2025-07-15,67.76,2025-07-15,EFFR,4.33,4.31,4.33,4.34,4.43,101.0,4.25,4.5,,,,,,,,,,2025-07-15,,
2025-07-16,3324.03,3377.15,3319.56,3347.37,190672,0,27,98.58000183105467,98.91000366210938,97.70999908447266,98.38999938964844,98.38999938964844,0.0,0.0,0.0,2025-07-16,6254.5,6268.1201171875,6201.58984375,6263.7001953125,6263.7001953125,5177460000.0,0.0,0.0,2025-07-16,67.13,2025-07-16,EFFR,4.33,4.31,4.33,4.33,4.4,115.0,4.25,4.5,,,,,,,,,,2025-07-16,,
2025-07-17,3347.88,3352.08,3309.73,3339.03,166402,0,27,98.3499984741211,98.9499969482422,98.33999633789062,98.7300033569336,98.7300033569336,0.0,0.0,0.0,2025-07-17,6263.39990234375,6304.68994140625,6262.27001953125,6297.35986328125,6297.35986328125,5512290000.0,0.0,0.0,2025-07-17,68.76,2025-07-17,EFFR,4.33,4.31,4.33,4.33,4.4,113.0,4.25,4.5,,,,,,,,,,2025-07-17,,
2025-07-18,3341.77,3361.12,3331.72,3350.34,155694,0,27,98.48999786376952,98.58000183105467,98.0999984741211,98.4800033569336,98.4800033569336,0.0,0.0,0.0,2025-07-18,6312.9501953125,6315.60986328125,6285.27001953125,6296.7900390625,6296.7900390625,5184700000.0,0.0,0.0,2025-07-18,68.53,2025-07-18,EFFR,4.33,4.31,4.33,4.33,4.4,110.0,4.25,4.5,,,,,,,,,,2025-07-18,,
2025-07-21,3349.69,3401.43,3344.85,3396.92,178536,0,27,98.36000061035156,98.51000213623048,97.6999969482422,97.8499984741211,97.8499984741211,0.0,0.0,0.0,2025-07-21,6304.740234375,6336.080078125,6303.7900390625,6305.60009765625,6305.60009765625,5010840000.0,0.0,0.0,2025-07-21,68.39,2025-07-21,EFFR,4.33,4.31,4.33,4.34,4.44,108.0,4.25,4.5,,,,,,,,,,2025-07-21,,
2025-07-22,3396.7,3433.36,3383.18,3431.58,185918,0,27,97.87000274658205,97.98999786376952,97.30999755859376,97.38999938964844,97.38999938964844,0.0,0.0,0.0,2025-07-22,6306.60009765625,6316.1201171875,6281.7099609375,6309.6201171875,6309.6201171875,5662040000.0,0.0,0.0,2025-07-22,67.56,2025-07-22,EFFR,4.33,4.31,4.33,4.33,4.35,107.0,4.25,4.5,,,,,,,,,,2025-07-22,,
2025-07-23,3431.75,3438.9,3381.36,3387.05,210908,0,27,97.47000122070312,97.61000061035156,97.19000244140624,97.20999908447266,97.20999908447266,0.0,0.0,0.0,2025-07-23,6326.89990234375,6360.64013671875,6317.490234375,6358.91015625,6358.91015625,5642510000.0,0.0,0.0,2025-07-23,66.05,2025-07-23,EFFR,4.33,4.31,4.33,4.33,4.35,115.0,4.25,4.5,,,,,,,,,,2025-07-23,,
2025-07-24,3387.85,3393.23,3351.24,3368.43,190542,0,27,97.18000030517578,97.5500030517578,97.11000061035156,97.37999725341795,97.37999725341795,0.0,0.0,0.0,2025-07-24,6368.60009765625,6381.31005859375,6360.56982421875,6363.35009765625,6363.35009765625,5282720000.0,0.0,0.0,2025-07-24,67.16,2025-07-24,EFFR,4.33,4.31,4.33,4.34,4.4,109.0,4.25,4.5,,,,,,,,,,2025-07-24,,
2025-07-25,3367.78,3373.34,3324.95,3336.63,169677,0,27,97.4499969482422,97.91000366210938,97.43000030517578,97.6500015258789,97.6500015258789,0.0,0.0,0.0,2025-07-25,6370.009765625,6395.81982421875,6368.52978515625,6388.64013671875,6388.64013671875,4470720000.0,0.0,0.0,2025-07-25,66.38,2025-07-25,EFFR,4.33,4.31,4.33,4.33,4.4,114.0,4.25,4.5,,,,,,,,,,2025-07-25,,
2025-07-28,3319.2,3345.23,3301.62,3314.43,181332,0,27,97.58000183105467,98.69000244140624,97.48999786376952,98.66000366210938,98.66000366210938,0.0,0.0,0.0,2025-07-28,6397.68994140625,6401.06982421875,6375.7900390625,6389.77001953125,6389.77001953125,4565620000.0,0.0,0.0,2025-07-28,67.81,2025-07-28,EFFR,4.33,4.31,4.33,4.33,4.4,112.0,4.25,4.5,,,,,,,,,,2025-07-28,,
2025-07-29,3315.18,3333.95,3307.94,3326.44,188321,0,27,98.63999938964844,99.13999938964844,98.58000183105467,98.91000366210938,98.91000366210938,0.0,0.0,0.0,2025-07-29,6405.6201171875,6409.259765625,6363.919921875,6370.85986328125,6370.85986328125,5076120000.0,0.0,0.0,2025-07-29,70.27,2025-07-29,EFFR,4.33,4.31,4.33,4.34,4.4,112.0,4.25,4.5,,,,,,,,,,2025-07-29,,
2025-07-30,3326.54,3333.88,3267.91,3274.88,211046,0,27,98.91999816894533,99.9800033569336,98.6999969482422,99.94000244140624,99.94000244140624,0.0,0.0,0.0,2025-07-30,6381.22998046875,6396.5400390625,6336.3798828125,6362.89990234375,6362.89990234375,5375070000.0,0.0,0.0,2025-07-30,71.09,2025-07-30,EFFR,4.33,4.31,4.33,4.33,4.35,105.0,4.25,4.5,,,,,,,,,,2025-07-30,,
2025-07-31,3277.17,3314.7,3273.27,3289.94,202183,0,27,99.8000030517578,100.0999984741211,99.5199966430664,100.02999877929688,100.02999877929688,0.0,0.0,0.0,2025-07-31,6427.02001953125,6427.02001953125,6327.64013671875,6339.39013671875,6339.39013671875,6077080000.0,0.0,0.0,2025-07-31,70.36,2025-07-31,EFFR,4.33,4.32,4.33,4.34,4.4,92.0,4.25,4.5,,,,,,,,,,2025-07-31,,
2025-08-01,3290.26,3363.33,3281.51,3362.68,233529,0,27,100.01000213623048,100.26000213623048,98.61000061035156,98.69000244140624,98.69000244140624,0.0,0.0,0.0,2025-08-01,6287.27978515625,6287.27978515625,6212.68994140625,6238.009765625,6238.009765625,5827150000.0,0.0,0.0,2025-08-01,68.39,2025-08-01,EFFR,4.33,4.31,4.33,4.33,4.35,129.0,4.25,4.5,,,,,,,,,,2025-08-01,323.291,2025-08-01
2025-08-04,3366.46,3385.22,3344.93,3373.52,193836,0,27,98.6500015258789,98.9800033569336,98.58999633789062,98.77999877929688,98.77999877929688,0.0,0.0,0.0,2025-08-04,6271.7099609375,6330.68994140625,6271.7099609375,6329.93994140625,6329.93994140625,4842580000.0,0.0,0.0,2025-08-04,67.33,2025-08-04,EFFR,4.33,4.31,4.33,4.33,4.4,117.0,4.25,4.5,,,,,,,,,,2025-08-04,,
2025-08-05,3374.05,3390.29,3349.66,3380.67,175400,0,27,98.62000274658205,99.06999969482422,98.58999633789062,98.77999877929688,98.77999877929688,0.0,0.0,0.0,2025-08-05,6336.6298828125,6346.0,6289.3701171875,6299.18994140625,6299.18994140625,5517410000.0,0.0,0.0,2025-08-05,66.2,2025-08-05,EFFR,4.33,4.31,4.33,4.33,4.35,115.0,4.25,4.5,,,,,,,,,,2025-08-05,,
2025-08-06,3381.16,3385.18,3358.03,3369.18,157924,0,27,98.75,98.83999633789062,98.12999725341795,98.18000030517578,98.18000030517578,0.0,0.0,0.0,2025-08-06,6309.2998046875,6352.830078125,6301.10986328125,6345.06005859375,6345.06005859375,5408560000.0,0.0,0.0,2025-08-06,65.38,2025-08-06,EFFR,4.33,4.31,4.33,4.33,4.35,112.0,4.25,4.5,,,,,,,,,,2025-08-06,,
2025-08-07,3368.47,3401.77,3365.08,3395.24,248832,0,27,98.19000244140624,98.47000122070312,97.9499969482422,98.4000015258789,98.4000015258789,0.0,0.0,0.0,2025-08-07,6374.31982421875,6389.7099609375,6310.31982421875,6340.0,6340.0,5306090000.0,0.0,0.0,2025-08-07,64.9,2025-08-07,EFFR,4.33,4.31,4.33,4.33,4.35,108.0,4.25,4.5,,,,,,,,,,2025-08-07,,
2025-08-08,3403.3,3408.48,3376.59,3398.33,383200,0,27,97.9800033569336,98.3499984741211,97.95999908447266,98.18000030517578,98.18000030517578,0.0,0.0,0.0,2025-08-08,6355.22021484375,6395.16015625,6355.22021484375,6389.4501953125,6389.4501953125,4769910000.0,0.0,0.0,2025-08-08,64.94,2025-08-08,EFFR,4.33,4.31,4.33,4.33,4.35,115.0,4.25,4.5,,,,,,,,,,2025-08-08,,
2025-08-11,3397.6,3404.72,3341.14,3342.6,245968,0,27,98.23999786376952,99.31999969482422,98.02999877929688,98.5199966430664,98.5199966430664,0.0,0.0,0.0,2025-08-11,6389.669921875,6407.25,6364.06005859375,6373.4501953125,6373.4501953125,4652400000.0,0.0,0.0,2025-08-11,65.03,2025-08-11,EFFR,4.33,4.31,4.33,4.33,4.35,115.0,4.25,4.5,,,,,,,,,,2025-08-11,,
2025-08-12,3342.83,3358.96,3330.98,3347.97,207997,0,27,98.51000213623048,98.62000274658205,97.9000015258789,98.0999984741211,98.0999984741211,0.0,0.0,0.0,2025-08-12,6395.169921875,6446.5498046875,6385.759765625,6445.759765625,6445.759765625,5135300000.0,0.0,0.0,2025-08-12,64.22,2025-08-12,EFFR,4.33,4.31,4.33,4.33,4.4,114.0,4.25,4.5,,,,,,,,,,2025-08-12,,
2025-08-13,3348.29,3370.65,3342.49,3355.91,165551,0,27,98.04000091552734,98.12999725341795,97.62999725341795,97.83999633789062,97.83999633789062,0.0,0.0,0.0,2025-08-13,6462.669921875,6480.27978515625,6445.02001953125,6466.580078125,6466.580078125,5195950000.0,0.0,0.0,2025-08-13,63.68,2025-08-13,EFFR,4.33,4.31,4.33,4.33,4.4,116.0,4.25,4.5,,,,,,,,,,2025-08-13,,
2025-08-14,3356.76,3374.68,3329.7,3335.3,199317,0,27,97.75,98.31999969482422,97.62999725341795,98.25,98.25,0.0,0.0,0.0,2025-08-14,6453.4599609375,6473.919921875,6441.06982421875,6468.5400390625,6468.5400390625,4462050000.0,0.0,0.0,2025-08-14,64.99,2025-08-14,EFFR,4.33,4.31,4.33,4.33,4.4,114.0,4.25,4.5,,,,,,,,,,2025-08-14,,
2025-08-15,3336.44,3348.66,3332.08,3335.19,139511,0,27,98.18000030517578,98.20999908447266,97.7300033569336,97.8499984741211,97.8499984741211,0.0,0.0,0.0,2025-08-15,6477.3798828125,6481.33984375,6441.85009765625,6449.7998046875,6449.7998046875,4575060000.0,0.0,0.0,2025-08-15,63.78,2025-08-15,EFFR,4.33,4.31,4.33,4.33,4.4,112.0,4.25,4.5,,,,,,,,,,2025-08-15,,
2025-08-18,3336.17,3358.26,3323.38,3332.7,141161,0,27,97.79000091552734,98.19000244140624,97.77999877929688,98.16999816894533,98.16999816894533,0.0,0.0,0.0,2025-08-18,6445.02001953125,6455.35009765625,6437.7001953125,6449.14990234375,6449.14990234375,4162290000.0,0.0,0.0,2025-08-18,64.51,2025-08-18,EFFR,4.33,4.31,4.33,4.34,4.43,112.0,4.25,4.5,,,,,,,,,,2025-08-18,,
2025-08-19,3332.17,3345.23,3314.82,3315.5,137562,0,27,98.1500015258789,98.31999969482422,97.94000244140624,98.2699966430664,98.2699966430664,0.0,0.0,0.0,2025-08-19,6446.240234375,6456.47998046875,6400.22021484375,6411.3701171875,6411.3701171875,4377440000.0,0.0,0.0,2025-08-19,63.38,2025-08-19,EFFR,4.33,4.31,4.33,4.33,4.43,109.0,4.25,4.5,,,,,,,,,,2025-08-19,,
2025-08-20,3315.91,3350.13,3311.35,3348.28,132930,0,27,98.29000091552734,98.44000244140624,98.08000183105467,98.22000122070312,98.22000122070312,0.0,0.0,0.0,2025-08-20,6406.6201171875,6408.39990234375,6343.85986328125,6395.77978515625,6395.77978515625,4470390000.0,0.0,0.0,2025-08-20,64.19,2025-08-20,EFFR,4.33,4.31,4.33,4.33,4.4,115.0,4.25,4.5,,,,,,,,,,2025-08-20,,
2025-08-21,3349.87,3351.95,3325.03,3338.46,136754,0,27,98.25,98.68000030517578,98.18000030517578,98.62000274658205,98.62000274658205,0.0,0.0,0.0,2025-08-21,6380.830078125,6393.64990234375,6352.7099609375,6370.169921875,6370.169921875,4013560000.0,0.0,0.0,2025-08-21,64.56,2025-08-21,EFFR,4.33,4.31,4.33,4.33,4.4,117.0,4.25,4.5,,,,,,,,,,2025-08-21,,
2025-08-22,3338.77,3378.65,3321.33,3372.2,150514,0,27,98.5999984741211,98.83000183105467,97.55999755859376,97.72000122070312,97.72000122070312,0.0,0.0,0.0,2025-08-22,6384.58984375,6478.89013671875,6384.58984375,6466.91015625,6466.91015625,5046860000.0,0.0,0.0,2025-08-22,64.08,2025-08-22,EFFR,4.33,4.31,4.33,4.33,4.4,114.0,4.25,4.5,,,,,,,,,,2025-08-22,,
2025-08-25,3370.63,3376.18,3359.66,3365.56,100648,0,27,97.7300033569336,98.54000091552734,97.70999908447266,98.43000030517578,98.43000030517578,0.0,0.0,0.0,2025-08-25,6457.669921875,6466.89013671875,6438.06005859375,6439.31982421875,6439.31982421875,4059070000.0,0.0,0.0,2025-08-25,65.18,2025-08-25,EFFR,4.33,4.31,4.33,4.33,4.4,113.0,4.25,4.5,,,,,,,,,,2025-08-25,,
2025-08-26,3365.53,3393.5,3351.19,3393.48,164337,0,27,98.47000122070312,98.55999755859376,98.08999633789062,98.2300033569336,98.2300033569336,0.0,0.0,0.0,2025-08-26,6435.490234375,6468.3701171875,6429.2099609375,6465.93994140625,6465.93994140625,4867680000.0,0.0,0.0,2025-08-26,63.6,2025-08-26,EFFR,4.33,4.31,4.33,4.33,4.35,113.0,4.25,4.5,,,,,,,,,,2025-08-26,,
2025-08-27,3393.41,3398.67,3373.59,3397.32,143054,0,27,98.25,98.7300033569336,98.16000366210938,98.2300033569336,98.2300033569336,0.0,0.0,0.0,2025-08-27,6462.259765625,6487.06005859375,6457.83984375,6481.39990234375,6481.39990234375,4143680000.0,0.0,0.0,2025-08-27,64.49,2025-08-27,EFFR,4.33,4.31,4.33,4.33,4.35,114.0,4.25,4.5,,,,,,,,,,2025-08-27,,
2025-08-28,3398.82,3422.95,3384.47,3416.8,160905,0,27,98.12000274658205,98.2300033569336,97.73999786376952,97.80999755859376,97.80999755859376,0.0,0.0,0.0,2025-08-28,6483.83984375,6508.22998046875,6466.9599609375,6501.85986328125,6501.85986328125,4283760000.0,0.0,0.0,2025-08-28,64.96,2025-08-28,EFFR,4.33,4.31,4.33,4.33,4.35,115.0,4.25,4.5,,,,,,,,,,2025-08-28,,
2025-08-29,3417.12,3453.83,3404.22,3448.42,168907,0,27,97.87000274658205,98.12999725341795,97.69000244140624,97.7699966430664,97.7699966430664,0.0,0.0,0.0,2025-08-29,6489.27978515625,6491.759765625,6444.56982421875,6460.259765625,6460.259765625,4234840000.0,0.0,0.0,2025-08-29,64.36,2025-08-29,EFFR,4.33,4.31,4.32,4.33,4.4,115.0,4.25,4.5,,,,,,,,,,2025-08-29,,
2025-09-01,3448.01,3489.68,3436.7,3476.77,159705,0,27,,,,,,,,,,,,,,,,,,,,2025-09-01,,,,,,,,,,,,,,,,,,,,324.245,2025-09-01
2025-09-02,3476.25,3539.9,3470.09,3533.41,332443,0,27,97.6500015258789,98.5999984741211,97.62000274658205,98.4000015258789,98.4000015258789,0.0,0.0,0.0,2025-09-02,6401.509765625,6416.5400390625,6360.580078125,6415.5400390625,6415.5400390625,4784000000.0,0.0,0.0,2025-09-02,65.95,2025-09-02,EFFR,4.33,4.31,4.33,4.33,4.4,120.0,4.25,4.5,,,,,,,,,,2025-09-02,,
2025-09-03,3532.73,3578.29,3525.8,3558.95,254586,0,27,98.4000015258789,98.63999938964844,98.01000213623048,98.13999938964844,98.13999938964844,0.0,0.0,0.0,2025-09-03,6445.81982421875,6453.669921875,6416.169921875,6448.259765625,6448.259765625,4465360000.0,0.0,0.0,2025-09-03,64.36,2025-09-03,EFFR,4.33,4.31,4.33,4.33,4.4,119.0,4.25,4.5,,,,,,,,,,2025-09-03,,
2025-09-04,3561.34,3564.09,3510.52,3545.7,236342,0,27,98.1500015258789,98.44000244140624,98.08000183105467,98.3499984741211,98.3499984741211,0.0,0.0,0.0,2025-09-04,6456.60009765625,6502.5400390625,6445.97998046875,6502.080078125,6502.080078125,4670770000.0,0.0,0.0,2025-09-04,63.81,2025-09-04,EFFR,4.33,4.31,4.33,4.33,4.35,118.0,4.25,4.5,,,,,,,,,,2025-09-04,,
2025-09-05,3546.12,3599.95,3539.94,3586.51,248325,0,27,98.23999786376952,98.26000213623048,97.43000030517578,97.7699966430664,97.7699966430664,0.0,0.0,0.0,2025-09-05,6529.080078125,6532.64990234375,6443.97998046875,6481.5,6481.5,5066120000.0,0.0,0.0,2025-09-05,62.22,2025-09-05,EFFR,4.33,4.31,4.33,4.33,4.35,116.0,4.25,4.5,,,,,,,,,,2025-09-05,,
2025-09-08,3580.46,3646.26,3577.45,3635.7,238793,0,27,97.79000091552734,97.94000244140624,97.41999816894533,97.4499969482422,97.4499969482422,0.0,0.0,0.0,2025-09-08,6498.08984375,6508.669921875,6483.2900390625,6495.14990234375,6495.14990234375,5211500000.0,0.0,0.0,2025-09-08,62.6,2025-09-08,EFFR,4.33,4.31,4.33,4.34,4.4,110.0,4.25,4.5,,,,,,,,,,2025-09-08,,
2025-09-09,3635.98,3674.51,3626.0,3626.19,237685,0,27,97.37999725341795,97.81999969482422,97.25,97.79000091552734,97.79000091552734,0.0,0.0,0.0,2025-09-09,6503.330078125,6518.22998046875,6483.080078125,6512.60986328125,6512.60986328125,4798350000.0,0.0,0.0,2025-09-09,62.97,2025-09-09,EFFR,4.33,4.31,4.33,4.34,4.4,112.0,4.25,4.5,,,,,,,,,,2025-09-09,,
2025-09-10,3621.59,3657.41,3620.11,3640.43,210567,0,27,97.83000183105467,97.93000030517578,97.5999984741211,97.77999877929688,97.77999877929688,0.0,0.0,0.0,2025-09-10,6550.2900390625,6555.97021484375,6516.33984375,6532.0400390625,6532.0400390625,5253010000.0,0.0,0.0,2025-09-10,64.01,2025-09-10,EFFR,4.33,4.31,4.33,4.34,4.4,111.0,4.25,4.5,,,,,,,,,,2025-09-10,,
2025-09-11,3642.07,3649.03,3612.64,3633.77,223107,0,35,97.79000091552734,98.08999633789062,97.47000122070312,97.54000091552734,97.54000091552734,0.0,0.0,0.0,2025-09-11,6554.41015625,6592.89013671875,6545.7998046875,6587.47021484375,6587.47021484375,5426460000.0,0.0,0.0,2025-09-11,62.71,2025-09-11,EFFR,4.33,4.31,4.33,4.34,4.4,117.0,4.25,4.5,,,,,,,,,,2025-09-11,,
2025-09-12,3633.8,3656.51,3630.31,3643.44,188121,0,35,97.5199966430664,97.86000061035156,97.48999786376952,97.5500030517578,97.5500030517578,0.0,0.0,0.0,2025-09-12,6590.66015625,6600.2099609375,6579.490234375,6584.2900390625,6584.2900390625,4641640000.0,0.0,0.0,2025-09-12,63.02,2025-09-12,EFFR,4.33,4.31,4.33,4.34,4.4,106.0,4.25,4.5,,,,,,,,,,2025-09-12,,
2025-09-15,3644.27,3685.4,3626.52,3678.68,196793,0,35,97.62999725341795,97.6999969482422,97.2699966430664,97.3000030517578,97.3000030517578,0.0,0.0,0.0,2025-09-15,6603.490234375,6619.6201171875,6602.06982421875,6615.27978515625,6615.27978515625,5045020000.0,0.0,0.0,2025-09-15,63.66,2025-09-15,EFFR,4.33,4.32,4.33,4.34,4.4,91.0,4.25,4.5,,,,,,,,,,2025-09-15,,
2025-09-16,3679.99,3702.86,3674.61,3689.59,208657,0,35,97.33999633789062,97.38999938964844,96.55999755859376,96.62999725341795,96.62999725341795,0.0,0.0,0.0,2025-09-16,6624.1298828125,6626.990234375,6600.10986328125,6606.759765625,6606.759765625,5359510000.0,0.0,0.0,2025-09-16,64.89,2025-09-16,EFFR,4.33,4.32,4.33,4.34,4.4,98.0,4.25,4.5,,,,,,,,,,2025-09-16,,
2025-09-17,3689.52,3707.32,3645.98,3659.82,244632,0,35,96.62000274658205,97.06999969482422,96.22000122070312,96.87000274658205,96.87000274658205,0.0,0.0,0.0,2025-09-17,6604.8701171875,6624.39013671875,6551.14990234375,6600.35009765625,6600.35009765625,5805340000.0,0.0,0.0,2025-09-17,64.41,2025-09-17,EFFR,4.33,4.32,4.33,4.34,4.45,96.0,4.25,4.5,,,,,,,,,,2025-09-17,,
2025-09-18,3659.5,3672.82,3627.79,3644.23,243675,0,29,96.93000030517578,97.5999984741211,96.83999633789062,97.3499984741211,97.3499984741211,0.0,0.0,0.0,2025-09-18,6626.85009765625,6656.7998046875,6611.89013671875,6631.9599609375,6631.9599609375,5292400000.0,0.0,0.0,2025-09-18,63.91,2025-09-18,EFFR,4.08,4.07,4.08,4.09,4.18,92.0,4.0,4.25,,,,,,,,,,2025-09-18,,
2025-09-19,3643.31,3685.24,3632.23,3685.1,219100,0,32,97.33999633789062,97.80999755859376,97.2699966430664,97.63999938964844,97.63999938964844,0.0,0.0,0.0,2025-09-19,6647.10986328125,6671.81982421875,6630.31005859375,6664.35986328125,6664.35986328125,9125960000.0,0.0,0.0,2025-09-19,63.02,2025-09-19,EFFR,4.08,4.07,4.08,4.09,4.18,95.0,4.0,4.25,,,,,,,,,,2025-09-19,,
2025-09-22,3687.01,3748.64,3683.53,3746.7,225550,0,32,97.6500015258789,97.81999969482422,97.30999755859376,97.33000183105467,97.33000183105467,0.0,0.0,0.0,2025-09-22,6654.27978515625,6698.8798828125,6648.06982421875,6693.75,6693.75,5642620000.0,0.0,0.0,2025-09-22,62.99,2025-09-22,EFFR,4.09,4.07,4.08,4.09,4.15,93.0,4.0,4.25,,,,,,,,,,2025-09-22,,
2025-09-23,3745.78,3790.98,3736.64,3763.96,266030,0,32,97.31999969482422,97.45999908447266,97.1999969482422,97.26000213623048,97.26000213623048,0.0,0.0,0.0,2025-09-23,6692.43994140625,6699.52001953125,6645.580078125,6656.919921875,6656.919921875,5633620000.0,0.0,0.0,2025-09-23,63.76,2025-09-23,EFFR,4.09,4.07,4.08,4.09,4.15,95.0,4.0,4.25,,,,,,,,,,2025-09-23,,
2025-09-24,3765.18,3779.06,3717.39,3735.95,221623,0,32,97.23999786376952,97.91999816894533,97.22000122070312,97.87000274658205,97.87000274658205,0.0,0.0,0.0,2025-09-24,6669.7900390625,6672.66015625,6621.759765625,6637.97021484375,6637.97021484375,5459180000.0,0.0,0.0,2025-09-24,65.4,2025-09-24,EFFR,4.09,4.08,4.08,4.1,4.12,88.0,4.0,4.25,,,,,,,,,,2025-09-24,,
2025-09-25,3736.35,3761.54,3722.03,3749.21,245581,0,27,97.81999969482422,98.61000061035156,97.73999786376952,98.5500030517578,98.5500030517578,0.0,0.0,0.0,2025-09-25,6608.18994140625,6619.0,6569.22021484375,6604.72021484375,6604.72021484375,5874670000.0,0.0,0.0,2025-09-25,65.51,2025-09-25,EFFR,4.09,4.08,4.08,4.1,4.15,92.0,4.0,4.25,,,,,,,,,,2025-09-25,,
2025-09-26,3750.39,3783.66,3734.3,3760.85,230688,0,32,98.5,98.52999877929688,98.12999725341795,98.1500015258789,98.1500015258789,0.0,0.0,0.0,2025-09-26,6615.3798828125,6648.97021484375,6604.43017578125,6643.7001953125,6643.7001953125,5103110000.0,0.0,0.0,2025-09-26,66.5,2025-09-26,EFFR,4.09,4.08,4.09,4.1,4.15,95.0,4.0,4.25,,,,,,,,,,2025-09-26,,
2025-09-29,3759.31,3834.07,3756.12,3833.74,293812,0,32,98.16999816894533,98.18000030517578,97.7699966430664,97.91000366210938,97.91000366210938,0.0,0.0,0.0,2025-09-29,6661.580078125,6677.31005859375,6644.490234375,6661.2099609375,6661.2099609375,5358760000.0,0.0,0.0,2025-09-29,64.27,2025-09-29,EFFR,4.09,4.08,4.09,4.1,4.15,89.0,4.0,4.25,,,,,,,,,,2025-09-29,,
2025-09-30,3834.36,3871.64,3793.0,3858.27,289450,0,32,97.91000366210938,98.0500030517578,97.62999725341795,97.7699966430664,97.7699966430664,0.0,0.0,0.0,2025-09-30,6656.18994140625,6691.25,6641.0,6688.4599609375,6688.4599609375,6057210000.0,0.0,0.0,2025-09-30,63.17,2025-09-30,EFFR,4.09,4.07,4.08,4.1,4.18,92.0,4.0,4.25,,,,,,,,,,2025-09-30,,
2025-10-01,3859.4,3895.23,3853.25,3865.47,274946,0,32,97.81999969482422,97.87999725341795,97.45999908447266,97.70999908447266,97.70999908447266,0.0,0.0,0.0,2025-10-01,6664.919921875,6718.47998046875,6656.2001953125,6711.2001953125,6711.2001953125,6037950000.0,0.0,0.0,2025-10-01,62.59,2025-10-01,EFFR,4.09,4.08,4.09,4.1,4.15,103.0,4.0,4.25,,,,,,,,,,2025-10-01,,2025-10-01
2025-10-02,3866.61,3896.7,3819.2,3856.38,258142,0,32,97.6999969482422,98.12999725341795,97.5199966430664,97.8499984741211,97.8499984741211,0.0,0.0,0.0,2025-10-02,6731.31005859375,6731.93994140625,6693.22998046875,6715.35009765625,6715.35009765625,5416130000.0,0.0,0.0,2025-10-02,61.28,2025-10-02,EFFR,4.09,4.08,4.09,4.1,4.15,102.0,4.0,4.25,,,,,,,,,,2025-10-02,,
2025-10-03,3856.23,3891.56,3837.93,3886.78,239631,0,32,97.8499984741211,97.9499969482422,97.5999984741211,97.72000122070312,97.72000122070312,0.0,0.0,0.0,2025-10-03,6722.14013671875,6750.8701171875,6705.669921875,6715.7900390625,6715.7900390625,5713110000.0,0.0,0.0,2025-10-03,61.65,2025-10-03,EFFR,4.09,4.08,4.09,4.1,4.15,95.0,4.0,4.25,,,,,,,,,,2025-10-03,,
2025-10-06,3888.6,3969.98,3883.96,3960.85,307998,0,27,97.95999908447266,98.5,97.95999908447266,98.11000061035156,98.11000061035156,0.0,0.0,0.0,2025-10-06,6733.85986328125,6749.52001953125,6717.77978515625,6740.27978515625,6740.27978515625,5604460000.0,0.0,0.0,2025-10-06,62.49,2025-10-06,EFFR,4.09,4.08,4.09,4.1,4.18,84.0,4.0,4.25,,,,,,,,,,2025-10-06,,
2025-10-07,3960.08,3990.9,3940.76,3984.35,310309,0,32,98.08999633789062,98.66000366210938,98.08999633789062,98.58000183105467,98.58000183105467,0.0,0.0,0.0,2025-10-07,6746.14013671875,6754.490234375,6699.9599609375,6714.58984375,6714.58984375,5546150000.0,0.0,0.0,2025-10-07,62.52,2025-10-07,EFFR,4.09,4.08,4.09,4.1,4.15,81.0,4.0,4.25,,,,,,,,,,2025-10-07,,
2025-10-08,3984.66,4059.08,3982.93,4041.45,305869,0,31,98.61000061035156,99.05999755859376,98.58999633789062,98.8499984741211,98.8499984741211,0.0,0.0,0.0,2025-10-08,6723.8701171875,6755.64013671875,6718.08984375,6753.72021484375,6753.72021484375,5383130000.0,0.0,0.0,2025-10-08,63.37,2025-10-08,EFFR,4.1,4.08,4.09,4.1,4.15,76.0,4.0,4.25,,,,,,,,,,2025-10-08,,
2025-10-09,4042.62,4057.83,3944.45,3976.05,376972,0,27,98.83999633789062,99.55999755859376,98.6999969482422,99.54000091552734,99.54000091552734,0.0,0.0,0.0,2025-10-09,6760.5,6764.580078125,6716.169921875,6735.10986328125,6735.10986328125,5385020000.0,0.0,0.0,2025-10-09,62.36,2025-10-09,EFFR,4.1,4.08,4.09,4.1,4.15,84.0,4.0,4.25,,,,,,,,,,2025-10-09,,
2025-10-10,3975.21,4022.62,3946.88,4010.28,409533,0,31,99.38999938964844,99.43000030517578,98.80999755859376,98.9800033569336,98.9800033569336,0.0,0.0,0.0,2025-10-10,6740.490234375,6762.39990234375,6550.77978515625,6552.509765625,6552.509765625,6596610000.0,0.0,0.0,2025-10-10,59.75,2025-10-10,EFFR,4.1,4.08,4.09,4.1,4.15,87.0,4.0,4.25,,,,,,,,,,2025-10-10,,
2025-10-13,4008.1,4116.97,4000.36,4110.49,323884,0,31,98.94000244140624,99.3499984741211,98.83000183105467,99.2699966430664,99.2699966430664,0.0,0.0,0.0,2025-10-13,6622.52978515625,6668.68017578125,6620.7099609375,6654.72021484375,6654.72021484375,5303960000.0,0.0,0.0,2025-10-13,,2025-10-13,,,,,,,,,,,,,,,,,,,,,
2025-10-14,4111.05,4179.61,4090.22,4141.93,399776,0,31,99.3000030517578,99.4800033569336,98.98999786376952,99.0500030517578,99.0500030517578,0.0,0.0,0.0,2025-10-14,6602.490234375,6680.7001953125,6555.06982421875,6644.31005859375,6644.31005859375,5666920000.0,0.0,0.0,2025-10-14,59.52,2025-10-14,EFFR,4.1,4.08,4.1,4.11,4.18,80.0,4.0,4.25,,,,,,,,,,2025-10-14,,
2025-10-15,4142.6,4218.18,4140.39,4208.12,316277,0,27,99.0500030517578,99.08000183105467,98.66000366210938,98.79000091552734,98.79000091552734,0.0,0.0,0.0,2025-10-15,6688.27001953125,6724.1201171875,6612.10986328125,6671.06005859375,6671.06005859375,5633060000.0,0.0,0.0,2025-10-15,59.08,2025-10-15,EFFR,4.1,4.09,4.1,4.12,4.15,81.0,4.0,4.25,,,,,,,,,,2025-10-15,,
2025-10-16,4209.61,4330.56,4199.47,4325.93,338034,0,27,98.66999816894533,98.6999969482422,98.3000030517578,98.38999938964844,98.38999938964844,0.0,0.0,0.0,2025-10-16,6689.02001953125,6709.33984375,6593.990234375,6629.06982421875,6629.06982421875,6048180000.0,0.0,0.0,2025-10-16,58.29,2025-10-16,EFFR,4.11,4.09,4.1,4.12,4.15,85.0,4.0,4.25,,,,,,,,,,2025-10-16,,
2025-10-17,4332.74,4379.96,4186.19,4250.44,466886,0,31,98.26000213623048,98.5500030517578,98.02999877929688,98.43000030517578,98.43000030517578,0.0,0.0,0.0,2025-10-17,6613.27001953125,6678.8798828125,6603.759765625,6664.009765625,6664.009765625,5358120000.0,0.0,0.0,2025-10-17,58.3,2025-10-17,EFFR,4.11,4.09,4.1,4.12,4.18,79.0,4.0,4.25,,,,,,,,,,2025-10-17,,
2025-10-20,4252.44,4381.35,4218.93,4356.31,369392,0,31,98.66999816894533,98.66999816894533,98.38999938964844,98.58999633789062,98.58999633789062,0.0,0.0,0.0,2025-10-20,6690.0498046875,6744.35009765625,6690.0498046875,6735.1298828125,6735.1298828125,4672170000.0,0.0,0.0,2025-10-20,58.34,2025-10-20,EFFR,4.11,4.09,4.1,4.12,4.15,82.0,4.0,4.25,,,,,,,,,,2025-10-20,,
2025-10-21,4355.51,4375.21,4081.95,4125.03,424017,0,31,98.61000061035156,98.9800033569336,98.51000213623048,98.93000030517578,98.93000030517578,0.0,0.0,0.0,2025-10-21,6736.75,6752.16015625,6722.02978515625,6735.35009765625,6735.35009765625,5245020000.0,0.0,0.0,2025-10-21,58.66,2025-10-21,EFFR,4.11,4.09,4.1,4.12,4.18,85.0,4.0,4.25,,,,,,,,,,2025-10-21,,
2025-10-22,4124.73,4161.3,4004.09,4098.37,433710,0,27,98.97000122070312,99.13999938964844,98.79000091552734,98.9000015258789,98.9000015258789,0.0,0.0,0.0,2025-10-22,6741.33984375,6741.75,6655.68994140625,6699.39990234375,6699.39990234375,5710010000.0,0.0,0.0,2025-10-22,59.3,2025-10-22,EFFR,4.11,4.09,4.1,4.12,4.15,91.0,4.0,4.25,,,,,,,,,,2025-10-22,,
2025-10-23,4095.35,4154.59,4066.06,4125.81,328034,0,30,98.91999816894533,99.13999938964844,98.91000366210938,98.94000244140624,98.94000244140624,0.0,0.0,0.0,2025-10-23,6703.64990234375,6749.52978515625,6700.14013671875,6738.43994140625,6738.43994140625,5565750000.0,0.0,0.0,2025-10-23,62.44,2025-10-23,EFFR,4.11,4.09,4.11,4.12,4.15,93.0,4.0,4.25,,,,,,,,,,2025-10-23,,
2025-10-24,4126.89,4144.36,4044.23,4112.99,312450,0,30,98.94000244140624,99.0999984741211,98.7300033569336,98.9499969482422,98.9499969482422,0.0,0.0,0.0,2025-10-24,6772.06982421875,6807.10986328125,6772.06982421875,6791.68994140625,6791.68994140625,5058220000.0,0.0,0.0,2025-10-24,62.27,2025-10-24,EFFR,4.11,4.09,4.11,4.12,4.15,90.0,4.0,4.25,,,,,,,,,,2025-10-24,,
2025-10-27,4102.38,4108.79,3971.19,3981.42,345319,0,30,98.83999633789062,99.0,98.7300033569336,98.77999877929688,98.77999877929688,0.0,0.0,0.0,2025-10-27,6845.4599609375,6877.27978515625,6843.93994140625,6875.16015625,6875.16015625,5290650000.0,0.0,0.0,2025-10-27,62.13,2025-10-27,EFFR,4.12,4.09,4.11,4.12,4.15,88.0,4.0,4.25,,,,,,,,,,2025-10-27,,
2025-10-28,3986.65,4019.69,3886.29,3952.63,331892,0,30,98.75,98.9499969482422,98.56999969482422,98.69000244140624,98.69000244140624,0.0,0.0,0.0,2025-10-28,6897.740234375,6911.2998046875,6870.72998046875,6890.89013671875,6890.89013671875,5695930000.0,0.0,0.0,2025-10-28,60.97,2025-10-28,EFFR,4.12,4.09,4.11,4.12,4.15,92.0,4.0,4.25,,,,,,,,,,2025-10-28,,
2025-10-29,3953.22,4029.99,3916.45,3930.26,363834,0,30,98.73999786376952,99.36000061035156,98.62000274658205,99.22000122070312,99.22000122070312,0.0,0.0,0.0,2025-10-29,6910.9501953125,6920.33984375,6851.91015625,6890.58984375,6890.58984375,6280130000.0,0.0,0.0,2025-10-29,61.26,2025-10-29,EFFR,4.12,4.09,4.11,4.12,4.15,98.0,4.0,4.25,,,,,,,,,,2025-10-29,,
2025-10-30,3931.13,4026.95,3915.33,4024.2,402865,0,30,99.13999938964844,99.72000122070312,98.91999816894533,99.52999877929688,99.52999877929688,0.0,0.0,0.0,2025-10-30,6860.5,6880.75,6820.68994140625,6822.33984375,6822.33984375,6052700000.0,0.0,0.0,2025-10-30,61.36,2025-10-30,EFFR,3.87,3.84,3.86,3.87,3.9,104.0,3.75,4.0,,,,,,,,,,2025-10-30,,
2025-10-31,4023.31,4046.23,3972.35,4001.5,363348,0,30,99.48999786376952,99.83999633789062,99.41999816894533,99.8000030517578,99.8000030517578,0.0,0.0,0.0,2025-10-31,6879.169921875,6879.169921875,6814.259765625,6840.2001953125,6840.2001953125,6398280000.0,0.0,0.0,2025-10-31,61.75,2025-10-31,EFFR,3.86,3.84,3.85,3.87,3.93,107.0,3.75,4.0,,,,,,,,,,2025-10-31,,
2025-11-03,3983.44,4030.36,3962.51,4001.21,327893,0,30,99.75,99.98999786376952,99.70999908447266,99.87000274658205,99.87000274658205,0.0,0.0,0.0,2025-11-03,6882.31982421875,6882.31982421875,6820.6201171875,6851.97021484375,6851.97021484375,6065720000.0,0.0,0.0,2025-11-03,61.79,2025-11-03,EFFR,3.87,3.84,3.86,3.87,3.9,98.0,3.75,4.0,,,,,,,,,,2025-11-03,,
2025-11-04,4003.29,4005.64,3928.64,3931.84,306777,0,30,99.9800033569336,100.26000213623048,99.73999786376952,100.22000122070312,100.22000122070312,0.0,0.0,0.0,2025-11-04,6788.52001953125,6820.2099609375,6766.7099609375,6771.5498046875,6771.5498046875,5739510000.0,0.0,0.0,2025-11-04,61.38,2025-11-04,EFFR,3.87,3.84,3.86,3.87,3.9,94.0,3.75,4.0,,,,,,,,,,2025-11-04,,
2025-11-05,3932.61,3990.25,3929.58,3978.95,244716,0,30,100.18000030517578,100.36000061035156,100.05999755859376,100.1999969482422,100.1999969482422,0.0,0.0,0.0,2025-11-05,6769.77001953125,6829.77978515625,6763.10986328125,6796.2900390625,6796.2900390625,5939600000.0,0.0,0.0,2025-11-05,60.4,2025-11-05,EFFR,3.87,3.84,3.86,3.87,3.9,94.0,3.75,4.0,,,,,,,,,,2025-11-05,,
2025-11-06,3972.26,4019.48,3964.41,3976.98,285079,0,30,100.11000061035156,100.11000061035156,99.66999816894533,99.7300033569336,99.7300033569336,0.0,0.0,0.0,2025-11-06,6787.58984375,6796.68017578125,6707.509765625,6720.31982421875,6720.31982421875,6051900000.0,0.0,0.0,2025-11-06,60.24,2025-11-06,EFFR,3.87,3.84,3.86,3.87,3.93,87.0,3.75,4.0,,,,,,,,,,2025-11-06,,
2025-11-07,3977.43,4027.31,3974.53,4001.22,239950,0,30,99.76000213623048,99.87000274658205,99.4000015258789,99.5999984741211,99.5999984741211,0.0,0.0,0.0,2025-11-07,6696.18017578125,6730.10986328125,6631.43994140625,6728.7998046875,6728.7998046875,5926070000.0,0.0,0.0,2025-11-07,60.54,2025-11-07,EFFR,3.87,3.84,3.86,3.88,3.93,83.0,3.75,4.0,,,,,,,,,,2025-11-07,,
2025-11-10,4000.93,4116.44,3997.83,4115.75,271376,0,30,99.62999725341795,99.73999786376952,99.45999908447266,99.62000274658205,99.62000274658205,0.0,0.0,0.0,2025-11-10,6785.35986328125,6841.31982421875,6770.56005859375,6832.43017578125,6832.43017578125,5366050000.0,0.0,0.0,2025-11-10,60.94,2025-11-10,EFFR,3.87,3.84,3.86,3.88,3.9,77.0,3.75,4.0,,,,,,,,,,2025-11-10,,
2025-11-11,4116.12,4148.94,4096.95,4126.6,249641,0,30,99.66000366210938,99.73999786376952,99.29000091552734,99.45999908447266,99.45999908447266,0.0,0.0,0.0,2025-11-11,6815.64013671875,6855.1298828125,6806.8701171875,6846.60986328125,6846.60986328125,4983490000.0,0.0,0.0,2025-11-11,,2025-11-11,,,,,,,,,,,,,,,,,,,,,
2025-11-12,4126.79,4211.67,4098.72,4195.47,330657,0,30,99.45999908447266,99.70999908447266,99.41999816894533,99.4800033569336,99.4800033569336,0.0,0.0,0.0,2025-11-12,6867.77001953125,6869.91015625,6829.6201171875,6850.919921875,6850.919921875,5293610000.0,0.0,0.0,2025-11-12,59.3,2025-11-12,EFFR,3.87,3.84,3.87,3.88,3.93,77.0,3.75,4.0,,,,,,,,,,2025-11-12,,
2025-11-13,4196.19,4245.04,4145.18,4171.3,373418,0,30,99.5199966430664,99.58999633789062,98.98999786376952,99.18000030517578,99.18000030517578,0.0,0.0,0.0,2025-11-13,6826.47021484375,6828.0498046875,6724.72021484375,6737.490234375,6737.490234375,5473720000.0,0.0,0.0,2025-11-13,59.54,2025-11-13,EFFR,3.88,3.84,3.87,3.89,3.93,78.0,3.75,4.0,,,,,,,,,,2025-11-13,,
2025-11-14,4171.49,4211.18,4031.93,4084.77,384444,0,30,99.26000213623048,99.4000015258789,98.98999786376952,99.2699966430664,99.2699966430664,0.0,0.0,0.0,2025-11-14,6672.14013671875,6774.31005859375,6646.8701171875,6734.10986328125,6734.10986328125,5042660000.0,0.0,0.0,2025-11-14,60.87,2025-11-14,EFFR,3.88,3.84,3.87,3.89,3.93,72.0,3.75,4.0,,,,,,,,,,2025-11-14,,
2025-11-17,4086.77,4106.43,4006.78,4045.49,320463,0,30,99.2699966430664,99.5999984741211,99.25,99.58999633789062,99.58999633789062,0.0,0.0,0.0,2025-11-17,6713.60986328125,6754.5,6638.89990234375,6672.41015625,6672.41015625,5204220000.0,0.0,0.0,2025-11-17,60.66,2025-11-17,EFFR,3.88,3.84,3.87,3.89,3.93,75.0,3.75,4.0,,,,,,,,,,2025-11-17,,
2025-11-18,4044.66,4082.18,3997.76,4067.36,321887,0,30,99.55999755859376,99.66000366210938,99.4000015258789,99.5500030517578,99.5500030517578,0.0,0.0,0.0,2025-11-18,6641.18994140625,6666.6298828125,6574.31982421875,6617.31982421875,6617.31982421875,5159390000.0,0.0,0.0,2025-11-18,61.51,2025-11-18,EFFR,3.88,3.84,3.88,3.89,3.91,78.0,3.75,4.0,,,,,,,,,,2025-11-18,,
2025-11-19,4068.23,4132.73,4055.35,4077.72,318540,0,30,99.58000183105467,100.23999786376952,99.48999786376952,100.2300033569336,100.2300033569336,0.0,0.0,0.0,2025-11-19,6625.83984375,6689.75,6603.5,6642.16015625,6642.16015625,5021610000.0,0.0,0.0,2025-11-19,60.27,2025-11-19,EFFR,3.88,3.84,3.88,3.89,3.91,76.0,3.75,4.0,,,,,,,,,,2025-11-19,,
2025-11-20,4078.96,4110.01,4038.66,4077.14,374073,0,30,100.16999816894533,100.36000061035156,100.02999877929688,100.16000366210938,100.16000366210938,0.0,0.0,0.0,2025-11-20,6737.93017578125,6770.35009765625,6534.0498046875,6538.759765625,6538.759765625,5596080000.0,0.0,0.0,2025-11-20,60.07,2025-11-20,EFFR,3.88,3.84,3.88,3.89,3.93,75.0,3.75,4.0,,,,,,,,,,2025-11-20,,
2025-11-21,4074.34,4100.99,4022.17,4065.8,384550,0,30,100.16000366210938,100.4000015258789,99.98999786376952,100.18000030517578,100.18000030517578,0.0,0.0,0.0,2025-11-21,6555.77001953125,6660.0498046875,6521.919921875,6602.990234375,6602.990234375,5929930000.0,0.0,0.0,2025-11-21,58.86,2025-11-21,EFFR,3.88,3.84,3.88,3.89,3.91,81.0,3.75,4.0,,,,,,,,,,2025-11-21,,
2025-11-24,4071.72,4139.81,4039.89,4134.54,289668,0,30,100.1999969482422,100.3000030517578,100.01000213623048,100.13999938964844,100.13999938964844,0.0,0.0,0.0,2025-11-24,6636.5400390625,6715.75,6630.7001953125,6705.1201171875,6705.1201171875,6039740000.0,0.0,0.0,2025-11-24,59.11,2025-11-24,EFFR,3.88,3.84,3.88,3.89,3.93,73.0,3.75,4.0,,,,,,,,,,2025-11-24,,
2025-11-25,4133.53,4159.11,4109.44,4130.54,303666,0,30,100.20999908447266,100.26000213623048,99.6500015258789,99.66000366210938,99.66000366210938,0.0,0.0,0.0,2025-11-25,6697.02978515625,6776.39990234375,6659.97998046875,6765.8798828125,6765.8798828125,5003330000.0,0.0,0.0,2025-11-25,58.25,2025-11-25,EFFR,3.88,3.84,3.88,3.89,3.93,78.0,3.75,4.0,,,,,,,,,,2025-11-25,,
2025-11-26,4132.14,4173.3,4129.7,4163.72,253216,0,30,99.83999633789062,99.95999908447266,99.55999755859376,99.5999984741211,99.5999984741211,0.0,0.0,0.0,2025-11-26,6793.5498046875,6831.43994140625,6783.8701171875,6812.60986328125,6812.60986328125,4485000000.0,0.0,0.0,2025-11-26,58.81,2025-11-26,EFFR,3.88,3.84,3.88,3.89,3.93,89.0,3.75,4.0,,,,,,,,,,2025-11-26,,
2025-11-27,4164.96,4168.39,4142.59,4157.76,176078,0,30,,,,,,,,,,,,,,,,,,,,2025-11-27,,,,,,,,,,,,,,,,,,,,,
2025-11-28,4157.64,4226.54,4152.02,4219.97,175497,0,30,99.56999969482422,99.81999969482422,99.37999725341795,99.45999908447266,99.45999908447266,0.0,0.0,0.0,2025-11-28,6822.52001953125,6850.85986328125,6819.75,6849.08984375,6849.08984375,2558540000.0,0.0,0.0,2025-11-28,58.58,2025-11-28,EFFR,3.89,3.84,3.88,3.89,3.92,90.0,3.75,4.0,,,,,,,,,,2025-11-28,,
2025-12-01,4222.03,4264.36,4205.63,4232.1,373732,0,30,99.4800033569336,99.51000213623048,99.01000213623048,99.41000366210938,99.41000366210938,0.0,0.0,0.0,2025-12-01,6812.2998046875,6843.64990234375,6799.93994140625,6812.6298828125,6812.6298828125,4549370000.0,0.0,0.0,2025-12-01,59.47,2025-12-01,EFFR,3.89,3.84,3.88,3.9,3.93,85.0,3.75,4.0,,,,,,,,,,2025-12-01,326.031,2025-12-01
2025-12-02,4231.92,4235.84,4163.81,4205.5,310096,0,30,99.4499969482422,99.56999969482422,99.31999969482422,99.36000061035156,99.36000061035156,0.0,0.0,0.0,2025-12-02,6830.9599609375,6851.5498046875,6806.7099609375,6829.3701171875,6829.3701171875,4582290000.0,0.0,0.0,2025-12-02,58.81,2025-12-02,EFFR,3.89,3.84,3.88,3.9,3.93,91.0,3.75,4.0,,,,,,,,,,2025-12-02,,
2025-12-03,4208.31,4241.31,4194.53,4203.05,310388,0,30,99.27999877929688,99.29000091552734,98.81999969482422,98.8499984741211,98.8499984741211,0.0,0.0,0.0,2025-12-03,6815.2900390625,6862.419921875,6810.43017578125,6849.72021484375,6849.72021484375,4736780000.0,0.0,0.0,2025-12-03,59.09,2025-12-03,EFFR,3.89,3.84,3.88,3.9,3.93,85.0,3.75,4.0,,,,,,,,,,2025-12-03,,
2025-12-04,4203.73,4219.24,4174.76,4208.68,333976,0,30,98.91999816894533,99.08000183105467,98.7699966430664,98.98999786376952,98.98999786376952,0.0,0.0,0.0,2025-12-04,6866.47021484375,6866.47021484375,6827.1201171875,6857.1201171875,6857.1201171875,4872440000.0,0.0,0.0,2025-12-04,59.82,2025-12-04,EFFR,3.89,3.84,3.88,3.9,3.93,87.0,3.75,4.0,,,,,,,,,,2025-12-04,,
2025-12-05,4208.12,4259.11,4191.86,4198.57,305397,0,30,99.04000091552734,99.12999725341795,98.80999755859376,98.98999786376952,98.98999786376952,0.0,0.0,0.0,2025-12-05,6866.31982421875,6895.77978515625,6858.2900390625,6870.39990234375,6870.39990234375,4944560000.0,0.0,0.0,2025-12-05,60.23,2025-12-05,EFFR,3.89,3.84,3.88,3.9,3.91,88.0,3.75,4.0,,,,,,,,,,2025-12-05,,
2025-12-08,4199.55,4218.91,4176.03,4190.46,292972,0,30,98.97000122070312,99.2300033569336,98.79000091552734,99.08999633789062,99.08999633789062,0.0,0.0,0.0,2025-12-08,6875.2001953125,6878.27001953125,6827.18994140625,6846.509765625,6846.509765625,4757130000.0,0.0,0.0,2025-12-08,59.04,2025-12-08,EFFR,3.89,3.84,3.88,3.9,3.91,84.0,3.75,4.0,,,,,,,,,,2025-12-08,,
2025-12-09,4191.28,4221.17,4169.86,4208.12,326120,0,30,99.0500030517578,99.30999755859376,98.9499969482422,99.22000122070312,99.22000122070312,0.0,0.0,0.0,2025-12-09,6840.60986328125,6864.919921875,6837.43017578125,6840.509765625,6840.509765625,4508050000.0,0.0,0.0,2025-12-09,58.4,2025-12-09,EFFR,3.89,3.84,3.88,3.9,3.91,85.0,3.75,4.0,,,,,,,,,,2025-12-09,,
2025-12-10,4208.37,4238.51,4181.87,4228.5,321849,0,30,99.22000122070312,99.26000213623048,98.58999633789062,98.79000091552734,98.79000091552734,0.0,0.0,0.0,2025-12-10,6833.490234375,6900.669921875,6824.68994140625,6886.68017578125,6886.68017578125,5526570000.0,0.0,0.0,2025-12-10,58.67,2025-12-10,EFFR,3.89,3.84,3.88,3.9,3.91,98.0,3.75,4.0,,,,,,,,,,2025-12-10,,
2025-12-11,4228.37,4285.77,4204.14,4279.48,323770,0,30,98.55999755859376,98.76000213623048,98.12999725341795,98.3499984741211,98.3499984741211,0.0,0.0,0.0,2025-12-11,6861.2998046875,6903.4599609375,6833.4501953125,6901.0,6901.0,5021060000.0,0.0,0.0,2025-12-11,57.76,2025-12-11,EFFR,3.64,3.6,3.63,3.65,3.66,99.0,3.5,3.75,,,,,,,,,,2025-12-11,,
2025-12-12,4279.96,4353.3,4257.0,4300.81,360815,0,30,98.31999969482422,98.52999877929688,98.3000030517578,98.4000015258789,98.4000015258789,0.0,0.0,0.0,2025-12-12,6886.85009765625,6899.85009765625,6801.7900390625,6827.41015625,6827.41015625,4910160000.0,0.0,0.0,2025-12-12,57.61,2025-12-12,EFFR,3.64,3.6,3.63,3.65,3.68,102.0,3.5,3.75,,,,,,,,,,2025-12-12,,
2025-12-15,4300.59,4350.0,4285.18,4304.9,319243,0,30,98.4000015258789,98.4800033569336,98.13999938964844,98.1500015258789,98.1500015258789,0.0,0.0,0.0,2025-12-15,6860.18994140625,6861.58984375,6801.490234375,6816.509765625,6816.509765625,4975600000.0,0.0,0.0,2025-12-15,56.97,2025-12-15,EFFR,3.64,3.6,3.63,3.65,3.66,97.0,3.5,3.75,,,,,,,,,,2025-12-15,,
2025-12-16,4306.19,4334.93,4271.14,4302.14,329618,0,30,98.2699966430664,98.31999969482422,97.87000274658205,98.1500015258789,98.1500015258789,0.0,0.0,0.0,2025-12-16,6800.1201171875,6819.27001953125,6759.740234375,6800.259765625,6800.259765625,4983180000.0,0.0,0.0,2025-12-16,55.44,2025-12-16,EFFR,3.64,3.6,3.64,3.65,3.66,95.0,3.5,3.75,,,,,,,,,,2025-12-16,,
2025-12-17,4303.08,4348.6,4301.08,4338.08,328339,0,30,98.20999908447266,98.63999938964844,98.18000030517578,98.37000274658205,98.37000274658205,0.0,0.0,0.0,2025-12-17,6802.8798828125,6812.259765625,6720.43017578125,6721.43017578125,6721.43017578125,5122120000.0,0.0,0.0,2025-12-17,56.07,2025-12-17,EFFR,3.64,3.6,3.63,3.65,3.66,94.0,3.5,3.75,,,,,,,,,,2025-12-17,,
2025-12-18,4340.28,4374.44,4308.64,4332.58,335733,0,30,98.37999725341795,98.55999755859376,98.16999816894533,98.43000030517578,98.43000030517578,0.0,0.0,0.0,2025-12-18,6778.06005859375,6816.1298828125,6758.5,6774.759765625,6774.759765625,5101190000.0,0.0,0.0,2025-12-18,56.22,2025-12-18,EFFR,3.64,3.6,3.64,3.65,3.66,88.0,3.5,3.75,,,,,,,,,,2025-12-18,,
2025-12-19,4333.31,4356.35,4308.98,4339.22,267374,0,30,98.45999908447266,98.75,98.41999816894533,98.5999984741211,98.5999984741211,0.0,0.0,0.0,2025-12-19,6792.6201171875,6840.02001953125,6792.6201171875,6834.5,6834.5,8554470000.0,0.0,0.0,2025-12-19,56.8,2025-12-19,EFFR,3.64,3.6,3.64,3.65,3.65,93.0,3.5,3.75,,,,,,,,,,2025-12-19,,
2025-12-22,4339.7,4448.84,4337.87,4443.65,247397,0,30,98.66999816894533,98.7300033569336,98.1999969482422,98.29000091552734,98.29000091552734,0.0,0.0,0.0,2025-12-22,6865.2099609375,6882.02978515625,6855.740234375,6878.490234375,6878.490234375,4465030000.0,0.0,0.0,2025-12-22,58.18,2025-12-22,EFFR,3.64,3.6,3.64,3.65,3.65,87.0,3.5,3.75,,,,,,,,,,2025-12-22,,
2025-12-23,4447.58,4499.67,4430.32,4484.62,307388,0,30,98.1999969482422,98.1999969482422,97.8499984741211,97.94000244140624,97.94000244140624,0.0,0.0,0.0,2025-12-23,6872.41015625,6910.8798828125,6868.81005859375,6909.7900390625,6909.7900390625,3820560000.0,0.0,0.0,2025-12-23,58.55,2025-12-23,EFFR,3.64,3.6,3.63,3.65,3.65,85.0,3.5,3.75,,,,,,,,,,2025-12-23,,
2025-12-24,4487.01,4525.75,4448.18,4480.5,291957,0,30,97.88999938964844,98.01000213623048,97.75,97.9800033569336,97.9800033569336,0.0,0.0,0.0,2025-12-24,6904.91015625,6937.31982421875,6904.91015625,6932.0498046875,6932.0498046875,1798270000.0,0.0,0.0,2025-12-24,58.72,2025-12-24,EFFR,3.64,3.6,3.64,3.65,3.65,88.0,3.5,3.75,,,,,,,,,,2025-12-24,,
2025-12-26,4509.87,4549.94,4502.77,4532.33,262001,0,30,97.91999816894533,98.12999725341795,97.86000061035156,98.0199966430664,98.0199966430664,0.0,0.0,0.0,2025-12-26,6936.02001953125,6945.77001953125,6921.60009765625,6929.93994140625,6929.93994140625,2586550000.0,0.0,0.0,2025-12-26,56.6,2025-12-26,EFFR,3.64,3.6,3.63,3.65,3.65,101.0,3.5,3.75,,,,,,,,,,2025-12-26,,
2025-12-29,4539.6,4549.57,4302.89,4331.68,414260,0,30,98.0500030517578,98.18000030517578,97.91999816894533,98.04000091552734,98.04000091552734,0.0,0.0,0.0,2025-12-29,6903.60009765625,6920.2099609375,6888.759765625,6905.740234375,6905.740234375,3541750000.0,0.0,0.0,2025-12-29,57.89,2025-12-29,EFFR,3.64,3.6,3.63,3.65,3.68,87.0,3.5,3.75,,,,,,,,,,2025-12-29,,
2025-12-30,4333.32,4404.34,4323.07,4338.48,368072,0,30,98.01000213623048,98.2699966430664,97.94000244140624,98.23999786376952,98.23999786376952,0.0,0.0,0.0,2025-12-30,6900.43994140625,6913.25,6893.47021484375,6896.240234375,6896.240234375,3309930000.0,0.0,0.0,2025-12-30,57.79,2025-12-30,EFFR,3.64,3.6,3.64,3.65,3.68,87.0,3.5,3.75,,,,,,,,,,2025-12-30,,
2025-12-31,4340.65,4373.18,4274.15,4321.74,319997,0,30,98.25,98.5,98.18000030517578,98.27999877929688,98.27999877929688,0.0,0.0,0.0,2025-12-31,6898.81982421875,6901.419921875,6844.5498046875,6845.5,6845.5,3261830000.0,0.0,0.0,2025-12-31,57.26,2025-12-31,EFFR,3.64,3.6,3.64,3.65,3.69,74.0,3.5,3.75,,,,,,,,,,2025-12-31,,
2026-01-02,4380.64,4402.23,4309.86,4331.54,241362,0,30,98.23999786376952,98.48999786376952,98.1500015258789,98.41999816894533,98.41999816894533,0.0,0.0,0.0,2026-01-02,6878.10986328125,6894.8701171875,6824.31005859375,6858.47021484375,6858.47021484375,4184120000.0,0.0,0.0,2026-01-02,57.21,2026-01-02,EFFR,3.64,3.6,3.63,3.65,3.68,92.0,3.5,3.75,,,,,,,,,,2026-01-02,,
2026-01-05,4350.7,4455.67,4344.99,4448.87,351482,0,30,98.4800033569336,98.86000061035156,98.25,98.2699966430664,98.2699966430664,0.0,0.0,0.0,2026-01-05,6892.18994140625,6920.3798828125,6891.56005859375,6902.0498046875,6902.0498046875,5771930000.0,0.0,0.0,2026-01-05,58.1,2026-01-05,EFFR,3.64,3.6,3.64,3.65,3.68,88.0,3.5,3.75,,,,,,,,,,2026-01-05,,
2026-01-06,4449.59,4497.15,4427.79,4494.64,326598,0,30,98.41000366210938,98.62999725341795,98.16000366210938,98.58000183105467,98.58000183105467,0.0,0.0,0.0,2026-01-06,6908.02978515625,6948.68994140625,6904.02001953125,6944.81982421875,6944.81982421875,5509680000.0,0.0,0.0,2026-01-06,56.97,2026-01-06,EFFR,3.64,3.6,3.63,3.65,3.67,88.0,3.5,3.75,,,,,,,,,,2026-01-06,,
2026-01-07,4495.34,4500.31,4423.39,4456.35,349563,0,30,98.58000183105467,98.75,98.5,98.68000030517578,98.68000030517578,0.0,0.0,0.0,2026-01-07,6945.06982421875,6965.68994140625,6919.18994140625,6920.93017578125,6920.93017578125,5214480000.0,0.0,0.0,2026-01-07,56.01,2026-01-07,EFFR,3.64,3.6,3.63,3.65,3.68,83.0,3.5,3.75,,,,,,,,,,2026-01-07,,
2026-01-08,4459.42,4479.45,4407.52,4477.26,359433,0,30,98.73999786376952,98.9800033569336,98.68000030517578,98.93000030517578,98.93000030517578,0.0,0.0,0.0,2026-01-08,6914.10986328125,6931.27978515625,6899.330078125,6921.4599609375,6921.4599609375,5333200000.0,0.0,0.0,2026-01-08,57.74,2026-01-08,EFFR,3.64,3.6,3.63,3.65,3.66,87.0,3.5,3.75,,,,,,,,,,2026-01-08,,
2026-01-09,4480.28,4516.94,4452.76,4509.06,301802,0,30,98.91000366210938,99.26000213623048,98.9000015258789,99.12999725341795,99.12999725341795,0.0,0.0,0.0,2026-01-09,6927.830078125,6978.35986328125,6917.64013671875,6966.27978515625,6966.27978515625,5163900000.0,0.0,0.0,2026-01-09,58.96,2026-01-09,EFFR,3.64,3.6,3.63,3.65,3.65,93.0,3.5,3.75,,,,,,,,,,2026-01-09,,
2026-01-12,4511.39,4629.99,4511.39,4597.37,362845,0,30,99.16999816894533,99.25,98.66999816894533,98.86000061035156,98.86000061035156,0.0,0.0,0.0,2026-01-12,6944.1201171875,6986.330078125,6934.06982421875,6977.27001953125,6977.27001953125,5019040000.0,0.0,0.0,2026-01-12,59.39,2026-01-12,EFFR,3.64,3.6,3.63,3.65,3.66,93.0,3.5,3.75,,,,,,,,,,2026-01-12,,
2026-01-13,4600.88,4634.41,4569.68,4586.33,330888,0,30,98.9000015258789,99.2300033569336,98.8499984741211,99.12999725341795,99.12999725341795,0.0,0.0,0.0,2026-01-13,6977.41015625,6985.830078125,6938.77001953125,6963.740234375,6963.740234375,5091730000.0,0.0,0.0,2026-01-13,60.85,2026-01-13,EFFR,3.64,3.6,3.63,3.64,3.65,92.0,3.5,3.75,,,,,,,,,,2026-01-13,,
2026-01-14,4588.31,4642.77,4588.14,4626.44,364645,0,30,99.19000244140624,99.25,98.93000030517578,99.12999725341795,99.12999725341795,0.0,0.0,0.0,2026-01-14,6937.41015625,6941.2998046875,6885.740234375,6926.60009765625,6926.60009765625,5530830000.0,0.0,0.0,2026-01-14,61.84,2026-01-14,EFFR,3.64,3.6,3.63,3.64,3.65,94.0,3.5,3.75,,,,,,,,,,2026-01-14,,
2026-01-15,4630.28,4632.63,4580.96,4615.78,364198,0,31,99.12999725341795,99.48999786376952,99.08999633789062,99.31999969482422,99.31999969482422,0.0,0.0,0.0,2026-01-15,6969.4599609375,6979.33984375,6937.93017578125,6944.47021484375,6944.47021484375,5114050000.0,0.0,0.0,2026-01-15,59.13,2026-01-15,EFFR,3.64,3.6,3.63,3.64,3.68,91.0,3.5,3.75,,,,,,,,,,2026-01-15,,
2026-01-16,4616.58,4620.68,4536.41,4596.51,333646,0,30,99.37000274658205,99.4800033569336,99.16000366210938,99.38999938964844,99.38999938964844,0.0,0.0,0.0,2026-01-16,6960.5400390625,6967.2998046875,6925.08984375,6940.009765625,6940.009765625,5356550000.0,0.0,0.0,2026-01-16,59.4,2026-01-16,EFFR,3.64,3.6,3.63,3.64,3.68,84.0,3.5,3.75,,,,,,,,,,2026-01-16,,
2026-01-19,4628.59,4690.42,4620.04,4669.99,235543,0,30,,,,,,,,,,,,,,,,,,,,2026-01-19,,,,,,,,,,,,,,,,,,,,,
2026-01-20,4672.16,4766.28,4659.37,4763.46,326542,0,30,99.13999938964844,99.13999938964844,98.25,98.63999938964844,98.63999938964844,0.0,0.0,0.0,2026-01-20,6865.240234375,6871.169921875,6789.0498046875,6796.85986328125,6796.85986328125,5769500000.0,0.0,0.0,2026-01-20,60.3,2026-01-20,EFFR,3.64,3.6,3.63,3.64,3.68,83.0,3.5,3.75,,,,,,,,,,2026-01-20,,
2026-01-21,4762.9,4888.52,4755.58,4831.16,393662,0,30,98.61000061035156,98.87000274658205,98.37999725341795,98.76000213623048,98.76000213623048,0.0,0.0,0.0,2026-01-21,6810.7099609375,6910.39013671875,6804.9599609375,6875.6201171875,6875.6201171875,5835520000.0,0.0,0.0,2026-01-21,60.38,2026-01-21,EFFR,3.64,3.6,3.63,3.64,3.68,95.0,3.5,3.75,,,,,,,,,,2026-01-21,,
2026-01-22,4835.34,4940.51,4772.37,4936.24,335241,0,30,98.79000091552734,98.83000183105467,98.27999877929688,98.36000061035156,98.36000061035156,0.0,0.0,0.0,2026-01-22,6914.43994140625,6934.75,6893.6201171875,6913.35009765625,6913.35009765625,5307580000.0,0.0,0.0,2026-01-22,59.24,2026-01-22,EFFR,3.64,3.56,3.63,3.64,3.68,89.0,3.5,3.75,,,,,,,,,,2026-01-22,,
2026-01-23,4937.01,4989.78,4899.57,4987.96,313423,0,30,98.33000183105467,98.4800033569336,97.43000030517578,97.5999984741211,97.5999984741211,0.0,0.0,0.0,2026-01-23,6907.85009765625,6932.9599609375,6895.5,6915.60986328125,6915.60986328125,4871930000.0,0.0,0.0,2026-01-23,60.7,2026-01-23,EFFR,3.64,3.6,3.63,3.64,3.67,99.0,3.5,3.75,,,,,,,,,,2026-01-23,,
2026-01-26,5009.67,5111.1,4989.78,5008.08,470178,0,30,97.02999877929688,97.33000183105467,96.80999755859376,97.04000091552734,97.04000091552734,0.0,0.0,0.0,2026-01-26,6923.22998046875,6964.66015625,6921.60009765625,6950.22998046875,6950.22998046875,4968050000.0,0.0,0.0,2026-01-26,60.46,2026-01-26,EFFR,3.64,3.6,3.63,3.64,3.68,83.0,3.5,3.75,,,,,,,,,,2026-01-26,,
2026-01-27,5013.25,5190.36,5012.8,5181.0,438972,0,30,97.0500030517578,97.29000091552734,95.5500030517578,96.22000122070312,96.22000122070312,0.0,0.0,0.0,2026-01-27,6965.9599609375,6988.81982421875,6958.830078125,6978.60009765625,6978.60009765625,5331720000.0,0.0,0.0,2026-01-27,62.04,2026-01-27,EFFR,3.64,3.6,3.63,3.64,3.68,88.0,3.5,3.75,,,,,,,,,,2026-01-27,,
2026-01-28,5180.58,5419.01,5157.24,5417.68,468887,0,30,95.97000122070312,96.79000091552734,95.86000061035156,96.4499969482422,96.4499969482422,0.0,0.0,0.0,2026-01-28,7002.0,7002.27978515625,6963.4599609375,6978.02978515625,6978.02978515625,5507670000.0,0.0,0.0,2026-01-28,62.75,2026-01-28,EFFR,3.64,3.6,3.63,3.64,3.68,89.0,3.5,3.75,,,,,,,,,,2026-01-28,,
2026-01-29,5420.4,5597.84,5104.45,5370.76,562614,0,30,96.16000366210938,96.66000366210938,96.0199966430664,96.27999877929688,96.27999877929688,0.0,0.0,0.0,2026-01-29,6977.740234375,6992.83984375,6870.7998046875,6969.009765625,6969.009765625,6877780000.0,0.0,0.0,2026-01-29,64.77,2026-01-29,EFFR,3.64,3.6,3.63,3.64,3.68,104.0,3.5,3.75,,,,,,,,,,2026-01-29,,
2026-01-30,5385.13,5450.76,4684.92,4890.34,602756,0,30,96.31999969482422,97.1500015258789,96.31999969482422,96.98999786376952,96.98999786376952,0.0,0.0,0.0,2026-01-30,6947.27001953125,6964.08984375,6893.47998046875,6939.02978515625,6939.02978515625,6697340000.0,0.0,0.0,2026-01-30,64.5,2026-01-30,EFFR,3.64,3.6,3.63,3.64,3.68,101.0,3.5,3.75,,,,,,,,,,2026-01-30,,
2026-02-02,4805.03,4884.67,4402.99,4660.72,586767,0,30,97.19000244140624,97.7300033569336,97.01000213623048,97.61000061035156,97.61000061035156,0.0,0.0,0.0,2026-02-02,6916.64013671875,6991.919921875,6914.33984375,6976.43994140625,6976.43994140625,5772050000.0,0.0,0.0,2026-02-02,61.6,2026-02-02,EFFR,3.64,3.6,3.63,3.64,3.68,93.0,3.5,3.75,,,,,,,,,,2026-02-02,,
2026-02-03,4668.26,4993.53,4665.67,4946.89,487645,0,30,97.5199966430664,97.69000244140624,97.3000030517578,97.44000244140624,97.44000244140624,0.0,0.0,0.0,2026-02-03,6985.4501953125,6993.080078125,6862.0498046875,6917.81005859375,6917.81005859375,7017660000.0,0.0,0.0,2026-02-03,62.62,2026-02-03,EFFR,3.64,3.6,3.63,3.64,3.68,107.0,3.5,3.75,,,,,,,,,,2026-02-03,,
2026-02-04,4947.11,5091.58,4855.07,4964.75,415737,0,30,97.43000030517578,97.7300033569336,97.30999755859376,97.62000274658205,97.62000274658205,0.0,0.0,0.0,2026-02-04,6924.5,6936.08984375,6838.7998046875,6882.72021484375,6882.72021484375,7475750000.0,0.0,0.0,2026-02-04,64.56,2026-02-04,EFFR,3.64,3.6,3.63,3.64,3.66,109.0,3.5,3.75,,,,,,,,,,2026-02-04,,
2026-02-05,4977.44,5023.73,4760.05,4779.55,534722,0,30,97.66999816894533,97.98999786376952,97.61000061035156,97.81999969482422,97.81999969482422,0.0,0.0,0.0,2026-02-05,6837.39013671875,6857.85009765625,6780.1298828125,6798.39990234375,6798.39990234375,6989120000.0,0.0,0.0,2026-02-05,62.9,2026-02-05,EFFR,3.64,3.6,3.63,3.64,3.66,110.0,3.5,3.75,,,,,,,,,,2026-02-05,,
2026-02-06,4790.02,4971.09,4654.54,4967.36,402372,0,30,97.9499969482422,97.9499969482422,97.55999755859376,97.62999725341795,97.62999725341795,0.0,0.0,0.0,2026-02-06,6816.740234375,6944.89013671875,6816.740234375,6932.2998046875,6932.2998046875,6283680000.0,0.0,0.0,2026-02-06,63.77,2026-02-06,EFFR,3.64,3.6,3.63,3.64,3.68,106.0,3.5,3.75,,,,,,,,,,2026-02-06,,
2026-02-09,4980.52,5086.22,4964.46,5058.41,330526,0,30,97.6999969482422,97.76000213623048,96.79000091552734,96.81999969482422,96.81999969482422,0.0,0.0,0.0,2026-02-09,6917.259765625,6980.10009765625,6905.8701171875,6964.81982421875,6964.81982421875,5650260000.0,0.0,0.0,2026-02-09,64.53,2026-02-09,EFFR,3.64,3.6,3.63,3.64,3.68,92.0,3.5,3.75,,,,,,,,,,2026-02-09,,
2026-02-10,5059.97,5078.47,4987.69,5025.21,309432,0,30,97.0,97.01000213623048,96.61000061035156,96.8000030517578,96.8000030517578,0.0,0.0,0.0,2026-02-10,6974.490234375,6986.830078125,6937.52978515625,6941.81005859375,6941.81005859375,5595950000.0,0.0,0.0,2026-02-10,64.2,2026-02-10,EFFR,3.64,3.6,3.63,3.64,3.66,104.0,3.5,3.75,,,,,,,,,,2026-02-10,,
2026-02-11,5026.24,5118.96,5018.56,5084.25,329439,0,30,,,,,,,,,,,,,,,,,,,64.8,2026-02-11,EFFR,3.64,3.6,3.63,3.64,3.68,101.0,3.5,3.75,,,,,,,,,,2026-02-11,,
2026-02-12,5085.08,5099.92,4878.5,4921.49,374271,0,30,,,,,,,,,,,,,,,,,,,,,EFFR,3.64,3.6,3.63,3.64,3.68,97.0,3.5,3.75,,,,,,,,,,2026-02-12,,
2026-02-13,4923.54,5045.91,4887.33,5041.88,371928,0,30,,,,,,,,,,,,,,,,,,,,,EFFR,3.64,3.6,3.63,3.64,3.68,90.0,3.5,3.75,,,,,,,,,,2026-02-13,,
2026-02-16,5028.25,5052.14,4965.17,4991.64,186510,0,30,,,,,,,,,,,,,,,,,,,,,,,,,,,,,,,,,,,,,,,,,
2026-02-17,4995.58,5000.87,4841.63,4877.12,344943,0,30,,,,,,,,,,,,,,,,,,,,,EFFR,3.64,3.6,3.63,3.64,3.68,97.0,3.5,3.75,,,,,,,,,,2026-02-17,,
2026-02-18,4865.96,5010.75,4854.1,4977.07,249266,0,30,,,,,,,,,,,,,,,,,,,,,EFFR,3.64,3.6,3.63,3.64,3.68,104.0,3.5,3.75,,,,,,,,,,2026-02-18,,
